/* SPDX-License-Identifier: GPL-3.0-only */
/* Generated by tools/generate_shell_art.py; do not edit pixels by hand.
 * Original TPMJB K-UI artwork: resources/branding/README.md.
 * Artwork uses 0xf81f for fully transparent pixels; skip those on draw.
 * Antialiased icon edges are precomposed against panel #121A31.
 * Brand edges use navy #080F23; the original matte/padding is removed. */
#ifndef KUI_SHELL_ART_INC
#define KUI_SHELL_ART_INC
#include <stdint.h>
#define KUI_ART_TRANSPARENT 0xf81fu
#define KUI_ART_BRAND_WIDTH 128u
#define KUI_ART_BRAND_HEIGHT 64u
#define KUI_ART_ICON_WIDTH 128u
#define KUI_ART_ICON_HEIGHT 128u
#define KUI_ART_SMALL_ICON_WIDTH 24u
#define KUI_ART_SMALL_ICON_HEIGHT 24u
#define KUI_ART_ICON_COUNT 3u

static const uint16_t kui_art_brand[128 * 64] = {
    0xf81f,0xf81f,0xf81f,0xf81f,0xf81f,0xf81f,0xf81f,0xf81f,0xf81f,0xf81f,0xf81f,0xf81f,0xf81f,0xf81f,0xf81f,0xf81f,
    0xf81f,0xf81f,0xf81f,0xf81f,0xf81f,0xf81f,0xf81f,0xf81f,0xf81f,0xf81f,0xf81f,0xf81f,0xf81f,0xf81f,0xf81f,0xf81f,
    0xf81f,0xf81f,0xf81f,0xf81f,0xf81f,0xf81f,0xf81f,0xf81f,0xf81f,0xf81f,0xf81f,0xf81f,0xf81f,0xf81f,0xf81f,0xf81f,
    0xf81f,0xf81f,0xf81f,0xf81f,0xf81f,0xf81f,0xf81f,0xf81f,0xf81f,0xf81f,0xf81f,0xf81f,0xf81f,0xf81f,0xf81f,0xf81f,
    0xf81f,0xf81f,0xf81f,0xf81f,0xf81f,0xf81f,0xf81f,0xf81f,0xf81f,0xf81f,0xf81f,0xf81f,0xf81f,0xf81f,0xf81f,0xf81f,
    0xf81f,0xf81f,0xf81f,0xf81f,0xf81f,0xf81f,0xf81f,0xf81f,0xf81f,0xf81f,0xf81f,0xf81f,0xf81f,0xf81f,0xf81f,0xf81f,
    0xf81f,0xf81f,0xf81f,0xf81f,0xf81f,0xf81f,0xf81f,0xf81f,0xf81f,0xf81f,0xf81f,0xf81f,0xf81f,0xf81f,0xf81f,0xf81f,
    0xf81f,0xf81f,0xf81f,0xf81f,0xf81f,0xf81f,0xf81f,0xf81f,0xf81f,0xf81f,0xf81f,0xf81f,0xf81f,0xf81f,0xf81f,0xf81f,
    0xf81f,0xf81f,0xf81f,0xf81f,0xf81f,0xf81f,0xf81f,0xf81f,0xf81f,0xf81f,0xf81f,0xf81f,0xf81f,0xf81f,0xf81f,0xf81f,
    0xf81f,0xf81f,0xf81f,0xf81f,0xf81f,0xf81f,0xf81f,0xf81f,0xf81f,0xf81f,0xf81f,0xf81f,0xf81f,0xf81f,0xf81f,0xf81f,
    0xf81f,0xf81f,0xf81f,0xf81f,0xf81f,0xf81f,0xf81f,0xf81f,0xf81f,0xf81f,0xf81f,0xf81f,0xf81f,0xf81f,0xf81f,0xf81f,
    0xf81f,0xf81f,0xf81f,0xf81f,0xf81f,0xf81f,0xf81f,0xf81f,0xf81f,0xf81f,0xf81f,0xf81f,0xf81f,0xf81f,0xf81f,0xf81f,
    0xf81f,0xf81f,0xf81f,0xf81f,0xf81f,0xf81f,0xf81f,0xf81f,0xf81f,0xf81f,0xf81f,0xf81f,0xf81f,0xf81f,0xf81f,0xf81f,
    0xf81f,0xf81f,0xf81f,0xf81f,0xf81f,0xf81f,0xf81f,0xf81f,0xf81f,0xf81f,0xf81f,0xf81f,0xf81f,0xf81f,0xf81f,0xf81f,
    0xf81f,0xf81f,0xf81f,0xf81f,0xf81f,0xf81f,0xf81f,0xf81f,0xf81f,0xf81f,0xf81f,0xf81f,0xf81f,0xf81f,0xf81f,0xf81f,
    0xf81f,0xf81f,0xf81f,0xf81f,0xf81f,0xf81f,0xf81f,0xf81f,0xf81f,0xf81f,0xf81f,0xf81f,0xf81f,0xf81f,0xf81f,0xf81f,
    0xf81f,0xf81f,0xf81f,0xf81f,0xf81f,0xf81f,0xf81f,0xf81f,0xf81f,0xf81f,0xf81f,0xf81f,0xf81f,0xf81f,0xf81f,0xf81f,
    0xf81f,0xf81f,0xf81f,0xf81f,0xf81f,0xf81f,0xf81f,0xf81f,0xf81f,0xf81f,0xf81f,0xf81f,0xf81f,0xf81f,0xf81f,0xf81f,
    0xf81f,0xf81f,0xf81f,0xf81f,0xf81f,0xf81f,0xf81f,0xf81f,0xf81f,0xf81f,0xf81f,0xf81f,0xf81f,0xf81f,0xf81f,0xf81f,
    0xf81f,0xf81f,0xf81f,0xf81f,0xf81f,0xf81f,0xf81f,0xf81f,0xf81f,0xf81f,0xf81f,0xf81f,0xf81f,0xf81f,0xf81f,0xf81f,
    0xf81f,0xf81f,0xf81f,0xf81f,0xf81f,0xf81f,0xf81f,0xf81f,0xf81f,0xf81f,0xf81f,0xf81f,0xf81f,0xf81f,0xf81f,0xf81f,
    0xf81f,0xf81f,0xf81f,0xf81f,0xf81f,0xf81f,0xf81f,0xf81f,0xf81f,0xf81f,0xf81f,0xf81f,0xf81f,0xf81f,0xf81f,0xf81f,
    0xf81f,0xf81f,0xf81f,0xf81f,0xf81f,0xf81f,0xf81f,0xf81f,0xf81f,0xf81f,0xf81f,0xf81f,0xf81f,0xf81f,0xf81f,0xf81f,
    0xf81f,0xf81f,0xf81f,0xf81f,0xf81f,0xf81f,0xf81f,0xf81f,0xf81f,0xf81f,0xf81f,0xf81f,0xf81f,0xf81f,0xf81f,0xf81f,
    0xf81f,0xf81f,0xf81f,0xf81f,0xf81f,0xf81f,0xf81f,0xf81f,0xf81f,0xf81f,0xf81f,0xf81f,0xf81f,0xf81f,0xf81f,0xf81f,
    0xf81f,0xf81f,0xf81f,0xf81f,0xf81f,0xf81f,0xf81f,0xf81f,0xf81f,0xf81f,0xf81f,0xf81f,0xf81f,0xf81f,0xf81f,0xf81f,
    0xf81f,0xf81f,0xf81f,0xf81f,0xf81f,0xf81f,0xf81f,0xf81f,0xf81f,0xf81f,0xf81f,0xf81f,0xf81f,0xf81f,0xf81f,0xf81f,
    0xf81f,0xf81f,0xf81f,0xf81f,0xf81f,0xf81f,0xf81f,0xf81f,0xf81f,0xf81f,0xf81f,0xf81f,0xf81f,0xf81f,0xf81f,0xf81f,
    0xf81f,0xf81f,0xf81f,0xf81f,0xf81f,0xf81f,0xf81f,0xf81f,0xf81f,0xf81f,0xf81f,0xf81f,0xf81f,0xf81f,0xf81f,0xf81f,
    0xf81f,0xf81f,0xf81f,0xf81f,0xf81f,0xf81f,0xf81f,0xf81f,0xf81f,0xf81f,0xf81f,0xf81f,0xf81f,0xf81f,0xf81f,0xf81f,
    0xf81f,0xf81f,0xf81f,0xf81f,0xf81f,0xf81f,0xf81f,0xf81f,0xf81f,0xf81f,0xf81f,0xf81f,0xf81f,0xf81f,0xf81f,0xf81f,
    0xf81f,0xf81f,0xf81f,0xf81f,0xf81f,0xf81f,0xf81f,0xf81f,0xf81f,0xf81f,0xf81f,0xf81f,0xf81f,0xf81f,0xf81f,0xf81f,
    0xf81f,0xf81f,0xf81f,0xf81f,0xf81f,0xf81f,0xf81f,0xf81f,0xf81f,0xf81f,0xf81f,0xf81f,0xf81f,0xf81f,0xf81f,0xf81f,
    0xf81f,0xf81f,0xf81f,0xf81f,0xf81f,0xf81f,0xf81f,0xf81f,0xf81f,0xf81f,0xf81f,0xf81f,0xf81f,0xf81f,0xf81f,0xf81f,
    0xf81f,0xf81f,0xf81f,0xf81f,0xf81f,0xf81f,0xf81f,0xf81f,0xf81f,0xf81f,0xf81f,0xf81f,0xf81f,0xf81f,0xf81f,0xf81f,
    0xf81f,0xf81f,0xf81f,0xf81f,0xf81f,0xf81f,0xf81f,0xf81f,0xf81f,0xf81f,0xf81f,0xf81f,0xf81f,0xf81f,0xf81f,0xf81f,
    0xf81f,0xf81f,0xf81f,0xf81f,0xf81f,0xf81f,0xf81f,0xf81f,0xf81f,0xf81f,0xf81f,0xf81f,0xf81f,0xf81f,0xf81f,0xf81f,
    0xf81f,0xf81f,0xf81f,0xf81f,0xf81f,0xf81f,0xf81f,0xf81f,0xf81f,0xf81f,0xf81f,0xf81f,0xf81f,0xf81f,0xf81f,0xf81f,
    0xf81f,0xf81f,0xf81f,0xf81f,0xf81f,0xf81f,0xf81f,0xf81f,0xf81f,0xf81f,0xf81f,0xf81f,0xf81f,0xf81f,0xf81f,0xf81f,
    0xf81f,0xf81f,0xf81f,0xf81f,0xf81f,0xf81f,0xf81f,0xf81f,0xf81f,0xf81f,0xf81f,0xf81f,0xf81f,0xf81f,0xf81f,0xf81f,
    0xf81f,0xf81f,0xf81f,0xf81f,0xf81f,0xf81f,0xf81f,0xf81f,0xf81f,0xf81f,0xf81f,0xf81f,0xf81f,0xf81f,0xf81f,0xf81f,
    0xf81f,0xf81f,0xf81f,0xf81f,0xf81f,0xf81f,0xf81f,0xf81f,0xf81f,0xf81f,0xf81f,0xf81f,0xf81f,0xf81f,0xf81f,0xf81f,
    0xf81f,0xf81f,0xf81f,0xf81f,0xf81f,0xf81f,0xf81f,0xf81f,0xf81f,0xf81f,0xf81f,0xf81f,0xf81f,0xf81f,0xf81f,0xf81f,
    0xf81f,0xf81f,0xf81f,0xf81f,0xf81f,0xf81f,0xf81f,0xf81f,0xf81f,0xf81f,0xf81f,0xf81f,0xf81f,0xf81f,0xf81f,0xf81f,
    0xf81f,0xf81f,0xf81f,0xf81f,0xf81f,0xf81f,0xf81f,0xf81f,0xf81f,0xf81f,0xf81f,0xf81f,0xf81f,0xf81f,0xf81f,0xf81f,
    0xf81f,0xf81f,0xf81f,0xf81f,0xf81f,0xf81f,0xf81f,0xf81f,0xf81f,0xf81f,0xf81f,0xf81f,0xf81f,0xf81f,0xf81f,0xf81f,
    0xf81f,0xf81f,0xf81f,0xf81f,0xf81f,0xf81f,0xf81f,0xf81f,0xf81f,0xf81f,0xf81f,0xf81f,0xf81f,0xf81f,0xf81f,0xf81f,
    0xf81f,0xf81f,0xf81f,0xf81f,0xf81f,0xf81f,0xf81f,0xf81f,0xf81f,0xf81f,0xf81f,0xf81f,0xf81f,0xf81f,0xf81f,0xf81f,
    0xf81f,0xf81f,0xf81f,0xf81f,0xf81f,0xf81f,0xf81f,0xf81f,0xf81f,0xf81f,0xf81f,0xf81f,0xf81f,0xf81f,0xf81f,0xf81f,
    0xf81f,0xf81f,0xf81f,0xf81f,0xf81f,0xf81f,0xf81f,0xf81f,0xf81f,0xf81f,0xf81f,0xf81f,0xf81f,0xf81f,0xf81f,0xf81f,
    0xf81f,0xf81f,0xf81f,0xf81f,0xf81f,0xf81f,0xf81f,0xf81f,0xf81f,0xf81f,0xf81f,0xf81f,0xf81f,0xf81f,0xf81f,0xf81f,
    0xf81f,0xf81f,0xf81f,0xf81f,0xf81f,0xf81f,0xf81f,0xf81f,0xf81f,0xf81f,0xf81f,0xf81f,0xf81f,0xf81f,0xf81f,0xf81f,
    0xf81f,0xf81f,0xf81f,0xf81f,0xf81f,0xf81f,0xf81f,0xf81f,0xf81f,0xf81f,0xf81f,0xf81f,0xf81f,0xf81f,0xf81f,0xf81f,
    0xf81f,0xf81f,0xf81f,0xf81f,0xf81f,0xf81f,0xf81f,0xf81f,0xf81f,0xf81f,0xf81f,0xf81f,0xf81f,0xf81f,0xf81f,0xf81f,
    0xf81f,0xf81f,0xf81f,0xf81f,0xf81f,0xf81f,0xf81f,0xf81f,0xf81f,0xf81f,0xf81f,0xf81f,0xf81f,0xf81f,0xf81f,0xf81f,
    0xf81f,0xf81f,0xf81f,0xf81f,0xf81f,0xf81f,0xf81f,0xf81f,0xf81f,0xf81f,0xf81f,0xf81f,0xf81f,0xf81f,0xf81f,0xf81f,
    0xf81f,0xf81f,0xf81f,0xf81f,0xf81f,0xf81f,0xf81f,0xf81f,0xf81f,0xf81f,0xf81f,0xf81f,0xf81f,0xf81f,0xf81f,0xf81f,
    0xf81f,0xf81f,0xf81f,0xf81f,0xf81f,0xf81f,0xf81f,0xf81f,0xf81f,0xf81f,0xf81f,0xf81f,0xf81f,0xf81f,0xf81f,0xf81f,
    0xf81f,0xf81f,0xf81f,0xf81f,0xf81f,0xf81f,0xf81f,0xf81f,0xf81f,0xf81f,0xf81f,0xf81f,0xf81f,0xf81f,0xf81f,0xf81f,
    0xf81f,0xf81f,0xf81f,0xf81f,0xf81f,0xf81f,0xf81f,0xf81f,0xf81f,0xf81f,0xf81f,0xf81f,0xf81f,0xf81f,0xf81f,0xf81f,
    0xf81f,0xf81f,0xf81f,0xf81f,0xf81f,0xf81f,0xf81f,0xf81f,0xf81f,0xf81f,0xf81f,0xf81f,0xf81f,0xf81f,0xf81f,0xf81f,
    0xf81f,0xf81f,0xf81f,0xf81f,0xf81f,0xf81f,0xf81f,0xf81f,0xf81f,0xf81f,0xf81f,0xf81f,0xf81f,0xf81f,0xf81f,0xf81f,
    0xf81f,0xf81f,0xf81f,0xf81f,0xf81f,0xf81f,0xf81f,0xf81f,0xf81f,0xf81f,0xf81f,0xf81f,0xf81f,0xf81f,0xf81f,0xf81f,
    0xf81f,0xf81f,0xf81f,0xf81f,0xf81f,0xf81f,0xf81f,0xf81f,0xf81f,0xf81f,0xf81f,0xf81f,0xf81f,0xf81f,0xf81f,0xf81f,
    0xf81f,0xf81f,0xf81f,0xf81f,0xf81f,0xf81f,0xf81f,0xf81f,0xf81f,0xf81f,0xf81f,0xf81f,0xf81f,0xf81f,0xf81f,0xf81f,
    0xf81f,0x0884,0x0884,0xf81f,0xf81f,0xf81f,0xf81f,0xf81f,0xf81f,0xf81f,0xf81f,0xf81f,0x0884,0xf81f,0xf81f,0xf81f,
    0xf81f,0xf81f,0xf81f,0xf81f,0xf81f,0xf81f,0xf81f,0xf81f,0xf81f,0xf81f,0xf81f,0xf81f,0xf81f,0xf81f,0xf81f,0xf81f,
    0xf81f,0xf81f,0xf81f,0xf81f,0xf81f,0xf81f,0xf81f,0xf81f,0xf81f,0xf81f,0xf81f,0xf81f,0xf81f,0xf81f,0xf81f,0xf81f,
    0xf81f,0xf81f,0xf81f,0xf81f,0xf81f,0xf81f,0xf81f,0xf81f,0xf81f,0xf81f,0xf81f,0xf81f,0xf81f,0xf81f,0xf81f,0xf81f,
    0xf81f,0xf81f,0xf81f,0xf81f,0xf81f,0xf81f,0xf81f,0xf81f,0xf81f,0xf81f,0xf81f,0xf81f,0xf81f,0xf81f,0xf81f,0xf81f,
    0xf81f,0xf81f,0xf81f,0xf81f,0xf81f,0xf81f,0xf81f,0xf81f,0xf81f,0xf81f,0xf81f,0xf81f,0xf81f,0xf81f,0xf81f,0xf81f,
    0xf81f,0xf81f,0xf81f,0xf81f,0xf81f,0xf81f,0xf81f,0xf81f,0xf81f,0xf81f,0xf81f,0xf81f,0xf81f,0xf81f,0xf81f,0xf81f,
    0xf81f,0xf81f,0xf81f,0xf81f,0xf81f,0xf81f,0xf81f,0xf81f,0xf81f,0xf81f,0xf81f,0xf81f,0xf81f,0x0884,0x0884,0x0884,
    0x0884,0xf81f,0xf81f,0x08a5,0x11a8,0x1b0d,0x2bf1,0x2c73,0x2c32,0x234e,0x11a8,0xf81f,0xf81f,0x0884,0xf81f,0x0884,
    0xf81f,0xf81f,0xf81f,0xf81f,0xf81f,0xf81f,0xf81f,0xf81f,0xf81f,0xf81f,0xf81f,0xf81f,0xf81f,0xf81f,0xf81f,0xf81f,
    0xf81f,0xf81f,0xf81f,0xf81f,0xf81f,0xf81f,0xf81f,0xf81f,0xf81f,0xf81f,0xf81f,0xf81f,0xf81f,0xf81f,0xf81f,0xf81f,
    0xf81f,0xf81f,0xf81f,0xf81f,0xf81f,0xf81f,0xf81f,0xf81f,0xf81f,0xf81f,0xf81f,0xf81f,0xf81f,0xf81f,0xf81f,0xf81f,
    0xf81f,0xf81f,0xf81f,0xf81f,0xf81f,0xf81f,0xf81f,0xf81f,0xf81f,0xf81f,0xf81f,0xf81f,0xf81f,0xf81f,0xf81f,0xf81f,
    0xf81f,0xf81f,0xf81f,0xf81f,0xf81f,0xf81f,0xf81f,0xf81f,0xf81f,0xf81f,0xf81f,0xf81f,0xf81f,0xf81f,0xf81f,0xf81f,
    0xf81f,0xf81f,0xf81f,0xf81f,0xf81f,0xf81f,0xf81f,0xf81f,0xf81f,0xf81f,0xf81f,0xf81f,0xf81f,0xf81f,0xf81f,0xf81f,
    0xf81f,0xf81f,0xf81f,0xf81f,0xf81f,0xf81f,0xf81f,0xf81f,0xf81f,0xf81f,0xf81f,0x0884,0x0884,0xf81f,0xf81f,0xf81f,
    0xf81f,0x08e6,0x1b2e,0x2c72,0x2452,0x23d0,0x238f,0x238f,0x2432,0x3556,0x3ebb,0x35f8,0x1a4b,0xf81f,0x0884,0xf81f,
    0x0884,0xf81f,0xf81f,0xf81f,0xf81f,0xf81f,0xf81f,0xf81f,0xf81f,0xf81f,0xf81f,0xf81f,0xf81f,0xf81f,0xf81f,0xf81f,
    0xf81f,0xf81f,0xf81f,0xf81f,0xf81f,0xf81f,0xf81f,0xf81f,0xf81f,0xf81f,0xf81f,0xf81f,0xf81f,0xf81f,0xf81f,0xf81f,
    0xf81f,0xf81f,0xf81f,0xf81f,0xf81f,0xf81f,0xf81f,0xf81f,0xf81f,0xf81f,0xf81f,0xf81f,0xf81f,0xf81f,0xf81f,0xf81f,
    0xf81f,0xf81f,0xf81f,0xf81f,0xf81f,0xf81f,0xf81f,0xf81f,0xf81f,0xf81f,0xf81f,0xf81f,0xf81f,0xf81f,0xf81f,0xf81f,
    0xf81f,0xf81f,0xf81f,0xf81f,0xf81f,0xf81f,0xf81f,0xf81f,0xf81f,0xf81f,0xf81f,0xf81f,0xf81f,0xf81f,0xf81f,0xf81f,
    0xf81f,0xf81f,0xf81f,0xf81f,0xf81f,0xf81f,0xf81f,0xf81f,0xf81f,0xf81f,0xf81f,0xf81f,0xf81f,0xf81f,0xf81f,0xf81f,
    0xf81f,0xf81f,0xf81f,0xf81f,0xf81f,0xf81f,0xf81f,0xf81f,0xf81f,0xf81f,0x0884,0xf81f,0xf81f,0x0927,0x232e,0x3556,
    0x3639,0x467a,0x475d,0x3e9a,0x3556,0x2c72,0x1acd,0x0906,0xf81f,0xf81f,0x0906,0x238f,0x471c,0x2390,0x0884,0x0947,
    0xf81f,0xf81f,0xf81f,0xf81f,0xf81f,0xf81f,0xf81f,0xf81f,0xf81f,0xf81f,0xf81f,0xf81f,0xf81f,0xf81f,0xf81f,0xf81f,
    0xf81f,0xf81f,0xf81f,0xf81f,0xf81f,0xf81f,0xf81f,0xf81f,0xf81f,0xf81f,0xf81f,0xf81f,0xf81f,0xf81f,0xf81f,0xf81f,
    0xf81f,0xf81f,0xf81f,0xf81f,0xf81f,0xf81f,0xf81f,0xf81f,0xf81f,0xf81f,0xf81f,0xf81f,0xf81f,0xf81f,0xf81f,0xf81f,
    0xf81f,0xf81f,0xf81f,0xf81f,0xf81f,0xf81f,0xf81f,0xf81f,0xf81f,0xf81f,0xf81f,0xf81f,0xf81f,0xf81f,0xf81f,0xf81f,
    0xf81f,0xf81f,0xf81f,0xf81f,0xf81f,0xf81f,0xf81f,0xf81f,0xf81f,0xf81f,0xf81f,0xf81f,0xf81f,0xf81f,0xf81f,0xf81f,
    0xf81f,0xf81f,0xf81f,0xf81f,0xf81f,0xf81f,0xf81f,0xf81f,0xf81f,0xf81f,0xf81f,0xf81f,0xf81f,0xf81f,0xf81f,0xf81f,
    0xf81f,0xf81f,0xf81f,0xf81f,0xf81f,0xf81f,0xf81f,0xf81f,0xf81f,0x0884,0xf81f,0x1147,0x2cb3,0x46bb,0x3db7,0x2c11,
    0x1aed,0x11e9,0x0927,0x1127,0x11a8,0x1a6b,0x1aed,0x1acd,0x11e9,0x08a5,0xf81f,0xf81f,0x11a8,0x4f3d,0x1aac,0x1aed,
    0x0967,0xf81f,0x0884,0xf81f,0xf81f,0xf81f,0xf81f,0xf81f,0xf81f,0xf81f,0xf81f,0xf81f,0xf81f,0xf81f,0xf81f,0xf81f,
    0xf81f,0xf81f,0xf81f,0xf81f,0xf81f,0xf81f,0xf81f,0xf81f,0xf81f,0xf81f,0xf81f,0xf81f,0xf81f,0xf81f,0xf81f,0xf81f,
    0xf81f,0xf81f,0xf81f,0xf81f,0xf81f,0xf81f,0xf81f,0xf81f,0xf81f,0xf81f,0xf81f,0xf81f,0xf81f,0xf81f,0xf81f,0xf81f,
    0xf81f,0xf81f,0xf81f,0xf81f,0xf81f,0xf81f,0xf81f,0xf81f,0xf81f,0xf81f,0xf81f,0xf81f,0xf81f,0xf81f,0xf81f,0xf81f,
    0xf81f,0xf81f,0xf81f,0xf81f,0xf81f,0xf81f,0xf81f,0xf81f,0xf81f,0xf81f,0xf81f,0xf81f,0xf81f,0xf81f,0xf81f,0xf81f,
    0xf81f,0xf81f,0xf81f,0xf81f,0xf81f,0xf81f,0xf81f,0xf81f,0xf81f,0xf81f,0xf81f,0xf81f,0xf81f,0xf81f,0xf81f,0xf81f,
    0xf81f,0xf81f,0xf81f,0xf81f,0xf81f,0xf81f,0xf81f,0x0884,0x0884,0xf81f,0x232e,0x3df8,0x2c32,0x0927,0xf81f,0xf81f,
    0xf81f,0xf81f,0xf81f,0xf81f,0xf81f,0xf81f,0xf81f,0xf81f,0x08a5,0x0884,0x0884,0x0884,0xf81f,0x234e,0x3dd8,0x1aed,
    0x23b0,0xf81f,0x0884,0xf81f,0xf81f,0xf81f,0xf81f,0xf81f,0xf81f,0xf81f,0xf81f,0xf81f,0xf81f,0xf81f,0xf81f,0xf81f,
    0xf81f,0xf81f,0xf81f,0xf81f,0xf81f,0xf81f,0xf81f,0xf81f,0xf81f,0xf81f,0xf81f,0xf81f,0xf81f,0xf81f,0xf81f,0xf81f,
    0xf81f,0xf81f,0xf81f,0xf81f,0xf81f,0xf81f,0xf81f,0xf81f,0xf81f,0xf81f,0xf81f,0xf81f,0xf81f,0xf81f,0xf81f,0xf81f,
    0xf81f,0xf81f,0xf81f,0xf81f,0xf81f,0xf81f,0xf81f,0xf81f,0xf81f,0xf81f,0xf81f,0xf81f,0xf81f,0xf81f,0xf81f,0xf81f,
    0xf81f,0xf81f,0xf81f,0xf81f,0xf81f,0xf81f,0xf81f,0xf81f,0xf81f,0xf81f,0xf81f,0xf81f,0xf81f,0xf81f,0xf81f,0xf81f,
    0xf81f,0xf81f,0xf81f,0xf81f,0xf81f,0xf81f,0xf81f,0xf81f,0xf81f,0xf81f,0xf81f,0xf81f,0xf81f,0xf81f,0xf81f,0xf81f,
    0xf81f,0xf81f,0xf81f,0xf81f,0xf81f,0xf81f,0x0884,0x0884,0xf81f,0x2bd0,0x2411,0x1127,0xf81f,0x0906,0x0906,0x08a5,
    0x0884,0x0884,0x0884,0x0884,0x0884,0x0884,0x0884,0x0884,0xf81f,0xf81f,0xf81f,0x0884,0x0884,0x08c5,0x3dd8,0x2c93,
    0x2c73,0xf81f,0x0884,0xf81f,0xf81f,0xf81f,0xf81f,0xf81f,0xf81f,0xf81f,0xf81f,0xf81f,0xf81f,0xf81f,0xf81f,0xf81f,
    0xf81f,0xf81f,0xf81f,0xf81f,0xf81f,0xf81f,0xf81f,0xf81f,0xf81f,0xf81f,0xf81f,0xf81f,0xf81f,0xf81f,0xf81f,0xf81f,
    0xf81f,0xf81f,0xf81f,0xf81f,0xf81f,0xf81f,0xf81f,0xf81f,0xf81f,0xf81f,0xf81f,0xf81f,0xf81f,0xf81f,0xf81f,0xf81f,
    0xf81f,0xf81f,0xf81f,0xf81f,0xf81f,0xf81f,0xf81f,0xf81f,0xf81f,0xf81f,0xf81f,0xf81f,0xf81f,0xf81f,0xf81f,0xf81f,
    0xf81f,0xf81f,0xf81f,0xf81f,0xf81f,0xf81f,0xf81f,0xf81f,0xf81f,0xf81f,0xf81f,0xf81f,0xf81f,0xf81f,0xf81f,0xf81f,
    0xf81f,0xf81f,0xf81f,0xf81f,0xf81f,0xf81f,0xf81f,0xf81f,0xf81f,0xf81f,0xf81f,0xf81f,0xf81f,0xf81f,0xf81f,0xf81f,
    0xf81f,0xf81f,0xf81f,0xf81f,0xf81f,0xf81f,0x0884,0xf81f,0x236f,0x2cb4,0x2bf1,0x3e39,0x3df8,0x34d4,0x232e,0x1188,
    0x0884,0xf81f,0xf81f,0x0884,0xf81f,0xf81f,0x0884,0xf81f,0x0884,0x0884,0x0884,0x0884,0x0947,0x1acd,0x3e39,0x471c,
    0x232e,0xf81f,0x0884,0xf81f,0xf81f,0xf81f,0xf81f,0xf81f,0xf81f,0xf81f,0xf81f,0xf81f,0xf81f,0xf81f,0xf81f,0xf81f,
    0xf81f,0xf81f,0xf81f,0xf81f,0xf81f,0xf81f,0xf81f,0xf81f,0xf81f,0xf81f,0xf81f,0xf81f,0xf81f,0xf81f,0xf81f,0xf81f,
    0xf81f,0xf81f,0xf81f,0xf81f,0xf81f,0xf81f,0xf81f,0xf81f,0xf81f,0xf81f,0xf81f,0xf81f,0xf81f,0xf81f,0xf81f,0xf81f,
    0xf81f,0xf81f,0xf81f,0xf81f,0xf81f,0xf81f,0xf81f,0xf81f,0xf81f,0xf81f,0xf81f,0xf81f,0xf81f,0xf81f,0xf81f,0xf81f,
    0xf81f,0xf81f,0xf81f,0xf81f,0xf81f,0xf81f,0xf81f,0xf81f,0xf81f,0xf81f,0xf81f,0xf81f,0xf81f,0xf81f,0xf81f,0xf81f,
    0xf81f,0xf81f,0xf81f,0xf81f,0xf81f,0xf81f,0xf81f,0xf81f,0xf81f,0xf81f,0xf81f,0xf81f,0xf81f,0xf81f,0xf81f,0xf81f,
    0xf81f,0xf81f,0xf81f,0xf81f,0xf81f,0x0884,0xf81f,0x122a,0x4fbe,0x46db,0x3535,0x1aac,0x0927,0xf81f,0xf81f,0xf81f,
    0xf81f,0xf81f,0x0884,0xf81f,0x08a4,0x11a8,0x08c5,0x0884,0xf81f,0xf81f,0xf81f,0xf81f,0xf81f,0x1a2b,0x4f5d,0x4639,
    0x0884,0x0884,0x0884,0xf81f,0xf81f,0xf81f,0xf81f,0xf81f,0xf81f,0xf81f,0xf81f,0xf81f,0xf81f,0xf81f,0xf81f,0xf81f,
    0xf81f,0xf81f,0xf81f,0xf81f,0xf81f,0xf81f,0xf81f,0xf81f,0xf81f,0xf81f,0xf81f,0xf81f,0xf81f,0xf81f,0xf81f,0xf81f,
    0xf81f,0xf81f,0xf81f,0xf81f,0xf81f,0xf81f,0xf81f,0xf81f,0xf81f,0xf81f,0xf81f,0xf81f,0xf81f,0xf81f,0xf81f,0xf81f,
    0xf81f,0xf81f,0xf81f,0xf81f,0xf81f,0xf81f,0xf81f,0xf81f,0xf81f,0xf81f,0xf81f,0xf81f,0xf81f,0xf81f,0xf81f,0xf81f,
    0xf81f,0xf81f,0xf81f,0xf81f,0xf81f,0xf81f,0xf81f,0xf81f,0xf81f,0xf81f,0xf81f,0xf81f,0xf81f,0xf81f,0xf81f,0xf81f,
    0xf81f,0xf81f,0xf81f,0xf81f,0xf81f,0xf81f,0xf81f,0xf81f,0xf81f,0xf81f,0xf81f,0xf81f,0xf81f,0xf81f,0xf81f,0xf81f,
    0xf81f,0xf81f,0xf81f,0xf81f,0x0884,0xf81f,0x1a8c,0x4f7e,0x2cd4,0x1127,0xf81f,0xf81f,0xf81f,0x0884,0x0884,0x0884,
    0xf81f,0x0884,0xf81f,0x1188,0x1b6f,0x0927,0xf81f,0xf81f,0x0884,0x0926,0x11a8,0x11e9,0x11c9,0x0906,0x1a0a,0x469b,
    0x120a,0xf81f,0xf81f,0x0884,0x0884,0xf81f,0xf81f,0xf81f,0xf81f,0xf81f,0xf81f,0xf81f,0xf81f,0xf81f,0xf81f,0xf81f,
    0xf81f,0xf81f,0xf81f,0xf81f,0xf81f,0xf81f,0xf81f,0xf81f,0xf81f,0xf81f,0xf81f,0xf81f,0xf81f,0xf81f,0xf81f,0xf81f,
    0xf81f,0xf81f,0xf81f,0xf81f,0xf81f,0xf81f,0xf81f,0xf81f,0xf81f,0xf81f,0xf81f,0xf81f,0xf81f,0xf81f,0xf81f,0xf81f,
    0xf81f,0xf81f,0xf81f,0xf81f,0xf81f,0xf81f,0xf81f,0xf81f,0xf81f,0xf81f,0xf81f,0xf81f,0xf81f,0xf81f,0xf81f,0xf81f,
    0xf81f,0xf81f,0xf81f,0xf81f,0xf81f,0xf81f,0xf81f,0xf81f,0xf81f,0xf81f,0xf81f,0xf81f,0xf81f,0xf81f,0xf81f,0xf81f,
    0xf81f,0xf81f,0xf81f,0xf81f,0xf81f,0xf81f,0xf81f,0xf81f,0xf81f,0xf81f,0xf81f,0xf81f,0xf81f,0xf81f,0xf81f,0xf81f,
    0xf81f,0xf81f,0xf81f,0x0884,0xf81f,0x1a2a,0x46db,0x1a8b,0xf81f,0x0906,0x08a5,0x0884,0xf81f,0xf81f,0xf81f,0x0884,
    0x0884,0xf81f,0x1aac,0x2c93,0x0927,0x0906,0x1b0e,0x34f5,0x3515,0x3556,0x3536,0x3536,0x3556,0x3576,0x3515,0x471c,
    0x473d,0x232e,0x0927,0xf81f,0xf81f,0x0884,0xf81f,0xf81f,0xf81f,0xf81f,0xf81f,0xf81f,0xf81f,0xf81f,0xf81f,0xf81f,
    0xf81f,0xf81f,0xf81f,0xf81f,0xf81f,0xf81f,0xf81f,0xf81f,0xf81f,0xf81f,0xf81f,0xf81f,0xf81f,0xf81f,0xf81f,0xf81f,
    0xf81f,0xf81f,0xf81f,0xf81f,0xf81f,0xf81f,0xf81f,0xf81f,0xf81f,0xf81f,0xf81f,0xf81f,0xf81f,0xf81f,0xf81f,0xf81f,
    0xf81f,0xf81f,0xf81f,0xf81f,0xf81f,0xf81f,0xf81f,0xf81f,0xf81f,0xf81f,0xf81f,0xf81f,0xf81f,0xf81f,0xf81f,0xf81f,
    0xf81f,0xf81f,0xf81f,0xf81f,0xf81f,0xf81f,0xf81f,0xf81f,0xf81f,0xf81f,0xf81f,0xf81f,0xf81f,0xf81f,0xf81f,0xf81f,
    0xf81f,0xf81f,0xf81f,0xf81f,0xf81f,0xf81f,0xf81f,0xf81f,0xf81f,0xf81f,0xf81f,0xf81f,0xf81f,0xf81f,0xf81f,0xf81f,
    0xf81f,0xf81f,0x0884,0x0884,0x08e6,0x34f5,0x1168,0x08e6,0x1acd,0x0988,0x0864,0xf81f,0x08c5,0x0884,0x0884,0xf81f,
    0xf81f,0x2c11,0x3dd8,0x1a6b,0x22ee,0x3df8,0x46fc,0x1a8c,0x0906,0x0884,0xf81f,0xf81f,0xf81f,0x0884,0x0927,0x1188,
    0x1acd,0x2c93,0x35d8,0x2c93,0x08a5,0xf81f,0x0884,0xf81f,0xf81f,0xf81f,0xf81f,0xf81f,0x0884,0x0884,0x0884,0x0884,
    0x0884,0x0884,0x0884,0x0884,0x0884,0xf81f,0xf81f,0xf81f,0xf81f,0xf81f,0xf81f,0xf81f,0xf81f,0xf81f,0x0884,0x08a4,
    0x0884,0x0884,0x0884,0x0884,0x0884,0x0884,0x0884,0x0884,0x0884,0x0864,0xf81f,0xf81f,0xf81f,0xf81f,0xf81f,0xf81f,
    0xf81f,0xf81f,0xf81f,0xf81f,0x0884,0x0884,0x0884,0x0884,0x0884,0x0884,0x0884,0x0884,0x0884,0xf81f,0xf81f,0xf81f,
    0xf81f,0xf81f,0xf81f,0xf81f,0xf81f,0xf81f,0xf81f,0xf81f,0xf81f,0x0884,0x0884,0x0884,0x0884,0x0884,0x0884,0x0884,
    0x0884,0x0884,0xf81f,0xf81f,0x0884,0x0884,0x0884,0x0884,0x0884,0x0884,0x0884,0x0884,0x0884,0xf81f,0xf81f,0xf81f,
    0xf81f,0xf81f,0x0884,0xf81f,0x11a8,0x0947,0x1188,0x2d15,0x23b0,0x2bf1,0x2c93,0x1b6f,0x11e9,0x08a5,0xf81f,0x0927,
    0x3db7,0x3db7,0x1a2a,0x122a,0x0106,0x3493,0x34f5,0xf81f,0xf81f,0xf81f,0xf81f,0xf81f,0xf81f,0xf81f,0xf81f,0xf81f,
    0xf81f,0xf81f,0x0926,0x3515,0x3e19,0x08c5,0x0884,0x0884,0xf81f,0xf81f,0xf81f,0xf81f,0xf81f,0xf81f,0xf81f,0xf81f,
    0xf81f,0xf81f,0xf81f,0xf81f,0xf81f,0xf81f,0xf81f,0xf81f,0xf81f,0xf81f,0xf81f,0xf81f,0x0884,0x0884,0xf81f,0xf81f,
    0xf81f,0xf81f,0xf81f,0xf81f,0xf81f,0xf81f,0xf81f,0xf81f,0xf81f,0xf81f,0xf81f,0xf81f,0xf81f,0xf81f,0xf81f,0xf81f,
    0xf81f,0xf81f,0xf81f,0xf81f,0xf81f,0xf81f,0xf81f,0xf81f,0xf81f,0xf81f,0xf81f,0xf81f,0xf81f,0xf81f,0xf81f,0xf81f,
    0xf81f,0xf81f,0xf81f,0xf81f,0xf81f,0xf81f,0xf81f,0xf81f,0xf81f,0xf81f,0xf81f,0xf81f,0xf81f,0xf81f,0xf81f,0xf81f,
    0xf81f,0xf81f,0xf81f,0xf81f,0xf81f,0xf81f,0xf81f,0xf81f,0xf81f,0xf81f,0xf81f,0xf81f,0xf81f,0xf81f,0xf81f,0xf81f,
    0xf81f,0xf81f,0xf81f,0x0884,0xf81f,0x1188,0x4f7e,0x4f7d,0x3e59,0x2c52,0x1a2b,0x0864,0xf81f,0xf81f,0x1b0d,0x3e39,
    0x2bd0,0xf81f,0xf81f,0x50ab,0x504c,0x1aed,0x46db,0x08a5,0x0884,0x0884,0xf81f,0xf81f,0xf81f,0xf81f,0x0884,0x0884,
    0x0884,0x08a4,0xf81f,0xf81f,0x4efc,0x2c32,0xf81f,0x0884,0xf81f,0xf81f,0x0884,0xf81f,0x2988,0x8452,0x8c52,0x8c93,
    0x8c93,0x8c93,0x8c93,0x8c72,0x7bd1,0x10a5,0xf81f,0x0884,0xf81f,0xf81f,0xf81f,0x0884,0x0884,0xf81f,0x4a6b,0x8432,
    0x7bf1,0x7bf1,0x7bf1,0x7c11,0x7c11,0x7c11,0x7bf1,0x8431,0x8c72,0x31a8,0xf81f,0x0884,0xf81f,0xf81f,0xf81f,0xf81f,
    0xf81f,0xf81f,0x0884,0xf81f,0x2167,0x8c72,0x8c52,0x8c73,0x8c73,0x8c93,0x8c73,0x8c72,0x7bf0,0x10c5,0xf81f,0x0884,
    0xf81f,0xf81f,0xf81f,0xf81f,0xf81f,0xf81f,0xf81f,0x0884,0xf81f,0x31a8,0x8c52,0x8452,0x8c93,0x8c93,0x8c73,0x8c73,
    0x8c72,0x73d0,0x10a5,0xf81f,0x31e9,0x8c72,0x8c52,0x8c73,0x8c73,0x8c73,0x8c72,0x8c93,0x632e,0xf81f,0x0884,0xf81f,
    0xf81f,0xf81f,0x0884,0xf81f,0x1a4b,0x57be,0x46bb,0x230d,0x08a4,0xf81f,0xf81f,0x0967,0x11c9,0x23d1,0x2c72,0x1147,
    0xf81f,0x48ab,0xb137,0xa134,0x60ae,0x10e6,0x46bb,0x1a6b,0x0884,0x0884,0x0864,0xf81f,0xf81f,0xf81f,0xf81f,0xf81f,
    0xf81f,0xf81f,0x0884,0xf81f,0x2c72,0x465a,0x0884,0xf81f,0x0884,0xf81f,0x0884,0xf81f,0x52ac,0xffff,0xffff,0xffff,
    0xffff,0xffff,0xffff,0xffff,0xf79e,0x1906,0xf81f,0x0884,0xf81f,0xf81f,0x0884,0xf81f,0xf81f,0x7bf0,0xffff,0xffff,
    0xffff,0xffff,0xffff,0xffff,0xffff,0xffff,0xffff,0xffdf,0x7bf0,0x10c5,0x0884,0xf81f,0xf81f,0xf81f,0xf81f,0xf81f,
    0xf81f,0xf81f,0x0884,0xf81f,0x4a6b,0xffff,0xffff,0xffff,0xffff,0xffff,0xffff,0xffff,0xffbe,0x1906,0xf81f,0x0884,
    0xf81f,0xf81f,0xf81f,0xf81f,0xf81f,0xf81f,0xf81f,0x0884,0xf81f,0x630d,0xffff,0xffff,0xffff,0xffff,0xffff,0xffff,
    0xffff,0xf77d,0x18e5,0xf81f,0x73af,0xffff,0xffff,0xffff,0xffff,0xffff,0xffff,0xffff,0xce59,0xf81f,0x0884,0xf81f,
    0xf81f,0x0884,0xf81f,0x1a2b,0x57be,0x3493,0x08a5,0xf81f,0x0906,0x23b0,0x2cd4,0x23b0,0x1b0d,0x11c9,0xf81f,0xf81f,
    0x0884,0x48cb,0x70cf,0x80f1,0xb157,0x2066,0x3535,0x34f4,0xf81f,0x0884,0xf81f,0x0884,0x0884,0x0884,0x0884,0x0884,
    0x0884,0x0884,0x0884,0x0884,0x11c9,0x4f7e,0x1188,0xf81f,0x0884,0xf81f,0x0884,0xf81f,0x4a8b,0xffdf,0xf7bf,0xf7bf,
    0xf7df,0xf7df,0xf7bf,0xffdf,0xe71c,0x1906,0xf81f,0x0884,0xf81f,0x0884,0xf81f,0x10c5,0xa535,0xffff,0xffff,0xf7bf,
    0xf7df,0xf7df,0xf7bf,0xf7bf,0xf7be,0xffff,0xc639,0x31a8,0xf81f,0xf81f,0xf81f,0xf81f,0xf81f,0xf81f,0xf81f,0xf81f,
    0xf81f,0xf81f,0x0884,0xf81f,0x4a4b,0xffdf,0xf7bf,0xf7bf,0xf7bf,0xf7bf,0xf7bf,0xffdf,0xe73c,0x1906,0xf81f,0x0884,
    0xf81f,0xf81f,0xf81f,0xf81f,0xf81f,0xf81f,0xf81f,0x0884,0xf81f,0x5acc,0xffdf,0xf7bf,0xf7bf,0xffdf,0xf7df,0xf7bf,
    0xffdf,0xdefb,0x10e5,0xf81f,0x6b6e,0xffdf,0xf7be,0xf7bf,0xf7df,0xf7df,0xf7bf,0xffdf,0xbdd7,0xf81f,0x0884,0xf81f,
    0x0884,0x0884,0x0906,0x4edb,0x2c11,0x126c,0x1188,0x3493,0x3e7a,0x2c73,0x11a8,0x0884,0xf81f,0xf81f,0xf81f,0xf81f,
    0xf81f,0x2066,0xb136,0x8112,0x28a8,0xf81f,0x1a2a,0x4f5d,0x120a,0x0884,0x0884,0xf81f,0xf81f,0xf81f,0xf81f,0xf81f,
    0xf81f,0xf81f,0xf81f,0xf81f,0x08a5,0x46db,0x234f,0xf81f,0x0884,0xf81f,0x0884,0xf81f,0x4a8b,0xffff,0xffff,0xffff,
    0xffff,0xffff,0xffdf,0xffff,0xe73c,0x1906,0xf81f,0x0884,0x0884,0xf81f,0x3188,0xce39,0xffff,0xf7bf,0xffff,0xffff,
    0xffff,0xffff,0xf7df,0xffff,0xffff,0x94d4,0x10a5,0xf81f,0x0884,0xf81f,0xf81f,0xf81f,0xf81f,0xf81f,0xf81f,0xf81f,
    0xf81f,0xf81f,0x0884,0xf81f,0x4a6b,0xffff,0xffdf,0xffdf,0xffff,0xffdf,0xffdf,0xffff,0xef5d,0x1906,0xf81f,0x0884,
    0xf81f,0xf81f,0xf81f,0xf81f,0xf81f,0xf81f,0xf81f,0x0884,0xf81f,0x5aed,0xffff,0xffdf,0xffdf,0xffff,0xffff,0xffdf,
    0xffff,0xe71c,0x10e5,0xf81f,0x6b6f,0xffff,0xf7df,0xffff,0xffff,0xffff,0xffdf,0xffff,0xbdf8,0xf81f,0x0884,0xf81f,
    0x0884,0xf81f,0x2c32,0x3493,0x2433,0x35f9,0x46db,0x3556,0x1167,0xf81f,0xf81f,0xf81f,0xf81f,0xf81f,0x08a5,0x0926,
    0x0927,0x18e7,0x1065,0xf81f,0xf81f,0x08c5,0xf81f,0x23f0,0x35b7,0x2c32,0x2c32,0x23f1,0x23f1,0x23b0,0x236f,0x22cd,
    0x1a6b,0x11c9,0x0947,0x08c5,0xf81f,0x34b3,0x3d76,0xf81f,0x0884,0xf81f,0x0884,0xf81f,0x4a8b,0xffff,0xffff,0xffff,
    0xffdf,0xffff,0xffdf,0xffff,0xe73c,0x18e6,0x0884,0x0884,0xf81f,0x52cd,0xef5d,0xffff,0xf7df,0xffff,0xffff,0xffff,
    0xffff,0xffdf,0xffff,0xef5d,0x632e,0xf81f,0xf81f,0x0884,0xf81f,0xf81f,0xf81f,0xf81f,0xf81f,0xf81f,0xf81f,0xf81f,
    0xf81f,0xf81f,0x0884,0xf81f,0x4a8b,0xffff,0xffdf,0xffff,0xffff,0xffff,0xffdf,0xffff,0xef5d,0x1906,0xf81f,0x0884,
    0xf81f,0xf81f,0xf81f,0xf81f,0xf81f,0xf81f,0xf81f,0x0884,0xf81f,0x5aed,0xffff,0xffdf,0xffff,0xffdf,0xffdf,0xffdf,
    0xffff,0xe71c,0x10e5,0xf81f,0x6b6e,0xffff,0xf7bf,0xffff,0xffdf,0xffff,0xffdf,0xffff,0xbdf8,0xf81f,0x0884,0xf81f,
    0xf81f,0x0906,0x236f,0x1a8c,0x2cb4,0x4f1c,0x2bf1,0xf81f,0xf81f,0x0884,0xf81f,0x0884,0x1aac,0x2cb4,0x3e18,0x3e7a,
    0x3e9a,0x46bb,0x3df8,0x2c32,0x1aac,0x0884,0xf81f,0xf81f,0xf81f,0xf81f,0xf81f,0x08c5,0x08e6,0x0926,0x11a8,0x232e,
    0x3df8,0x34f4,0x1aed,0x23b0,0x22ed,0x34b3,0x469b,0x0884,0x0884,0xf81f,0x0884,0xf81f,0x4a8b,0xffff,0xffdf,0xffff,
    0xffdf,0xffff,0xffdf,0xffff,0xe73c,0x1906,0xf81f,0xf81f,0x7bf1,0xffff,0xffff,0xffdf,0xffff,0xffff,0xffff,0xffdf,
    0xffdf,0xffff,0xce59,0x31c9,0xf81f,0x0884,0x0884,0x0884,0x0884,0x0884,0x0884,0x0884,0x0884,0x0884,0x0884,0x0884,
    0x0884,0x0884,0x0884,0xf81f,0x52ac,0xffff,0xffdf,0xffff,0xffff,0xffff,0xffff,0xffff,0xef5d,0x1906,0xf81f,0x0884,
    0xf81f,0xf81f,0xf81f,0xf81f,0xf81f,0xf81f,0xf81f,0x0884,0xf81f,0x5aed,0xffff,0xffdf,0xffff,0xffff,0xffff,0xffdf,
    0xffff,0xe71c,0x10e5,0xf81f,0x6b6f,0xffff,0xf7bf,0xffdf,0xffdf,0xffff,0xffdf,0xffff,0xbdf8,0xf81f,0x0884,0xf81f,
    0xf81f,0x08c5,0x0968,0x126b,0x45f8,0x2c72,0xf81f,0x08a5,0x0884,0x0884,0x11a9,0x2bd0,0x2bf1,0x1aac,0x11c9,0x1167,
    0x1147,0x11a9,0x230d,0x3e59,0x4f9e,0x2c73,0x1a8c,0x120a,0x11a8,0x1188,0x11a8,0x11a9,0x124a,0x1b0d,0x3472,0x2bf1,
    0x0906,0x1acc,0x2cf5,0x1168,0x1a2a,0x3515,0x46dc,0x08a4,0xf81f,0x0884,0x0884,0xf81f,0x4a8b,0xffff,0xffff,0xffdf,
    0xffff,0xffff,0xffdf,0xffff,0xef3d,0x10a5,0x10c5,0xad55,0xffff,0xffdf,0xffdf,0xffff,0xffdf,0xffff,0xffdf,0xffff,
    0xffff,0x94b3,0x10c5,0xf81f,0x0884,0xf81f,0xf81f,0xf81f,0xf81f,0xf81f,0xf81f,0xf81f,0xf81f,0xf81f,0xf81f,0xf81f,
    0xf81f,0xf81f,0x0884,0xf81f,0x52ac,0xffff,0xffdf,0xffdf,0xffff,0xffff,0xffdf,0xffff,0xef5d,0x1906,0xf81f,0x0884,
    0xf81f,0xf81f,0xf81f,0xf81f,0xf81f,0xf81f,0xf81f,0x0884,0xf81f,0x5aed,0xffff,0xffdf,0xffdf,0xffff,0xffff,0xffff,
    0xffff,0xe71c,0x10e5,0xf81f,0x6b6f,0xffff,0xf7df,0xffff,0xffff,0xffff,0xffdf,0xffff,0xbdf8,0xf81f,0x0884,0xf81f,
    0x0884,0xf81f,0x11a9,0x34d4,0x4639,0x0884,0x0884,0xf81f,0x08a5,0x08e6,0x120a,0x1188,0x236f,0x122b,0xf81f,0xf81f,
    0xf81f,0xf81f,0xf81f,0xf81f,0x1acc,0x3d35,0x3e18,0x3e7a,0x467a,0x3e7a,0x3e3a,0x3e19,0x3dd8,0x34d4,0x1a6b,0xf81f,
    0xf81f,0x0884,0x2bf1,0x2cb4,0xf81f,0x236f,0x2c12,0xf81f,0x0884,0xf81f,0x0884,0xf81f,0x4a8b,0xffff,0xffff,0xffff,
    0xffdf,0xffff,0xffdf,0xffff,0xdefc,0x3a09,0xce7a,0xffff,0xf7bf,0xffff,0xffff,0xffff,0xffdf,0xf7bf,0xffff,0xef5d,
    0x630d,0xf81f,0xf81f,0x0884,0x0864,0xf81f,0x2967,0x52cc,0x4a8c,0x528c,0x528c,0x52ac,0x528c,0x52ac,0x528c,0x528c,
    0x52ac,0x4a6b,0x10a5,0xf81f,0x52ac,0xffff,0xffdf,0xffdf,0xffdf,0xffdf,0xffff,0xffff,0xef5d,0x1906,0xf81f,0x0884,
    0xf81f,0xf81f,0xf81f,0xf81f,0xf81f,0xf81f,0xf81f,0x0884,0xf81f,0x5aed,0xffff,0xffdf,0xffdf,0xffff,0xffdf,0xffdf,
    0xffff,0xe71c,0x10e5,0xf81f,0x6b6f,0xffff,0xf7bf,0xffdf,0xffdf,0xffff,0xffdf,0xffff,0xbdf8,0xf81f,0x0884,0xf81f,
    0x0884,0xf81f,0x1aac,0x46fc,0x232e,0x0884,0xf81f,0x22cd,0x1aed,0x0884,0x0884,0x3536,0x2bf1,0x1a6b,0x08c5,0x0884,
    0x0884,0x0884,0x0884,0x0884,0xf81f,0xf81f,0xf81f,0x08a5,0x08e6,0x08e6,0x08c5,0x08a4,0xf81f,0xf81f,0xf81f,0x08c5,
    0x1a6b,0x1a6b,0x1aed,0x3515,0x1aac,0x2b8f,0x0884,0x0884,0xf81f,0xf81f,0x0884,0xf81f,0x4a8b,0xffff,0xffff,0xffdf,
    0xffdf,0xffdf,0xffff,0xffff,0xf79e,0xef7d,0xffff,0xf7df,0xffff,0xffff,0xffff,0xffdf,0xffff,0xffff,0xc639,0x31c9,
    0xf81f,0x0884,0x0884,0xf81f,0x0884,0xf81f,0x7bf1,0xffff,0xffdf,0xffdf,0xffdf,0xffdf,0xffdf,0xffdf,0xffdf,0xffdf,
    0xffff,0xe71c,0x2127,0xf81f,0x52ac,0xffff,0xffdf,0xffdf,0xffff,0xffdf,0xffff,0xffff,0xef5d,0x1906,0xf81f,0x0884,
    0xf81f,0xf81f,0xf81f,0xf81f,0xf81f,0xf81f,0xf81f,0x0884,0xf81f,0x5aed,0xffff,0xffdf,0xffff,0xffdf,0xffff,0xffdf,
    0xffff,0xe6fc,0x10c5,0xf81f,0x6b6f,0xffff,0xf7bf,0xffdf,0xffff,0xffff,0xffdf,0xffff,0xbdf8,0xf81f,0x0884,0xf81f,
    0x0884,0xf81f,0x1a4b,0x46bb,0x0926,0xf81f,0x2c93,0x3515,0x08c5,0xf81f,0x1a4b,0x3db7,0xf81f,0xf81f,0x1188,0xf81f,
    0xf81f,0xf81f,0xf81f,0xf81f,0x0884,0x0884,0xf81f,0xf81f,0xf81f,0xf81f,0xf81f,0xf81f,0xf81f,0x08a4,0x0884,0x1167,
    0x23b0,0x1a6b,0x479e,0x236f,0x1188,0xf81f,0xf81f,0xf81f,0xf81f,0xf81f,0x0884,0xf81f,0x4a8b,0xffff,0xffff,0xffff,
    0xffff,0xffff,0xffff,0xffdf,0xffff,0xffff,0xffdf,0xffff,0xffdf,0xffdf,0xffff,0xffdf,0xffdf,0x8c72,0x10c5,0xf81f,
    0x0884,0xf81f,0xf81f,0xf81f,0x0884,0xf81f,0x7bf0,0xffff,0xf7bf,0xffff,0xffdf,0xffff,0xffdf,0xffff,0xffdf,0xffdf,
    0xffff,0xe6fc,0x1927,0xf81f,0x52ac,0xffff,0xffdf,0xffdf,0xffdf,0xffff,0xffdf,0xffff,0xef5d,0x1906,0xf81f,0x0884,
    0xf81f,0xf81f,0xf81f,0xf81f,0xf81f,0xf81f,0xf81f,0x0884,0xf81f,0x5aed,0xffff,0xffdf,0xffff,0xffff,0xffff,0xffdf,
    0xffff,0xdf1c,0x10e5,0xf81f,0x6b6f,0xffff,0xf7bf,0xffdf,0xffff,0xffdf,0xffdf,0xffff,0xbdf8,0xf81f,0x0884,0xf81f,
    0x0884,0xf81f,0x22cd,0x4639,0xf81f,0x23f0,0x3ebb,0x0884,0xf81f,0xf81f,0x11a9,0x469b,0x08c5,0x0884,0x23f1,0x1aac,
    0x08a5,0x0884,0xf81f,0xf81f,0xf81f,0xf81f,0x0884,0x0884,0x0884,0x0884,0x0884,0x0884,0x0884,0xf81f,0x0884,0xf81f,
    0xf81f,0x0927,0x3dd8,0x2c11,0xf81f,0x0884,0xf81f,0xf81f,0xf81f,0xf81f,0x0884,0xf81f,0x4a8b,0xffff,0xffff,0xffff,
    0xffff,0xffff,0xffff,0xffdf,0xffff,0xf7df,0xffff,0xffff,0xffdf,0xffdf,0xffdf,0xffdf,0xffdf,0x738f,0xf81f,0x0884,
    0x0884,0xf81f,0xf81f,0xf81f,0x0884,0xf81f,0x7bd0,0xffff,0xf7bf,0xffdf,0xffdf,0xffdf,0xffff,0xffff,0xffdf,0xffdf,
    0xffff,0xe71c,0x1927,0xf81f,0x52ac,0xffff,0xffdf,0xffdf,0xffdf,0xffff,0xffff,0xffff,0xef5d,0x1906,0xf81f,0x0884,
    0xf81f,0xf81f,0xf81f,0xf81f,0xf81f,0xf81f,0xf81f,0x0884,0xf81f,0x5aed,0xffff,0xf7df,0xffff,0xffff,0xffff,0xffdf,
    0xffff,0xe71c,0x10e5,0xf81f,0x6b6e,0xffff,0xf7bf,0xffdf,0xffff,0xffff,0xffdf,0xffff,0xbdf8,0xf81f,0x0884,0xf81f,
    0x0884,0xf81f,0x232e,0x3d76,0x0926,0x4fbf,0x1aac,0xf81f,0x08a4,0x0884,0x0884,0x4619,0x34d4,0xf81f,0x0884,0x11c9,
    0x11c9,0x11e9,0xf81f,0x0884,0xf81f,0xf81f,0xf81f,0xf81f,0xf81f,0xf81f,0xf81f,0xf81f,0xf81f,0x0884,0xf81f,0x08e6,
    0x34d4,0x46bb,0x46fc,0x46bb,0x08c5,0x0884,0x0884,0xf81f,0xf81f,0xf81f,0x0884,0xf81f,0x4a8b,0xffff,0xffdf,0xffff,
    0xffdf,0xffff,0xffff,0xffdf,0xffff,0xffff,0xffdf,0xffff,0xffff,0xffff,0xffff,0xffdf,0xffdf,0xffff,0x9d15,0x0884,
    0xf81f,0x0884,0xf81f,0xf81f,0x0884,0xf81f,0x7bf0,0xffff,0xf7df,0xffdf,0xffff,0xffdf,0xffdf,0xffff,0xffff,0xffdf,
    0xffff,0xe71c,0x1927,0xf81f,0x52ac,0xffff,0xffdf,0xffff,0xffff,0xffff,0xffdf,0xffff,0xef5d,0x1906,0xf81f,0x0884,
    0xf81f,0xf81f,0xf81f,0xf81f,0xf81f,0xf81f,0xf81f,0x0884,0xf81f,0x5aed,0xffff,0xffdf,0xffff,0xffff,0xffdf,0xffdf,
    0xffff,0xe71c,0x10e5,0xf81f,0x6b6e,0xffff,0xf7bf,0xffff,0xffdf,0xffff,0xffdf,0xffff,0xbdf8,0xf81f,0x0884,0xf81f,
    0x0884,0xf81f,0x1a6b,0x34d4,0x23b0,0x3e19,0x08e5,0xf81f,0x0884,0x0884,0xf81f,0x1188,0x46db,0x3df8,0x1acd,0x0967,
    0x34f4,0x3d97,0xf81f,0x0884,0xf81f,0xf81f,0xf81f,0xf81f,0xf81f,0xf81f,0xf81f,0xf81f,0xf81f,0x0884,0x08c5,0x238f,
    0x2bf1,0x11c9,0x3597,0x34d4,0x0884,0x0884,0xf81f,0xf81f,0xf81f,0xf81f,0x0884,0xf81f,0x4a8b,0xffff,0xffff,0xffdf,
    0xffff,0xffff,0xffdf,0xffff,0xef7d,0xdedb,0xffff,0xffdf,0xffdf,0xffff,0xffff,0xffff,0xffdf,0xf7df,0xffff,0xc5f8,
    0x2147,0xf81f,0x0884,0xf81f,0x0884,0xf81f,0x73d0,0xffff,0xf79e,0xf7bf,0xf7bf,0xf7bf,0xf7bf,0xffbe,0xffbf,0xf7bf,
    0xffdf,0xdefc,0x2126,0xf81f,0x52ac,0xffff,0xffdf,0xffff,0xffff,0xffff,0xffff,0xffff,0xef5d,0x1906,0x0884,0x0884,
    0x0884,0x0884,0x0884,0x0884,0x0884,0x0884,0x0884,0x0884,0x0884,0x5aed,0xffff,0xffdf,0xffff,0xffff,0xffff,0xffdf,
    0xffff,0xe71c,0x10e5,0xf81f,0x6b6e,0xffff,0xf7bf,0xffdf,0xffff,0xffff,0xffdf,0xffff,0xbdf8,0xf81f,0x0884,0xf81f,
    0xf81f,0xf81f,0x08c5,0x2cd4,0x2c93,0x230e,0x0927,0x11e9,0xf81f,0x0884,0x0884,0xf81f,0x08e6,0x2c52,0x463a,0x469a,
    0x3536,0x2390,0x22ed,0xf81f,0x0884,0xf81f,0xf81f,0xf81f,0xf81f,0xf81f,0xf81f,0xf81f,0xf81f,0x0884,0x08a5,0x08c5,
    0x1188,0x1a4a,0x4ebb,0x2c11,0xf81f,0x0884,0xf81f,0xf81f,0xf81f,0xf81f,0x0884,0xf81f,0x4a8b,0xffff,0xffdf,0xffff,
    0xffff,0xffff,0xffdf,0xffff,0xdf1c,0x2947,0xb5b7,0xffff,0xf7df,0xffdf,0xffff,0xffff,0xffdf,0xffdf,0xf7df,0xffff,
    0xe71c,0x424b,0xf81f,0x0884,0x0884,0xf81f,0x1906,0x31c9,0x31a9,0x31a9,0x31a9,0x31a9,0x31a9,0x31a9,0x31a9,0x31a9,
    0x31c9,0x2988,0x08a5,0xf81f,0x528b,0xffff,0xffdf,0xffff,0xffff,0xffff,0xffdf,0xffff,0xef5d,0x10e5,0xf81f,0xf81f,
    0xf81f,0xf81f,0xf81f,0xf81f,0xf81f,0xf81f,0xf81f,0xf81f,0xf81f,0x52ac,0xffff,0xffdf,0xffff,0xffff,0xffdf,0xffff,
    0xffff,0xe71c,0x10e5,0xf81f,0x6b6e,0xffff,0xf7df,0xffdf,0xffff,0xffff,0xffdf,0xffff,0xbdf8,0xf81f,0x0884,0xf81f,
    0xf81f,0x0884,0xf81f,0x23b0,0x23f1,0x11c9,0x1aed,0x2411,0x0884,0x0884,0xf81f,0x0884,0xf81f,0x0947,0x1b0d,0x08a5,
    0xf81f,0x08c5,0x3d35,0x1127,0xf81f,0x08a4,0xf81f,0xf81f,0xf81f,0xf81f,0xf81f,0xf81f,0xf81f,0xf81f,0xf81f,0xf81f,
    0x0906,0x11e9,0x3db7,0x34b4,0xf81f,0x0884,0xf81f,0xf81f,0xf81f,0xf81f,0x0884,0xf81f,0x4a8b,0xffff,0xffdf,0xffff,
    0xffdf,0xffff,0xffdf,0xffff,0xef5d,0x10c5,0x0884,0x9cf4,0xffff,0xffdf,0xffdf,0xffff,0xffdf,0xffdf,0xffff,0xf7bf,
    0xffff,0xf79e,0x632e,0xf81f,0xf81f,0x0884,0xf81f,0xf81f,0xf81f,0xf81f,0xf81f,0xf81f,0xf81f,0xf81f,0xf81f,0xf81f,
    0xf81f,0xf81f,0x0884,0xf81f,0x424b,0xffff,0xffdf,0xffdf,0xffdf,0xffff,0xffff,0xffdf,0xffff,0x7c11,0x2126,0x2127,
    0x2127,0x2127,0x2127,0x2127,0x2127,0x2126,0x2127,0x2126,0x2967,0xad76,0xffff,0xffdf,0xffff,0xffff,0xffff,0xffdf,
    0xffff,0xdefb,0x10c5,0xf81f,0x6b6e,0xffff,0xf7bf,0xffff,0xffdf,0xffff,0xffdf,0xffff,0xbdf8,0xf81f,0x0884,0xf81f,
    0xf81f,0x0884,0x0864,0x0947,0x124b,0x0988,0x34d4,0x23b0,0xf81f,0x0884,0xf81f,0xf81f,0x0884,0x08c5,0x3e5a,0x11e9,
    0x0884,0xf81f,0x22cd,0x3df8,0x08c5,0xf81f,0xf81f,0x0884,0x0884,0x0884,0x0884,0x0884,0xf81f,0xf81f,0xf81f,0x0884,
    0xf81f,0x1a8c,0x4f5d,0x11c9,0xf81f,0x0884,0xf81f,0xf81f,0xf81f,0xf81f,0x0884,0xf81f,0x4a8b,0xffff,0xffff,0xffff,
    0xffff,0xffff,0xffdf,0xffff,0xe73c,0x1906,0xf81f,0xf81f,0x7bf1,0xffff,0xffff,0xf7df,0xffff,0xffdf,0xffdf,0xffff,
    0xffdf,0xffdf,0xffff,0x8c52,0x0884,0xf81f,0x0884,0x0884,0x0884,0x0884,0x0884,0x0884,0x0884,0x0884,0x0884,0x0884,
    0x0884,0x0884,0x0884,0xf81f,0x31e9,0xf7be,0xffff,0xffff,0xffdf,0xffff,0xffff,0xffdf,0xffff,0xffff,0xe73c,0xe73d,
    0xe73d,0xe73d,0xe73d,0xe73d,0xe73d,0xe73d,0xe73d,0xe73c,0xef5d,0xffff,0xffff,0xffdf,0xffff,0xffdf,0xffff,0xffdf,
    0xffff,0xc639,0x0884,0xf81f,0x6b6e,0xffff,0xf7df,0xffff,0xffdf,0xffff,0xffdf,0xffff,0xbdf8,0xf81f,0x0884,0xf81f,
    0xf81f,0xf81f,0xf81f,0xf81f,0xf81f,0x0906,0x3e18,0x1b0e,0x0906,0x0947,0xf81f,0x0884,0x0884,0xf81f,0x3556,0x2c11,
    0xf81f,0x08a4,0xf81f,0x3452,0x467a,0x232e,0x08a5,0xf81f,0xf81f,0xf81f,0xf81f,0xf81f,0x0884,0x0884,0x0884,0x0884,
    0x0884,0x08e6,0x4619,0x236f,0xf81f,0x0884,0xf81f,0xf81f,0xf81f,0xf81f,0x0884,0xf81f,0x4a8b,0xffff,0xffdf,0xffdf,
    0xffff,0xffdf,0xffdf,0xffff,0xe73c,0x1906,0xf81f,0x0884,0xf81f,0x5acc,0xef7d,0xffff,0xffdf,0xffff,0xffdf,0xffdf,
    0xffdf,0xffdf,0xffdf,0xffff,0xb597,0x1906,0xf81f,0x0884,0xf81f,0xf81f,0xf81f,0xf81f,0xf81f,0xf81f,0xf81f,0xf81f,
    0xf81f,0xf81f,0x0884,0xf81f,0x10c5,0xd6ba,0xffff,0xffdf,0xffdf,0xffdf,0xffff,0xffff,0xffdf,0xffff,0xffff,0xffff,
    0xffff,0xffff,0xffff,0xffff,0xffff,0xffff,0xffff,0xffff,0xffff,0xffdf,0xffff,0xffff,0xffdf,0xffff,0xffff,0xf7bf,
    0xffff,0x94b3,0xf81f,0xf81f,0x6b6e,0xffff,0xf7df,0xffdf,0xffff,0xffff,0xffdf,0xffff,0xbdf8,0xf81f,0x0884,0xf81f,
    0xf81f,0xf81f,0xf81f,0x0884,0x0884,0xf81f,0x35f8,0x236f,0x236f,0x0947,0xf81f,0x0884,0x0884,0xf81f,0x3493,0x3d36,
    0xf81f,0x0884,0x0884,0xf81f,0x1acd,0x3dd8,0x3e5a,0x3576,0x23d0,0x1a8c,0x1188,0x08c5,0xf81f,0xf81f,0xf81f,0xf81f,
    0xf81f,0xf81f,0x3515,0x34d4,0xf81f,0x0884,0xf81f,0xf81f,0xf81f,0xf81f,0x0884,0xf81f,0x4a8b,0xffff,0xffdf,0xffdf,
    0xffdf,0xffff,0xffdf,0xffff,0xe73c,0x1906,0xf81f,0x0884,0x0884,0xf81f,0x3a0a,0xe6fc,0xffff,0xf7bf,0xffff,0xffdf,
    0xffff,0xffff,0xffdf,0xf7bf,0xffff,0xce59,0x2968,0xf81f,0x0884,0x0864,0xf81f,0xf81f,0xf81f,0xf81f,0xf81f,0xf81f,
    0xf81f,0xf81f,0xf81f,0x0884,0xf81f,0x7bf1,0xffff,0xf7bf,0xffff,0xffff,0xffff,0xffff,0xffdf,0xffdf,0xffdf,0xffdf,
    0xffdf,0xffdf,0xffdf,0xffff,0xffdf,0xffdf,0xffdf,0xffdf,0xffff,0xffff,0xffff,0xffff,0xffff,0xffff,0xffdf,0xffdf,
    0xffdf,0x39e9,0x0884,0xf81f,0x6b6e,0xffff,0xf7df,0xffff,0xffff,0xffff,0xffdf,0xffff,0xbdf8,0xf81f,0x0884,0xf81f,
    0xf81f,0xf81f,0xf81f,0xf81f,0x0884,0xf81f,0x3515,0x3576,0x2c32,0x0884,0xf81f,0xf81f,0x0884,0xf81f,0x34b3,0x3556,
    0xf81f,0x0884,0xf81f,0x0884,0xf81f,0xf81f,0x11a9,0x234f,0x34b4,0x3dd8,0x3e5a,0x3dd7,0x2d15,0x2cb3,0x2c11,0x234e,
    0x1a8c,0x2c52,0x46db,0x11c9,0xf81f,0x0884,0xf81f,0xf81f,0xf81f,0xf81f,0x0884,0xf81f,0x4a8b,0xffdf,0xffdf,0xffdf,
    0xffdf,0xffdf,0xffdf,0xffff,0xe71c,0x1906,0xf81f,0x0884,0xf81f,0x0884,0xf81f,0x2167,0xce39,0xffff,0xf7bf,0xffdf,
    0xffdf,0xffdf,0xffdf,0xffdf,0xf7bf,0xffff,0xe73c,0x528c,0xf81f,0xf81f,0xf81f,0xf81f,0xf81f,0xf81f,0xf81f,0xf81f,
    0xf81f,0xf81f,0xf81f,0x0884,0x0884,0x10c5,0xbdf8,0xffff,0xf7df,0xf7df,0xffdf,0xffdf,0xffdf,0xffdf,0xffdf,0xffdf,
    0xffdf,0xffdf,0xffdf,0xffdf,0xffdf,0xffdf,0xffdf,0xffdf,0xffdf,0xffdf,0xffdf,0xffdf,0xffdf,0xf7bf,0xffdf,0xffff,
    0x8431,0xf81f,0x08a4,0xf81f,0x6b6e,0xffff,0xf7bf,0xffdf,0xffdf,0xffdf,0xf7bf,0xffff,0xbdd8,0xf81f,0x0884,0xf81f,
    0xf81f,0xf81f,0xf81f,0xf81f,0x0884,0xf81f,0x1aed,0x4fbf,0x2cf4,0x0884,0xf81f,0xf81f,0x0884,0xf81f,0x3db7,0x3472,
    0xf81f,0x0884,0xf81f,0xf81f,0x0884,0x0884,0xf81f,0xf81f,0xf81f,0xf81f,0x0884,0x1a6b,0x3efc,0x4f1c,0x3df8,0x3597,
    0x3556,0x2cd4,0x11a8,0xf81f,0x0884,0xf81f,0xf81f,0xf81f,0xf81f,0xf81f,0x0884,0xf81f,0x528c,0xffff,0xffff,0xffff,
    0xffff,0xffff,0xffff,0xffff,0xef5d,0x1906,0xf81f,0x0884,0xf81f,0xf81f,0x0884,0xf81f,0x10e5,0xad56,0xffff,0xffff,
    0xffff,0xffff,0xffff,0xffff,0xffff,0xffff,0xffff,0xffff,0x7c11,0x08a4,0x0884,0x0884,0xf81f,0xf81f,0xf81f,0xf81f,
    0xf81f,0xf81f,0xf81f,0xf81f,0x0884,0xf81f,0x18e6,0xad55,0xffff,0xffff,0xffff,0xffff,0xffff,0xffff,0xffff,0xffff,
    0xffff,0xffff,0xffff,0xffff,0xffff,0xffff,0xffff,0xffff,0xffff,0xffff,0xffff,0xffff,0xffff,0xffff,0xf79e,0x7bf1,
    0xf81f,0x0884,0x0884,0xf81f,0x6b8f,0xffff,0xffff,0xffff,0xffff,0xffff,0xffff,0xffff,0xc639,0xf81f,0x0884,0xf81f,
    0xf81f,0xf81f,0xf81f,0xf81f,0xf81f,0xf81f,0x08a5,0x471c,0x3e39,0xf81f,0x0884,0x0884,0xf81f,0x0884,0x4f3d,0x1aed,
    0xf81f,0x0884,0xf81f,0xf81f,0xf81f,0xf81f,0x0884,0x0884,0x0884,0xf81f,0x1acd,0x4edc,0x234f,0x08e6,0xf81f,0xf81f,
    0xf81f,0xf81f,0xf81f,0x0884,0xf81f,0xf81f,0xf81f,0xf81f,0xf81f,0xf81f,0x0884,0xf81f,0x422a,0xd69a,0xd69a,0xd6bb,
    0xd6bb,0xd6ba,0xd6bb,0xd6bb,0xbdf8,0x10e6,0xf81f,0x0884,0xf81f,0xf81f,0xf81f,0x0884,0xf81f,0x0884,0x8c52,0xd6bb,
    0xce9a,0xd69a,0xd69a,0xd69a,0xd69a,0xd69a,0xd67a,0xce9a,0xdefc,0x73af,0xf81f,0x0884,0xf81f,0xf81f,0xf81f,0xf81f,
    0xf81f,0xf81f,0xf81f,0xf81f,0xf81f,0x0884,0xf81f,0xf81f,0x4a6b,0x9cd4,0xc659,0xdedb,0xe6fc,0xdefb,0xdedb,0xdefb,
    0xdedb,0xdedb,0xdedb,0xdedb,0xdedb,0xdedb,0xdedb,0xdedb,0xdefb,0xdefc,0xe71c,0xdedb,0xc618,0x8c52,0x31c9,0xf81f,
    0x0884,0xf81f,0x0884,0xf81f,0x52ed,0xdedb,0xd6ba,0xd6db,0xd6db,0xd6db,0xd6bb,0xdedb,0x9d15,0xf81f,0x0884,0xf81f,
    0xf81f,0xf81f,0xf81f,0xf81f,0xf81f,0x0884,0xf81f,0x1b0e,0x4f7e,0x08e6,0xf81f,0x0884,0xf81f,0x1a8c,0x4f3c,0x0927,
    0xf81f,0x0884,0xf81f,0xf81f,0xf81f,0xf81f,0xf81f,0x0884,0xf81f,0x11c9,0x4f9e,0x1acd,0xf81f,0xf81f,0x0884,0x0884,
    0x0884,0x0884,0x0884,0xf81f,0xf81f,0xf81f,0xf81f,0xf81f,0xf81f,0xf81f,0xf81f,0xf81f,0xf81f,0xf81f,0xf81f,0x0884,
    0x0884,0x0884,0x0884,0xf81f,0xf81f,0xf81f,0xf81f,0xf81f,0xf81f,0xf81f,0xf81f,0xf81f,0x0884,0xf81f,0xf81f,0xf81f,
    0xf81f,0xf81f,0xf81f,0xf81f,0xf81f,0xf81f,0xf81f,0xf81f,0xf81f,0x10c5,0xf81f,0xf81f,0xf81f,0xf81f,0xf81f,0xf81f,
    0xf81f,0xf81f,0xf81f,0xf81f,0xf81f,0xf81f,0x0884,0xf81f,0xf81f,0xf81f,0xf81f,0x08a5,0x10c5,0x10a5,0x10a5,0x08a5,
    0x08a4,0x08a5,0x08a4,0x08a4,0x08a4,0x08a4,0x08a4,0x08a4,0x08a5,0x08a5,0x10c5,0x0884,0xf81f,0xf81f,0xf81f,0x0884,
    0xf81f,0xf81f,0xf81f,0xf81f,0xf81f,0xf81f,0x0884,0x0884,0x0884,0x0884,0x0884,0xf81f,0xf81f,0xf81f,0xf81f,0xf81f,
    0xf81f,0xf81f,0xf81f,0xf81f,0xf81f,0xf81f,0x0884,0xf81f,0x2c93,0x2c32,0x0884,0x08a5,0xf81f,0x3597,0x3576,0xf81f,
    0x0884,0xf81f,0xf81f,0xf81f,0xf81f,0xf81f,0x0884,0x0884,0xf81f,0x3df8,0x3536,0xf81f,0x08a4,0x0884,0xf81f,0xf81f,
    0xf81f,0xf81f,0xf81f,0xf81f,0xf81f,0xf81f,0xf81f,0xf81f,0xf81f,0xf81f,0xf81f,0xf81f,0xf81f,0xf81f,0xf81f,0xf81f,
    0xf81f,0xf81f,0xf81f,0xf81f,0xf81f,0xf81f,0xf81f,0xf81f,0xf81f,0xf81f,0xf81f,0xf81f,0xf81f,0x0884,0x0884,0xf81f,
    0xf81f,0xf81f,0xf81f,0xf81f,0xf81f,0xf81f,0xf81f,0xf81f,0xf81f,0xf81f,0xf81f,0xf81f,0xf81f,0xf81f,0xf81f,0xf81f,
    0xf81f,0xf81f,0xf81f,0xf81f,0xf81f,0xf81f,0xf81f,0x0884,0x0884,0x0884,0xf81f,0xf81f,0xf81f,0xf81f,0xf81f,0xf81f,
    0xf81f,0xf81f,0xf81f,0xf81f,0xf81f,0xf81f,0xf81f,0xf81f,0xf81f,0xf81f,0xf81f,0xf81f,0x0884,0x0884,0x0884,0xf81f,
    0xf81f,0xf81f,0xf81f,0xf81f,0xf81f,0xf81f,0xf81f,0xf81f,0xf81f,0xf81f,0xf81f,0xf81f,0xf81f,0xf81f,0xf81f,0xf81f,
    0xf81f,0xf81f,0xf81f,0xf81f,0xf81f,0xf81f,0x0884,0xf81f,0x0884,0x1b0e,0x0927,0xf81f,0x11e9,0x4f9e,0x120a,0xf81f,
    0x0884,0xf81f,0xf81f,0xf81f,0xf81f,0xf81f,0x0884,0xf81f,0x120a,0x4f9e,0x1167,0x0884,0x0884,0xf81f,0xf81f,0xf81f,
    0xf81f,0xf81f,0xf81f,0xf81f,0xf81f,0xf81f,0xf81f,0xf81f,0xf81f,0xf81f,0xf81f,0xf81f,0xf81f,0xf81f,0xf81f,0xf81f,
    0xf81f,0xf81f,0xf81f,0xf81f,0xf81f,0xf81f,0xf81f,0xf81f,0xf81f,0xf81f,0xf81f,0xf81f,0xf81f,0xf81f,0xf81f,0xf81f,
    0xf81f,0xf81f,0xf81f,0xf81f,0xf81f,0xf81f,0xf81f,0xf81f,0xf81f,0xf81f,0xf81f,0xf81f,0xf81f,0xf81f,0xf81f,0xf81f,
    0xf81f,0xf81f,0xf81f,0xf81f,0xf81f,0xf81f,0xf81f,0xf81f,0xf81f,0xf81f,0xf81f,0xf81f,0x0884,0x0864,0x0864,0xf81f,
    0xf81f,0xf81f,0xf81f,0xf81f,0xf81f,0xf81f,0xf81f,0xf81f,0xf81f,0xf81f,0x0884,0xf81f,0xf81f,0xf81f,0xf81f,0xf81f,
    0xf81f,0xf81f,0xf81f,0xf81f,0xf81f,0xf81f,0xf81f,0xf81f,0xf81f,0xf81f,0xf81f,0xf81f,0xf81f,0xf81f,0xf81f,0xf81f,
    0xf81f,0xf81f,0xf81f,0xf81f,0xf81f,0xf81f,0xf81f,0x0884,0xf81f,0xf81f,0x08a5,0xf81f,0x4659,0x3556,0xf81f,0x0884,
    0xf81f,0xf81f,0xf81f,0xf81f,0xf81f,0xf81f,0x0884,0xf81f,0x3556,0x3d97,0xf81f,0x0884,0x0884,0xf81f,0xf81f,0xf81f,
    0xf81f,0xf81f,0xf81f,0xf81f,0xf81f,0xf81f,0xf81f,0xf81f,0xf81f,0xf81f,0xf81f,0xf81f,0xf81f,0xf81f,0xf81f,0xf81f,
    0xf81f,0xf81f,0xf81f,0xf81f,0xf81f,0xf81f,0xf81f,0xf81f,0xf81f,0xf81f,0xf81f,0xf81f,0xf81f,0xf81f,0xf81f,0xf81f,
    0xf81f,0xf81f,0xf81f,0xf81f,0xf81f,0xf81f,0xf81f,0xf81f,0xf81f,0xf81f,0xf81f,0xf81f,0xf81f,0xf81f,0xf81f,0xf81f,
    0xf81f,0xf81f,0xf81f,0xf81f,0xf81f,0xf81f,0xf81f,0xf81f,0xf81f,0xf81f,0xf81f,0xf81f,0xf81f,0xf81f,0xf81f,0xf81f,
    0xf81f,0xf81f,0xf81f,0xf81f,0xf81f,0xf81f,0xf81f,0xf81f,0xf81f,0xf81f,0xf81f,0xf81f,0xf81f,0xf81f,0xf81f,0xf81f,
    0xf81f,0xf81f,0xf81f,0xf81f,0xf81f,0xf81f,0xf81f,0xf81f,0xf81f,0xf81f,0xf81f,0xf81f,0xf81f,0xf81f,0xf81f,0xf81f,
    0xf81f,0xf81f,0xf81f,0xf81f,0xf81f,0xf81f,0xf81f,0xf81f,0x0884,0x0884,0xf81f,0x2c93,0x4f5d,0x0906,0x0884,0x0884,
    0xf81f,0xf81f,0xf81f,0xf81f,0xf81f,0x0884,0xf81f,0x0906,0x473d,0x232e,0x0884,0x0884,0xf81f,0xf81f,0xf81f,0xf81f,
    0xf81f,0xf81f,0xf81f,0xf81f,0xf81f,0xf81f,0xf81f,0xf81f,0xf81f,0xf81f,0xf81f,0xf81f,0xf81f,0xf81f,0xf81f,0xf81f,
    0xf81f,0xf81f,0xf81f,0xf81f,0xf81f,0xf81f,0xf81f,0xf81f,0xf81f,0xf81f,0xf81f,0xf81f,0xf81f,0xf81f,0xf81f,0xf81f,
    0xf81f,0xf81f,0xf81f,0xf81f,0xf81f,0xf81f,0xf81f,0xf81f,0xf81f,0xf81f,0xf81f,0xf81f,0xf81f,0xf81f,0xf81f,0xf81f,
    0xf81f,0xf81f,0xf81f,0xf81f,0xf81f,0xf81f,0xf81f,0xf81f,0xf81f,0xf81f,0xf81f,0xf81f,0xf81f,0xf81f,0xf81f,0xf81f,
    0xf81f,0xf81f,0xf81f,0xf81f,0xf81f,0xf81f,0xf81f,0xf81f,0xf81f,0xf81f,0xf81f,0xf81f,0xf81f,0xf81f,0xf81f,0xf81f,
    0xf81f,0xf81f,0xf81f,0xf81f,0xf81f,0xf81f,0xf81f,0xf81f,0xf81f,0xf81f,0xf81f,0xf81f,0xf81f,0xf81f,0xf81f,0xf81f,
    0xf81f,0xf81f,0xf81f,0xf81f,0xf81f,0xf81f,0xf81f,0x0884,0x0884,0xf81f,0x2c11,0x57bf,0x1a2a,0xf81f,0x0884,0xf81f,
    0xf81f,0xf81f,0xf81f,0xf81f,0xf81f,0x0884,0xf81f,0x1a8c,0x4f5d,0x1188,0xf81f,0x0884,0xf81f,0xf81f,0xf81f,0xf81f,
    0xf81f,0xf81f,0xf81f,0xf81f,0xf81f,0xf81f,0xf81f,0xf81f,0xf81f,0xf81f,0xf81f,0xf81f,0xf81f,0xf81f,0xf81f,0xf81f,
    0xf81f,0xf81f,0xf81f,0xf81f,0xf81f,0xf81f,0xf81f,0xf81f,0xf81f,0xf81f,0xf81f,0xf81f,0xf81f,0xf81f,0xf81f,0xf81f,
    0xf81f,0xf81f,0xf81f,0xf81f,0xf81f,0xf81f,0xf81f,0xf81f,0xf81f,0xf81f,0xf81f,0xf81f,0xf81f,0xf81f,0xf81f,0xf81f,
    0xf81f,0xf81f,0xf81f,0xf81f,0xf81f,0xf81f,0xf81f,0xf81f,0xf81f,0xf81f,0xf81f,0xf81f,0xf81f,0xf81f,0xf81f,0xf81f,
    0xf81f,0xf81f,0xf81f,0xf81f,0xf81f,0xf81f,0xf81f,0xf81f,0xf81f,0xf81f,0xf81f,0xf81f,0xf81f,0xf81f,0xf81f,0xf81f,
    0xf81f,0xf81f,0xf81f,0xf81f,0xf81f,0xf81f,0xf81f,0xf81f,0xf81f,0xf81f,0xf81f,0xf81f,0xf81f,0xf81f,0xf81f,0xf81f,
    0xf81f,0xf81f,0xf81f,0xf81f,0xf81f,0x0884,0x0884,0xf81f,0xf81f,0x34d4,0x4f9e,0x1a4b,0xf81f,0x0884,0xf81f,0xf81f,
    0xf81f,0xf81f,0xf81f,0xf81f,0xf81f,0x0884,0xf81f,0x23d0,0x475d,0x08a5,0x0884,0x0884,0xf81f,0xf81f,0xf81f,0xf81f,
    0xf81f,0xf81f,0xf81f,0xf81f,0xf81f,0xf81f,0xf81f,0xf81f,0xf81f,0xf81f,0xf81f,0xf81f,0xf81f,0xf81f,0xf81f,0xf81f,
    0xf81f,0xf81f,0xf81f,0xf81f,0xf81f,0xf81f,0xf81f,0xf81f,0xf81f,0xf81f,0xf81f,0xf81f,0xf81f,0xf81f,0xf81f,0xf81f,
    0xf81f,0xf81f,0xf81f,0xf81f,0xf81f,0xf81f,0xf81f,0xf81f,0xf81f,0xf81f,0xf81f,0xf81f,0xf81f,0xf81f,0xf81f,0xf81f,
    0xf81f,0xf81f,0xf81f,0xf81f,0xf81f,0xf81f,0xf81f,0xf81f,0xf81f,0xf81f,0xf81f,0xf81f,0xf81f,0xf81f,0xf81f,0xf81f,
    0xf81f,0xf81f,0xf81f,0xf81f,0xf81f,0xf81f,0xf81f,0xf81f,0xf81f,0xf81f,0xf81f,0xf81f,0xf81f,0xf81f,0xf81f,0xf81f,
    0xf81f,0xf81f,0xf81f,0xf81f,0xf81f,0xf81f,0xf81f,0xf81f,0xf81f,0xf81f,0xf81f,0xf81f,0xf81f,0xf81f,0xf81f,0xf81f,
    0xf81f,0xf81f,0xf81f,0x0884,0x0884,0xf81f,0xf81f,0x11e9,0x3e19,0x4619,0x1168,0xf81f,0x0884,0xf81f,0xf81f,0xf81f,
    0xf81f,0xf81f,0xf81f,0xf81f,0xf81f,0x0884,0xf81f,0x1b0d,0x4fdf,0x1188,0xf81f,0x0884,0xf81f,0xf81f,0xf81f,0xf81f,
    0xf81f,0xf81f,0xf81f,0xf81f,0xf81f,0xf81f,0xf81f,0xf81f,0xf81f,0xf81f,0xf81f,0xf81f,0xf81f,0xf81f,0xf81f,0xf81f,
    0xf81f,0xf81f,0xf81f,0xf81f,0xf81f,0xf81f,0xf81f,0xf81f,0xf81f,0xf81f,0xf81f,0xf81f,0xf81f,0xf81f,0xf81f,0xf81f,
    0xf81f,0xf81f,0xf81f,0xf81f,0xf81f,0xf81f,0xf81f,0xf81f,0xf81f,0xf81f,0xf81f,0xf81f,0xf81f,0xf81f,0xf81f,0xf81f,
    0xf81f,0xf81f,0xf81f,0xf81f,0xf81f,0xf81f,0xf81f,0xf81f,0xf81f,0xf81f,0xf81f,0xf81f,0xf81f,0xf81f,0xf81f,0xf81f,
    0xf81f,0xf81f,0xf81f,0xf81f,0xf81f,0xf81f,0xf81f,0xf81f,0xf81f,0xf81f,0xf81f,0xf81f,0xf81f,0xf81f,0xf81f,0xf81f,
    0xf81f,0xf81f,0xf81f,0xf81f,0xf81f,0xf81f,0xf81f,0xf81f,0xf81f,0xf81f,0xf81f,0xf81f,0xf81f,0xf81f,0xf81f,0xf81f,
    0xf81f,0xf81f,0xf81f,0xf81f,0xf81f,0x0947,0x23f1,0x3df8,0x238f,0xf81f,0xf81f,0x0884,0xf81f,0xf81f,0xf81f,0xf81f,
    0xf81f,0xf81f,0xf81f,0xf81f,0xf81f,0x0884,0xf81f,0x08c5,0x46db,0x3e18,0x0884,0xf81f,0x0884,0x0884,0xf81f,0xf81f,
    0xf81f,0xf81f,0xf81f,0xf81f,0xf81f,0xf81f,0xf81f,0xf81f,0xf81f,0xf81f,0xf81f,0xf81f,0xf81f,0xf81f,0xf81f,0xf81f,
    0xf81f,0xf81f,0xf81f,0xf81f,0xf81f,0xf81f,0xf81f,0xf81f,0xf81f,0xf81f,0xf81f,0xf81f,0xf81f,0xf81f,0xf81f,0xf81f,
    0xf81f,0xf81f,0xf81f,0xf81f,0xf81f,0xf81f,0xf81f,0xf81f,0xf81f,0xf81f,0xf81f,0xf81f,0xf81f,0xf81f,0xf81f,0xf81f,
    0xf81f,0xf81f,0xf81f,0xf81f,0xf81f,0xf81f,0xf81f,0xf81f,0xf81f,0xf81f,0xf81f,0xf81f,0xf81f,0xf81f,0xf81f,0xf81f,
    0xf81f,0xf81f,0xf81f,0xf81f,0xf81f,0xf81f,0xf81f,0xf81f,0xf81f,0xf81f,0xf81f,0xf81f,0xf81f,0xf81f,0xf81f,0xf81f,
    0xf81f,0xf81f,0xf81f,0xf81f,0xf81f,0xf81f,0xf81f,0xf81f,0xf81f,0xf81f,0xf81f,0xf81f,0xf81f,0xf81f,0xf81f,0xf81f,
    0xf81f,0x0884,0x0884,0x08e6,0x1a6b,0x2bd0,0x230e,0x08a5,0xf81f,0xf81f,0x0884,0xf81f,0xf81f,0xf81f,0xf81f,0xf81f,
    0xf81f,0xf81f,0xf81f,0xf81f,0xf81f,0xf81f,0x0884,0xf81f,0x11a8,0x46db,0x4639,0x1188,0xf81f,0xf81f,0x0884,0x0884,
    0xf81f,0xf81f,0xf81f,0xf81f,0xf81f,0xf81f,0xf81f,0xf81f,0xf81f,0xf81f,0xf81f,0xf81f,0xf81f,0xf81f,0xf81f,0xf81f,
    0xf81f,0xf81f,0xf81f,0xf81f,0xf81f,0xf81f,0xf81f,0xf81f,0xf81f,0xf81f,0xf81f,0xf81f,0xf81f,0xf81f,0xf81f,0xf81f,
    0xf81f,0xf81f,0xf81f,0xf81f,0xf81f,0xf81f,0xf81f,0xf81f,0xf81f,0xf81f,0xf81f,0xf81f,0xf81f,0xf81f,0xf81f,0xf81f,
    0xf81f,0xf81f,0xf81f,0xf81f,0xf81f,0xf81f,0xf81f,0xf81f,0xf81f,0xf81f,0xf81f,0xf81f,0xf81f,0xf81f,0xf81f,0xf81f,
    0xf81f,0xf81f,0xf81f,0xf81f,0xf81f,0xf81f,0xf81f,0xf81f,0xf81f,0xf81f,0xf81f,0xf81f,0xf81f,0xf81f,0xf81f,0xf81f,
    0xf81f,0xf81f,0xf81f,0xf81f,0xf81f,0xf81f,0xf81f,0xf81f,0xf81f,0xf81f,0xf81f,0xf81f,0xf81f,0xf81f,0xf81f,0xf81f,
    0xf81f,0xf81f,0x0884,0x0947,0x1167,0x0884,0xf81f,0xf81f,0x0884,0x0884,0xf81f,0xf81f,0xf81f,0xf81f,0xf81f,0xf81f,
    0xf81f,0xf81f,0xf81f,0xf81f,0xf81f,0xf81f,0xf81f,0x0884,0xf81f,0x08e6,0x3535,0x4efc,0x2c11,0x0926,0xf81f,0xf81f,
    0xf81f,0xf81f,0xf81f,0xf81f,0xf81f,0xf81f,0xf81f,0xf81f,0xf81f,0xf81f,0xf81f,0xf81f,0xf81f,0xf81f,0xf81f,0xf81f,
    0xf81f,0xf81f,0xf81f,0xf81f,0xf81f,0xf81f,0xf81f,0xf81f,0xf81f,0xf81f,0xf81f,0xf81f,0xf81f,0xf81f,0xf81f,0xf81f,
    0xf81f,0xf81f,0xf81f,0xf81f,0xf81f,0xf81f,0xf81f,0xf81f,0xf81f,0xf81f,0xf81f,0xf81f,0xf81f,0xf81f,0xf81f,0xf81f,
    0xf81f,0xf81f,0xf81f,0xf81f,0xf81f,0xf81f,0xf81f,0xf81f,0xf81f,0xf81f,0xf81f,0xf81f,0xf81f,0xf81f,0xf81f,0xf81f,
    0xf81f,0xf81f,0xf81f,0xf81f,0xf81f,0xf81f,0xf81f,0xf81f,0xf81f,0xf81f,0xf81f,0xf81f,0xf81f,0xf81f,0xf81f,0xf81f,
    0xf81f,0xf81f,0xf81f,0xf81f,0xf81f,0xf81f,0xf81f,0xf81f,0xf81f,0xf81f,0xf81f,0xf81f,0xf81f,0xf81f,0xf81f,0xf81f,
    0xf81f,0xf81f,0xf81f,0xf81f,0xf81f,0xf81f,0x0884,0xf81f,0xf81f,0xf81f,0xf81f,0xf81f,0xf81f,0xf81f,0xf81f,0xf81f,
    0xf81f,0xf81f,0xf81f,0xf81f,0xf81f,0xf81f,0xf81f,0xf81f,0x0884,0xf81f,0xf81f,0x1a2a,0x3515,0x3df8,0x2bf1,0x11a8,
    0x08a4,0xf81f,0xf81f,0xf81f,0xf81f,0xf81f,0xf81f,0xf81f,0xf81f,0xf81f,0xf81f,0xf81f,0xf81f,0xf81f,0xf81f,0xf81f,
    0xf81f,0xf81f,0xf81f,0xf81f,0xf81f,0xf81f,0xf81f,0xf81f,0xf81f,0xf81f,0xf81f,0xf81f,0xf81f,0xf81f,0xf81f,0xf81f,
    0xf81f,0xf81f,0xf81f,0xf81f,0xf81f,0xf81f,0xf81f,0xf81f,0xf81f,0xf81f,0xf81f,0xf81f,0xf81f,0xf81f,0xf81f,0xf81f,
    0xf81f,0xf81f,0xf81f,0xf81f,0xf81f,0xf81f,0xf81f,0xf81f,0xf81f,0xf81f,0xf81f,0xf81f,0xf81f,0xf81f,0xf81f,0xf81f,
    0xf81f,0xf81f,0xf81f,0xf81f,0xf81f,0xf81f,0xf81f,0xf81f,0xf81f,0xf81f,0xf81f,0xf81f,0xf81f,0xf81f,0xf81f,0xf81f,
    0xf81f,0xf81f,0xf81f,0xf81f,0xf81f,0xf81f,0xf81f,0xf81f,0xf81f,0xf81f,0xf81f,0xf81f,0xf81f,0xf81f,0xf81f,0xf81f,
    0xf81f,0xf81f,0xf81f,0xf81f,0x0884,0x0884,0xf81f,0xf81f,0xf81f,0xf81f,0xf81f,0xf81f,0xf81f,0xf81f,0xf81f,0xf81f,
    0xf81f,0xf81f,0xf81f,0xf81f,0xf81f,0xf81f,0xf81f,0xf81f,0xf81f,0x0884,0x0884,0xf81f,0xf81f,0x0927,0x230d,0x23d0,
    0x1b0e,0x11c9,0x08e5,0xf81f,0xf81f,0xf81f,0xf81f,0xf81f,0xf81f,0xf81f,0xf81f,0xf81f,0xf81f,0xf81f,0xf81f,0xf81f,
    0xf81f,0xf81f,0xf81f,0xf81f,0xf81f,0xf81f,0xf81f,0xf81f,0xf81f,0xf81f,0xf81f,0xf81f,0xf81f,0xf81f,0xf81f,0xf81f,
    0xf81f,0xf81f,0xf81f,0xf81f,0xf81f,0xf81f,0xf81f,0xf81f,0xf81f,0xf81f,0xf81f,0xf81f,0xf81f,0xf81f,0xf81f,0xf81f,
    0xf81f,0xf81f,0xf81f,0xf81f,0xf81f,0xf81f,0xf81f,0xf81f,0xf81f,0xf81f,0xf81f,0xf81f,0xf81f,0xf81f,0xf81f,0xf81f,
    0xf81f,0xf81f,0xf81f,0xf81f,0xf81f,0xf81f,0xf81f,0xf81f,0xf81f,0xf81f,0xf81f,0xf81f,0xf81f,0xf81f,0xf81f,0xf81f,
    0xf81f,0xf81f,0xf81f,0xf81f,0xf81f,0xf81f,0xf81f,0xf81f,0xf81f,0xf81f,0xf81f,0xf81f,0xf81f,0xf81f,0xf81f,0xf81f,
    0xf81f,0xf81f,0xf81f,0xf81f,0xf81f,0xf81f,0xf81f,0xf81f,0xf81f,0xf81f,0xf81f,0xf81f,0xf81f,0xf81f,0xf81f,0xf81f,
    0xf81f,0xf81f,0xf81f,0xf81f,0xf81f,0xf81f,0xf81f,0xf81f,0xf81f,0xf81f,0xf81f,0x0884,0x0884,0xf81f,0xf81f,0xf81f,
    0x08c5,0x0947,0x08e6,0xf81f,0xf81f,0xf81f,0xf81f,0xf81f,0xf81f,0xf81f,0xf81f,0xf81f,0xf81f,0xf81f,0xf81f,0xf81f,
    0xf81f,0xf81f,0xf81f,0xf81f,0xf81f,0xf81f,0xf81f,0xf81f,0xf81f,0xf81f,0xf81f,0xf81f,0xf81f,0xf81f,0xf81f,0xf81f,
    0xf81f,0xf81f,0xf81f,0xf81f,0xf81f,0xf81f,0xf81f,0xf81f,0xf81f,0xf81f,0xf81f,0xf81f,0xf81f,0xf81f,0xf81f,0xf81f,
    0xf81f,0xf81f,0xf81f,0xf81f,0xf81f,0xf81f,0xf81f,0xf81f,0xf81f,0xf81f,0xf81f,0xf81f,0xf81f,0xf81f,0xf81f,0xf81f,
    0xf81f,0xf81f,0xf81f,0xf81f,0xf81f,0xf81f,0xf81f,0xf81f,0xf81f,0xf81f,0xf81f,0xf81f,0xf81f,0xf81f,0xf81f,0xf81f,
    0xf81f,0xf81f,0xf81f,0xf81f,0xf81f,0xf81f,0xf81f,0xf81f,0xf81f,0xf81f,0xf81f,0xf81f,0xf81f,0xf81f,0xf81f,0xf81f,
    0xf81f,0xf81f,0xf81f,0xf81f,0xf81f,0xf81f,0xf81f,0xf81f,0xf81f,0xf81f,0xf81f,0xf81f,0xf81f,0xf81f,0xf81f,0xf81f,
    0xf81f,0xf81f,0xf81f,0xf81f,0xf81f,0xf81f,0xf81f,0xf81f,0xf81f,0xf81f,0xf81f,0xf81f,0xf81f,0xf81f,0xf81f,0xf81f,
    0xf81f,0xf81f,0xf81f,0xf81f,0xf81f,0xf81f,0xf81f,0xf81f,0xf81f,0xf81f,0xf81f,0xf81f,0xf81f,0xf81f,0xf81f,0xf81f,
    0xf81f,0xf81f,0xf81f,0xf81f,0xf81f,0xf81f,0xf81f,0xf81f,0xf81f,0xf81f,0xf81f,0xf81f,0xf81f,0xf81f,0xf81f,0xf81f,
    0xf81f,0xf81f,0xf81f,0xf81f,0xf81f,0xf81f,0xf81f,0xf81f,0xf81f,0xf81f,0xf81f,0xf81f,0xf81f,0xf81f,0xf81f,0xf81f,
    0xf81f,0xf81f,0xf81f,0xf81f,0xf81f,0xf81f,0xf81f,0xf81f,0xf81f,0xf81f,0xf81f,0xf81f,0xf81f,0xf81f,0xf81f,0xf81f,
    0xf81f,0xf81f,0xf81f,0xf81f,0xf81f,0xf81f,0xf81f,0xf81f,0xf81f,0xf81f,0xf81f,0xf81f,0xf81f,0xf81f,0xf81f,0xf81f,
    0xf81f,0xf81f,0xf81f,0xf81f,0xf81f,0xf81f,0xf81f,0xf81f,0xf81f,0xf81f,0xf81f,0xf81f,0xf81f,0xf81f,0xf81f,0xf81f,
    0xf81f,0xf81f,0xf81f,0xf81f,0xf81f,0xf81f,0xf81f,0xf81f,0xf81f,0xf81f,0xf81f,0xf81f,0xf81f,0xf81f,0xf81f,0xf81f,
    0xf81f,0xf81f,0xf81f,0xf81f,0xf81f,0xf81f,0xf81f,0xf81f,0xf81f,0xf81f,0xf81f,0xf81f,0xf81f,0xf81f,0xf81f,0xf81f,
    0xf81f,0xf81f,0xf81f,0xf81f,0xf81f,0xf81f,0xf81f,0xf81f,0xf81f,0xf81f,0xf81f,0xf81f,0xf81f,0xf81f,0xf81f,0xf81f,
    0xf81f,0xf81f,0xf81f,0xf81f,0xf81f,0xf81f,0xf81f,0xf81f,0xf81f,0xf81f,0xf81f,0xf81f,0xf81f,0xf81f,0xf81f,0xf81f,
    0xf81f,0xf81f,0xf81f,0xf81f,0xf81f,0xf81f,0xf81f,0xf81f,0xf81f,0xf81f,0xf81f,0xf81f,0xf81f,0xf81f,0xf81f,0xf81f,
    0xf81f,0xf81f,0xf81f,0xf81f,0xf81f,0xf81f,0xf81f,0xf81f,0xf81f,0xf81f,0xf81f,0xf81f,0xf81f,0xf81f,0xf81f,0xf81f,
    0xf81f,0xf81f,0xf81f,0xf81f,0xf81f,0xf81f,0xf81f,0xf81f,0xf81f,0xf81f,0xf81f,0xf81f,0xf81f,0xf81f,0xf81f,0xf81f,
    0xf81f,0xf81f,0xf81f,0xf81f,0xf81f,0xf81f,0xf81f,0xf81f,0xf81f,0xf81f,0xf81f,0xf81f,0xf81f,0xf81f,0xf81f,0xf81f,
    0xf81f,0xf81f,0xf81f,0xf81f,0xf81f,0xf81f,0xf81f,0xf81f,0xf81f,0xf81f,0xf81f,0xf81f,0xf81f,0xf81f,0xf81f,0xf81f,
    0xf81f,0xf81f,0xf81f,0xf81f,0xf81f,0xf81f,0xf81f,0xf81f,0xf81f,0xf81f,0xf81f,0xf81f,0xf81f,0xf81f,0xf81f,0xf81f,
    0xf81f,0xf81f,0xf81f,0xf81f,0xf81f,0xf81f,0xf81f,0xf81f,0xf81f,0xf81f,0xf81f,0xf81f,0xf81f,0xf81f,0xf81f,0xf81f,
    0xf81f,0xf81f,0xf81f,0xf81f,0xf81f,0xf81f,0xf81f,0xf81f,0xf81f,0xf81f,0xf81f,0xf81f,0xf81f,0xf81f,0xf81f,0xf81f,
    0xf81f,0xf81f,0xf81f,0xf81f,0xf81f,0xf81f,0xf81f,0xf81f,0xf81f,0xf81f,0xf81f,0xf81f,0xf81f,0xf81f,0xf81f,0xf81f,
    0xf81f,0xf81f,0xf81f,0xf81f,0xf81f,0xf81f,0xf81f,0xf81f,0xf81f,0xf81f,0xf81f,0xf81f,0xf81f,0xf81f,0xf81f,0xf81f,
    0xf81f,0xf81f,0xf81f,0xf81f,0xf81f,0xf81f,0xf81f,0xf81f,0xf81f,0xf81f,0xf81f,0xf81f,0xf81f,0xf81f,0xf81f,0xf81f,
    0xf81f,0xf81f,0xf81f,0xf81f,0xf81f,0xf81f,0xf81f,0xf81f,0xf81f,0xf81f,0xf81f,0xf81f,0xf81f,0xf81f,0xf81f,0xf81f,
    0xf81f,0xf81f,0xf81f,0xf81f,0xf81f,0xf81f,0xf81f,0xf81f,0xf81f,0xf81f,0xf81f,0xf81f,0xf81f,0xf81f,0xf81f,0xf81f,
    0xf81f,0xf81f,0xf81f,0xf81f,0xf81f,0xf81f,0xf81f,0xf81f,0xf81f,0xf81f,0xf81f,0xf81f,0xf81f,0xf81f,0xf81f,0xf81f,
    0xf81f,0xf81f,0xf81f,0xf81f,0xf81f,0xf81f,0xf81f,0xf81f,0xf81f,0xf81f,0xf81f,0xf81f,0xf81f,0xf81f,0xf81f,0xf81f,
    0xf81f,0xf81f,0xf81f,0xf81f,0xf81f,0xf81f,0xf81f,0xf81f,0xf81f,0xf81f,0xf81f,0xf81f,0xf81f,0xf81f,0xf81f,0xf81f,
    0xf81f,0xf81f,0xf81f,0xf81f,0xf81f,0xf81f,0xf81f,0xf81f,0xf81f,0xf81f,0xf81f,0xf81f,0xf81f,0xf81f,0xf81f,0xf81f,
    0xf81f,0xf81f,0xf81f,0xf81f,0xf81f,0xf81f,0xf81f,0xf81f,0xf81f,0xf81f,0xf81f,0xf81f,0xf81f,0xf81f,0xf81f,0xf81f,
    0xf81f,0xf81f,0xf81f,0xf81f,0xf81f,0xf81f,0xf81f,0xf81f,0xf81f,0xf81f,0xf81f,0xf81f,0xf81f,0xf81f,0xf81f,0xf81f,
    0xf81f,0xf81f,0xf81f,0xf81f,0xf81f,0xf81f,0xf81f,0xf81f,0xf81f,0xf81f,0xf81f,0xf81f,0xf81f,0xf81f,0xf81f,0xf81f,
    0xf81f,0xf81f,0xf81f,0xf81f,0xf81f,0xf81f,0xf81f,0xf81f,0xf81f,0xf81f,0xf81f,0xf81f,0xf81f,0xf81f,0xf81f,0xf81f,
    0xf81f,0xf81f,0xf81f,0xf81f,0xf81f,0xf81f,0xf81f,0xf81f,0xf81f,0xf81f,0xf81f,0xf81f,0xf81f,0xf81f,0xf81f,0xf81f,
    0xf81f,0xf81f,0xf81f,0xf81f,0xf81f,0xf81f,0xf81f,0xf81f,0xf81f,0xf81f,0xf81f,0xf81f,0xf81f,0xf81f,0xf81f,0xf81f,
    0xf81f,0xf81f,0xf81f,0xf81f,0xf81f,0xf81f,0xf81f,0xf81f,0xf81f,0xf81f,0xf81f,0xf81f,0xf81f,0xf81f,0xf81f,0xf81f,
    0xf81f,0xf81f,0xf81f,0xf81f,0xf81f,0xf81f,0xf81f,0xf81f,0xf81f,0xf81f,0xf81f,0xf81f,0xf81f,0xf81f,0xf81f,0xf81f,
    0xf81f,0xf81f,0xf81f,0xf81f,0xf81f,0xf81f,0xf81f,0xf81f,0xf81f,0xf81f,0xf81f,0xf81f,0xf81f,0xf81f,0xf81f,0xf81f,
    0xf81f,0xf81f,0xf81f,0xf81f,0xf81f,0xf81f,0xf81f,0xf81f,0xf81f,0xf81f,0xf81f,0xf81f,0xf81f,0xf81f,0xf81f,0xf81f,
    0xf81f,0xf81f,0xf81f,0xf81f,0xf81f,0xf81f,0xf81f,0xf81f,0xf81f,0xf81f,0xf81f,0xf81f,0xf81f,0xf81f,0xf81f,0xf81f,
    0xf81f,0xf81f,0xf81f,0xf81f,0xf81f,0xf81f,0xf81f,0xf81f,0xf81f,0xf81f,0xf81f,0xf81f,0xf81f,0xf81f,0xf81f,0xf81f,
    0xf81f,0xf81f,0xf81f,0xf81f,0xf81f,0xf81f,0xf81f,0xf81f,0xf81f,0xf81f,0xf81f,0xf81f,0xf81f,0xf81f,0xf81f,0xf81f,
    0xf81f,0xf81f,0xf81f,0xf81f,0xf81f,0xf81f,0xf81f,0xf81f,0xf81f,0xf81f,0xf81f,0xf81f,0xf81f,0xf81f,0xf81f,0xf81f,
    0xf81f,0xf81f,0xf81f,0xf81f,0xf81f,0xf81f,0xf81f,0xf81f,0xf81f,0xf81f,0xf81f,0xf81f,0xf81f,0xf81f,0xf81f,0xf81f,
    0xf81f,0xf81f,0xf81f,0xf81f,0xf81f,0xf81f,0xf81f,0xf81f,0xf81f,0xf81f,0xf81f,0xf81f,0xf81f,0xf81f,0xf81f,0xf81f,
    0xf81f,0xf81f,0xf81f,0xf81f,0xf81f,0xf81f,0xf81f,0xf81f,0xf81f,0xf81f,0xf81f,0xf81f,0xf81f,0xf81f,0xf81f,0xf81f,
    0xf81f,0xf81f,0xf81f,0xf81f,0xf81f,0xf81f,0xf81f,0xf81f,0xf81f,0xf81f,0xf81f,0xf81f,0xf81f,0xf81f,0xf81f,0xf81f,
    0xf81f,0xf81f,0xf81f,0xf81f,0xf81f,0xf81f,0xf81f,0xf81f,0xf81f,0xf81f,0xf81f,0xf81f,0xf81f,0xf81f,0xf81f,0xf81f,
    0xf81f,0xf81f,0xf81f,0xf81f,0xf81f,0xf81f,0xf81f,0xf81f,0xf81f,0xf81f,0xf81f,0xf81f,0xf81f,0xf81f,0xf81f,0xf81f,
    0xf81f,0xf81f,0xf81f,0xf81f,0xf81f,0xf81f,0xf81f,0xf81f,0xf81f,0xf81f,0xf81f,0xf81f,0xf81f,0xf81f,0xf81f,0xf81f,
    0xf81f,0xf81f,0xf81f,0xf81f,0xf81f,0xf81f,0xf81f,0xf81f,0xf81f,0xf81f,0xf81f,0xf81f,0xf81f,0xf81f,0xf81f,0xf81f,
    0xf81f,0xf81f,0xf81f,0xf81f,0xf81f,0xf81f,0xf81f,0xf81f,0xf81f,0xf81f,0xf81f,0xf81f,0xf81f,0xf81f,0xf81f,0xf81f,
    0xf81f,0xf81f,0xf81f,0xf81f,0xf81f,0xf81f,0xf81f,0xf81f,0xf81f,0xf81f,0xf81f,0xf81f,0xf81f,0xf81f,0xf81f,0xf81f,
    0xf81f,0xf81f,0xf81f,0xf81f,0xf81f,0xf81f,0xf81f,0xf81f,0xf81f,0xf81f,0xf81f,0xf81f,0xf81f,0xf81f,0xf81f,0xf81f,
    0xf81f,0xf81f,0xf81f,0xf81f,0xf81f,0xf81f,0xf81f,0xf81f,0xf81f,0xf81f,0xf81f,0xf81f,0xf81f,0xf81f,0xf81f,0xf81f,
    0xf81f,0xf81f,0xf81f,0xf81f,0xf81f,0xf81f,0xf81f,0xf81f,0xf81f,0xf81f,0xf81f,0xf81f,0xf81f,0xf81f,0xf81f,0xf81f,
    0xf81f,0xf81f,0xf81f,0xf81f,0xf81f,0xf81f,0xf81f,0xf81f,0xf81f,0xf81f,0xf81f,0xf81f,0xf81f,0xf81f,0xf81f,0xf81f,
    0xf81f,0xf81f,0xf81f,0xf81f,0xf81f,0xf81f,0xf81f,0xf81f,0xf81f,0xf81f,0xf81f,0xf81f,0xf81f,0xf81f,0xf81f,0xf81f,
    0xf81f,0xf81f,0xf81f,0xf81f,0xf81f,0xf81f,0xf81f,0xf81f,0xf81f,0xf81f,0xf81f,0xf81f,0xf81f,0xf81f,0xf81f,0xf81f,
    0xf81f,0xf81f,0xf81f,0xf81f,0xf81f,0xf81f,0xf81f,0xf81f,0xf81f,0xf81f,0xf81f,0xf81f,0xf81f,0xf81f,0xf81f,0xf81f,
    0xf81f,0xf81f,0xf81f,0xf81f,0xf81f,0xf81f,0xf81f,0xf81f,0xf81f,0xf81f,0xf81f,0xf81f,0xf81f,0xf81f,0xf81f,0xf81f,
    0xf81f,0xf81f,0xf81f,0xf81f,0xf81f,0xf81f,0xf81f,0xf81f,0xf81f,0xf81f,0xf81f,0xf81f,0xf81f,0xf81f,0xf81f,0xf81f,
    0xf81f,0xf81f,0xf81f,0xf81f,0xf81f,0xf81f,0xf81f,0xf81f,0xf81f,0xf81f,0xf81f,0xf81f,0xf81f,0xf81f,0xf81f,0xf81f,
    0xf81f,0xf81f,0xf81f,0xf81f,0xf81f,0xf81f,0xf81f,0xf81f,0xf81f,0xf81f,0xf81f,0xf81f,0xf81f,0xf81f,0xf81f,0xf81f,
};

static const uint16_t kui_art_icons[3][128 * 128] = {
  { /* disc-ripper */
    0xf81f,0xf81f,0xf81f,0xf81f,0xf81f,0xf81f,0xf81f,0xf81f,0xf81f,0xf81f,0xf81f,0xf81f,0xf81f,0xf81f,0xf81f,0xf81f,
    0xf81f,0xf81f,0xf81f,0xf81f,0xf81f,0x10c6,0x18e6,0x20e7,0x2928,0x3949,0x414a,0x496b,0x518b,0x518c,0x518c,0x518c,
    0x518c,0x518c,0x518c,0x518c,0x518c,0x518c,0x518c,0x518c,0x518c,0x518c,0x518c,0x518c,0x518c,0x518c,0x518c,0x518c,
    0x518c,0x518c,0x518c,0x518c,0x518c,0x518c,0x518c,0x518c,0x518c,0x518c,0x518c,0x518c,0x518c,0x518c,0x518c,0x518c,
    0x518c,0x518c,0x518c,0x518c,0x518c,0x518c,0x518c,0x518c,0x518c,0x518c,0x518c,0x518c,0x518c,0x518c,0x518c,0x518c,
    0x518c,0x518c,0x518c,0x518c,0x518c,0x518c,0x518c,0x518c,0x518c,0x518c,0x518c,0x518c,0x518c,0x518c,0x518c,0x518c,
    0x518c,0x518c,0x518c,0x518c,0x498b,0x416a,0x3949,0x2908,0x18e7,0x10c6,0x10c6,0xf81f,0xf81f,0xf81f,0xf81f,0xf81f,
    0xf81f,0xf81f,0xf81f,0xf81f,0xf81f,0xf81f,0xf81f,0xf81f,0xf81f,0xf81f,0xf81f,0xf81f,0xf81f,0xf81f,0xf81f,0xf81f,
    0xf81f,0xf81f,0xf81f,0xf81f,0xf81f,0xf81f,0xf81f,0xf81f,0xf81f,0xf81f,0xf81f,0xf81f,0xf81f,0xf81f,0xf81f,0x10c6,
    0x10c6,0x10c6,0x18e7,0x2107,0x2908,0x3128,0x3129,0x394a,0x416a,0x496b,0x498b,0x518c,0x518c,0x51ac,0x598c,0x598c,
    0x598c,0x598c,0x598c,0x598c,0x598c,0x598c,0x598c,0x598c,0x598c,0x598c,0x598c,0x598c,0x598c,0x598c,0x598c,0x598c,
    0x598c,0x598c,0x598c,0x598c,0x598c,0x598c,0x598c,0x598c,0x598c,0x598c,0x598c,0x598c,0x598c,0x598c,0x598c,0x598c,
    0x598c,0x598c,0x598c,0x598c,0x598c,0x598c,0x598c,0x598c,0x598c,0x598c,0x598c,0x598c,0x598c,0x598c,0x598c,0x598c,
    0x598c,0x598c,0x598c,0x598c,0x598c,0x598c,0x598c,0x598c,0x598c,0x598c,0x598c,0x598c,0x598c,0x598c,0x598c,0x598c,
    0x598c,0x598c,0x598c,0x51ac,0x518c,0x518b,0x496b,0x416a,0x3949,0x3129,0x2928,0x2108,0x18e7,0x18e6,0x10c6,0xf81f,
    0xf81f,0xf81f,0xf81f,0xf81f,0xf81f,0xf81f,0xf81f,0xf81f,0xf81f,0xf81f,0xf81f,0xf81f,0xf81f,0xf81f,0xf81f,0xf81f,
    0xf81f,0xf81f,0xf81f,0xf81f,0xf81f,0xf81f,0xf81f,0xf81f,0xf81f,0xf81f,0xf81f,0xf81f,0xf81f,0xf81f,0xf81f,0x10c6,
    0x10e6,0x18e7,0x3129,0x416b,0x598c,0x61ce,0x71ef,0x79ef,0x71ee,0x69ce,0x69ce,0x61ad,0x61ad,0x59ad,0x59ad,0x59ad,
    0x59ad,0x59ad,0x59ad,0x59ad,0x59ad,0x59ad,0x59ad,0x59ad,0x59ad,0x59ad,0x59ad,0x59ad,0x59ad,0x59ad,0x59ad,0x59ad,
    0x59ad,0x59ad,0x59ad,0x59ad,0x59ad,0x59ad,0x59ad,0x59ad,0x59ad,0x59ad,0x59ad,0x59ad,0x59ad,0x59ad,0x59ad,0x59ad,
    0x59ad,0x59ad,0x59ad,0x59ad,0x59ad,0x59ad,0x59ad,0x59ad,0x59ad,0x59ad,0x59ad,0x59ad,0x59ad,0x59ad,0x59ad,0x59ad,
    0x59ad,0x59ad,0x59ad,0x59ad,0x59ad,0x59ad,0x59ad,0x59ad,0x59ad,0x59ad,0x59ad,0x59ad,0x59ad,0x59ad,0x59ad,0x59ad,
    0x59ad,0x59ad,0x59ad,0x59ad,0x61ad,0x61cd,0x69ce,0x71ef,0x79ef,0x71ef,0x61ad,0x496b,0x3129,0x2107,0x18e6,0xf81f,
    0xf81f,0xf81f,0xf81f,0xf81f,0xf81f,0xf81f,0xf81f,0xf81f,0xf81f,0xf81f,0xf81f,0xf81f,0xf81f,0xf81f,0xf81f,0xf81f,
    0xf81f,0xf81f,0xf81f,0xf81f,0xf81f,0xf81f,0xf81f,0xf81f,0xf81f,0xf81f,0xf81f,0xf81f,0x10c6,0x10c6,0x18e7,0x2107,
    0x3128,0x394a,0x496b,0x59ac,0x61ce,0x71ce,0x71ef,0x71ef,0x69ce,0x61cd,0x59ad,0x518c,0x518b,0x498b,0x496b,0x496b,
    0x496b,0x496b,0x496b,0x496b,0x496b,0x496b,0x496b,0x496b,0x496b,0x496b,0x496b,0x496b,0x496b,0x496b,0x496b,0x496b,
    0x496b,0x496b,0x496b,0x496b,0x496b,0x496b,0x496b,0x496b,0x496b,0x496b,0x496b,0x496b,0x496b,0x496b,0x496b,0x496b,
    0x496b,0x496b,0x496b,0x496b,0x496b,0x496b,0x496b,0x496b,0x496b,0x496b,0x496b,0x496b,0x496b,0x496b,0x496b,0x496b,
    0x496b,0x496b,0x496b,0x496b,0x496b,0x496b,0x496b,0x496b,0x496b,0x496b,0x496b,0x496b,0x496b,0x496b,0x496b,0x496b,
    0x496b,0x496b,0x496b,0x498b,0x518c,0x59ac,0x61cd,0x69ee,0x71ef,0x71ef,0x69ce,0x61ad,0x518c,0x414a,0x3129,0x2107,
    0x18e6,0x10c6,0x10c6,0xf81f,0xf81f,0xf81f,0xf81f,0xf81f,0xf81f,0xf81f,0xf81f,0xf81f,0xf81f,0xf81f,0xf81f,0xf81f,
    0xf81f,0xf81f,0xf81f,0xf81f,0xf81f,0xf81f,0xf81f,0xf81f,0xf81f,0xf81f,0xf81f,0x10c6,0x10c6,0x18e7,0x3128,0x496b,
    0x61cd,0x71ee,0x69ce,0x61cd,0x518c,0x496b,0x394a,0x3129,0x3128,0x2928,0x2908,0x2908,0x2108,0x2108,0x2108,0x2108,
    0x2108,0x2108,0x2108,0x2108,0x2108,0x2108,0x2108,0x2108,0x2108,0x2108,0x2108,0x2108,0x2108,0x2108,0x2108,0x2108,
    0x2108,0x2108,0x2108,0x2108,0x2108,0x2108,0x2108,0x2108,0x2108,0x2108,0x2108,0x2108,0x2108,0x2108,0x2108,0x2108,
    0x2108,0x2108,0x2108,0x2108,0x2108,0x2108,0x2108,0x2108,0x2108,0x2108,0x2108,0x2108,0x2108,0x2108,0x2108,0x2108,
    0x2108,0x2108,0x2108,0x2108,0x2108,0x2108,0x2108,0x2108,0x2108,0x2108,0x2108,0x2108,0x2108,0x2108,0x2108,0x2108,
    0x2108,0x2108,0x2107,0x2108,0x2908,0x2908,0x2928,0x3129,0x3949,0x416a,0x518c,0x61ad,0x71ef,0x71ee,0x61ad,0x496b,
    0x2908,0x18e6,0x10e6,0xf81f,0xf81f,0xf81f,0xf81f,0xf81f,0xf81f,0xf81f,0xf81f,0xf81f,0xf81f,0xf81f,0xf81f,0xf81f,
    0xf81f,0xf81f,0xf81f,0xf81f,0xf81f,0xf81f,0xf81f,0xf81f,0xf81f,0x10c6,0x10c6,0x18e6,0x2108,0x3149,0x496b,0x59ad,
    0x71ee,0x71ef,0x61cd,0x518c,0x414a,0x2928,0x18e7,0x10e6,0x10c6,0x10c6,0x10c6,0x10c6,0x10c6,0x10c6,0x10c6,0x10c6,
    0x10c6,0x10c6,0x10c6,0x10c6,0x10c6,0x10c6,0x10c6,0x10c6,0x10c6,0x10c6,0x10c6,0x10c6,0x10c6,0x10c6,0x10c6,0x10c6,
    0x10c6,0x10c6,0x10c6,0x10c6,0x10c6,0x10c6,0x10c6,0x10c6,0x10c6,0x10c6,0x10c6,0x10c6,0x10c6,0x10c6,0x10c6,0x10c6,
    0x10c6,0x10c6,0x10c6,0x10c6,0x10c6,0x10c6,0x10c6,0x10c6,0x10c6,0x10c6,0x10c6,0x10c6,0x10c6,0x10c6,0x10c6,0x10c6,
    0x10c6,0x10c6,0x10c6,0x10c6,0x10c6,0x10c6,0x10c6,0x10c6,0x10c6,0x10c6,0x10c6,0x10c6,0x10c6,0x10c6,0x10c6,0x10c6,
    0x10c6,0x10c6,0x10c6,0x10c6,0x10c6,0x10c6,0x10c6,0x10c6,0x18e6,0x2107,0x3949,0x498b,0x61ce,0x71ee,0x69ce,0x61ad,
    0x496b,0x3129,0x2107,0x18e6,0x10c6,0xf81f,0xf81f,0xf81f,0xf81f,0xf81f,0xf81f,0xf81f,0xf81f,0xf81f,0xf81f,0xf81f,
    0xf81f,0xf81f,0xf81f,0xf81f,0xf81f,0xf81f,0xf81f,0xf81f,0xf81f,0x10c6,0x10c6,0x2908,0x498b,0x61ad,0x69ee,0x69ce,
    0x518c,0x414a,0x3129,0x2908,0x2107,0x18e7,0x10e6,0x10c6,0x10c6,0x10c6,0x10c6,0x10c6,0x10c6,0x10c6,0x10c6,0x10c6,
    0x10c6,0x10c6,0x10c6,0x10c6,0x10c6,0x10c6,0x10c6,0x10c6,0x10c6,0x10c6,0x10c6,0x10c6,0x10c6,0x10c6,0x10c6,0x10c6,
    0x10c6,0x10c6,0x10c6,0x10c6,0x10c6,0x10c6,0x10c6,0x10c6,0x10c6,0x10c6,0x10c6,0x10c6,0x10c6,0x10c6,0x10c6,0x10c6,
    0x10c6,0x10c6,0x10c6,0x10c6,0x10c6,0x10c6,0x10c6,0x10c6,0x10c6,0x10c6,0x10c6,0x10c6,0x10c6,0x10c6,0x10c6,0x10c6,
    0x10c6,0x10c6,0x10c6,0x10c6,0x10c6,0x10c6,0x10c6,0x10c6,0x10c6,0x10c6,0x10c6,0x10c6,0x10c6,0x10c6,0x10c6,0x10c6,
    0x10c6,0x10c6,0x10c6,0x10c6,0x10c6,0x10c6,0x10c6,0x10c6,0x10c6,0x18e6,0x18e7,0x2908,0x3129,0x414a,0x59ac,0x69ce,
    0x71ef,0x69ce,0x416a,0x2908,0x18e6,0xf81f,0xf81f,0xf81f,0xf81f,0xf81f,0xf81f,0xf81f,0xf81f,0xf81f,0xf81f,0xf81f,
    0xf81f,0xf81f,0xf81f,0xf81f,0xf81f,0xf81f,0xf81f,0x10c6,0x10c6,0x18e7,0x2928,0x416a,0x61ad,0x71ee,0x69ce,0x598c,
    0x3949,0x2107,0x18e6,0x10c6,0x10c6,0x10c6,0x10c6,0x10c6,0x10c6,0x10c6,0x10c6,0x10c6,0x10c6,0x10c6,0x10c6,0x10c6,
    0x10c6,0x10c6,0x10c6,0x10c6,0x10c6,0x10c6,0x10c6,0x10c6,0x10c6,0x10c6,0x10c6,0x10c6,0x10c6,0x10c6,0x10c6,0x10c6,
    0x10c6,0x10c6,0x10c6,0x10c6,0x10c6,0x10c6,0x10c6,0x10c6,0x10c6,0x10c6,0x10c6,0x10c6,0x10c6,0x10c6,0x10c6,0x10c6,
    0x10c6,0x10c6,0x10c6,0x10c6,0x10c6,0x10c6,0x10c6,0x10c6,0x10c6,0x10c6,0x10c6,0x10c6,0x10c6,0x10c6,0x10c6,0x10c6,
    0x10c6,0x10c6,0x10c6,0x10c6,0x10c6,0x10c6,0x10c6,0x10c6,0x10c6,0x10c6,0x10c6,0x10c6,0x10c6,0x10c6,0x10c6,0x10c6,
    0x10c6,0x10c6,0x10c6,0x10c6,0x10c6,0x10c6,0x10c6,0x10c6,0x10c6,0x10c6,0x10c6,0x10c6,0x10e6,0x2107,0x394a,0x59ac,
    0x71ee,0x71ef,0x59ad,0x416a,0x2928,0x18e7,0x10c6,0xf81f,0xf81f,0xf81f,0xf81f,0xf81f,0xf81f,0xf81f,0xf81f,0xf81f,
    0xf81f,0xf81f,0xf81f,0xf81f,0xf81f,0xf81f,0xf81f,0x10c6,0x18e7,0x3129,0x59ad,0x69ce,0x69ce,0x59ad,0x414a,0x2908,
    0x20e7,0x18e6,0x10c6,0x10c6,0x10c6,0x10c6,0x10c6,0x10c6,0x10c6,0x10c6,0x10c6,0x10c6,0x10c6,0x10c6,0x10c6,0x10c6,
    0x10c6,0x10c6,0x10c6,0x10c6,0x10c6,0x10c6,0x10c6,0x10c6,0x10c6,0x10c6,0x10c6,0x10c6,0x10c6,0x10c6,0x10c6,0x10c6,
    0x10c6,0x10c6,0x10c6,0x10c6,0x10c6,0x10c6,0x10c6,0x10c6,0x10c6,0x10c6,0x10c6,0x10c6,0x10c6,0x10c6,0x10c6,0x10c6,
    0x10c6,0x10c6,0x10c6,0x10c6,0x10c6,0x10c6,0x10c6,0x10c6,0x10c6,0x10c6,0x10c6,0x10c6,0x10c6,0x10c6,0x10c6,0x10c6,
    0x10c6,0x10c6,0x10c6,0x10c6,0x10c6,0x10c6,0x10c6,0x10c6,0x10c6,0x10c6,0x10c6,0x10c6,0x10c6,0x10c6,0x10c6,0x10c6,
    0x10c6,0x10c6,0x10c6,0x10c6,0x10c6,0x10c6,0x10c6,0x10c6,0x10c6,0x10c6,0x10c6,0x10c6,0x10c6,0x18e6,0x2107,0x2928,
    0x414a,0x518c,0x71ef,0x69ee,0x498b,0x3129,0x18e7,0xf81f,0xf81f,0xf81f,0xf81f,0xf81f,0xf81f,0xf81f,0xf81f,0xf81f,
    0xf81f,0xf81f,0xf81f,0xf81f,0xf81f,0x10c6,0x10c6,0x18e7,0x3129,0x498b,0x69ce,0x71ef,0x59ad,0x414a,0x2107,0x10c6,
    0x10c6,0x10c6,0x10c6,0x10c6,0x10c6,0x10c6,0x10c6,0x10c6,0x10c6,0x10c6,0x10c6,0x10c6,0x10c6,0x10c6,0x10c6,0x10c6,
    0x10c6,0x10c6,0x10c6,0x10c6,0x10c6,0x10c6,0x10c6,0x10c6,0x10c6,0x10c6,0x10c6,0x10c6,0x10c6,0x10c6,0x10c6,0x10c6,
    0x10c6,0x10c6,0x10c6,0x10c6,0x10c6,0x10c6,0x10c6,0x10c6,0x10c6,0x10c6,0x10c6,0x10c6,0x10c6,0x10c6,0x10c6,0x10c6,
    0x10c6,0x10c6,0x10c6,0x10c6,0x10c6,0x10c6,0x10c6,0x10c6,0x10c6,0x10c6,0x10c6,0x10c6,0x10c6,0x10c6,0x10c6,0x10c6,
    0x10c6,0x10c6,0x10c6,0x10c6,0x10c6,0x10c6,0x10c6,0x10c6,0x10c6,0x10c6,0x10c6,0x10c6,0x10c6,0x10c6,0x10c6,0x10c6,
    0x10c6,0x10c6,0x10c6,0x10c6,0x10c6,0x10c6,0x10c6,0x10c6,0x10c6,0x10c6,0x10c6,0x10c6,0x10c6,0x10c6,0x10c6,0x18e6,
    0x2107,0x394a,0x61cd,0x71ee,0x61cd,0x498b,0x3128,0x18e7,0x10c6,0xf81f,0xf81f,0xf81f,0xf81f,0xf81f,0xf81f,0xf81f,
    0xf81f,0xf81f,0xf81f,0xf81f,0xf81f,0x10c6,0x10c6,0x2928,0x59ac,0x69ce,0x61cd,0x518c,0x3129,0x2107,0x18e6,0x10c6,
    0x10c6,0x10c6,0x10c6,0x10c6,0x10c6,0x10c6,0x10c6,0x10c6,0x10c6,0x10c6,0x10c6,0x10c6,0x10c6,0x10c6,0x10c6,0x10c6,
    0x10c6,0x10c6,0x10c6,0x10c6,0x10c6,0x10c6,0x10c6,0x10c6,0x10c6,0x10c6,0x10c6,0x10c6,0x10c6,0x10c6,0x10c6,0x10c6,
    0x10c6,0x10c6,0x10c6,0x10c6,0x10c6,0x10c6,0x10c6,0x10c6,0x10c6,0x10c6,0x10c6,0x10c6,0x10c6,0x10c6,0x10c6,0x10c6,
    0x10c6,0x10c6,0x10c6,0x10c6,0x10c6,0x10c6,0x10c6,0x10c6,0x10c6,0x10c6,0x10c6,0x10c6,0x10c6,0x10c6,0x10c6,0x10c6,
    0x10c6,0x10c6,0x10c6,0x10c6,0x10c6,0x10c6,0x10c6,0x10c6,0x10c6,0x10c6,0x10c6,0x10c6,0x10c6,0x10c6,0x10c6,0x10c6,
    0x10c6,0x10c6,0x10c6,0x10c6,0x10c6,0x10c6,0x10c6,0x10c6,0x10c6,0x10c6,0x10c6,0x10c6,0x10c6,0x10c6,0x10c6,0x10c6,
    0x18e6,0x2107,0x3929,0x518b,0x71ce,0x69ce,0x498b,0x3129,0x18e7,0xf81f,0xf81f,0xf81f,0xf81f,0xf81f,0xf81f,0xf81f,
    0xf81f,0xf81f,0xf81f,0xf81f,0x10c6,0x18e6,0x2908,0x416a,0x69ce,0x71ef,0x518c,0x3949,0x18e7,0x10c6,0x10c6,0x10c6,
    0x10c6,0x10c6,0x10c6,0x10c6,0x10c6,0x10c6,0x10c6,0x10c6,0x10c6,0x10c6,0x10c6,0x10c6,0x10c6,0x10c6,0x10c6,0x10c6,
    0x10c6,0x10c6,0x10c6,0x10c6,0x10c6,0x10c6,0x10c6,0x10c6,0x10c6,0x10c6,0x10c6,0x10c6,0x10c6,0x10c6,0x10c6,0x10c6,
    0x10c6,0x10c6,0x10c6,0x10c6,0x10c6,0x10c6,0x10c6,0x10c6,0x10c6,0x10c6,0x10c6,0x10c6,0x10c6,0x10c6,0x10c6,0x10c6,
    0x10c6,0x10c6,0x10c6,0x10c6,0x10c6,0x10c6,0x10c6,0x10c6,0x10c6,0x10c6,0x10c6,0x10c6,0x10c6,0x10c6,0x10c6,0x10c6,
    0x10c6,0x10c6,0x10c6,0x10c6,0x10c6,0x10c6,0x10c6,0x10c6,0x10c6,0x10c6,0x10c6,0x10c6,0x10c6,0x10c6,0x10c6,0x10c6,
    0x10c6,0x10c6,0x10c6,0x10c6,0x10c6,0x10c6,0x10c6,0x10c6,0x10c6,0x10c6,0x10c6,0x10c6,0x10c6,0x10c6,0x10c6,0x10c6,
    0x10c6,0x10e6,0x18e7,0x3129,0x61ad,0x71ee,0x61cd,0x498b,0x2908,0x18e6,0x10c6,0xf81f,0xf81f,0xf81f,0xf81f,0xf81f,
    0xf81f,0xf81f,0xf81f,0x10c6,0x10c6,0x2108,0x496b,0x61ad,0x69ce,0x59ad,0x3129,0x18e7,0x10e6,0x10c6,0x10c6,0x10c6,
    0x10c6,0x10c6,0x10c6,0x10c6,0x10c6,0x10c6,0x10c6,0x10c6,0x10c6,0x10c6,0x10c6,0x10c6,0x10c6,0x10c6,0x10c6,0x10c6,
    0x10c6,0x10c6,0x10c6,0x10c6,0x10c6,0x10c6,0x10c6,0x10c6,0x10c6,0x10c6,0x10c6,0x10c6,0x10c6,0x10c6,0x10c6,0x10c6,
    0x10c6,0x10c6,0x10c6,0x10c6,0x10c6,0x10c6,0x10c6,0x10c6,0x10c6,0x10c6,0x10c6,0x10c6,0x10c6,0x10c6,0x10c6,0x10c6,
    0x10c6,0x10c6,0x10c6,0x10c6,0x10c6,0x10c6,0x10c6,0x10c6,0x10c6,0x10c6,0x10c6,0x10c6,0x10c6,0x10c6,0x10c6,0x10c6,
    0x10c6,0x10c6,0x10c6,0x10c6,0x10c6,0x10c6,0x10c6,0x10c6,0x10c6,0x10c6,0x10c6,0x10c6,0x10c6,0x10c6,0x10c6,0x10c6,
    0x10c6,0x10c6,0x10c6,0x10c6,0x10c6,0x10c6,0x10c6,0x10c6,0x10c6,0x10c6,0x10c6,0x10c6,0x10c6,0x10c6,0x10c6,0x10c6,
    0x10c6,0x10c6,0x10c6,0x2107,0x3129,0x518b,0x71ef,0x69ce,0x414a,0x2107,0x18e6,0xf81f,0xf81f,0xf81f,0xf81f,0xf81f,
    0xf81f,0xf81f,0xf81f,0x10c6,0x18e7,0x3149,0x61cd,0x71ee,0x59ad,0x416a,0x2107,0x10c6,0x10c6,0x10c6,0x10c6,0x10c6,
    0x10c6,0x10c6,0x10c6,0x10c6,0x10c6,0x10c6,0x10c6,0x10c6,0x10c6,0x10c6,0x10c6,0x10c6,0x10c6,0x10c6,0x10c6,0x10c6,
    0x10c6,0x10c6,0x10c6,0x10c6,0x10c6,0x10c6,0x10c6,0x10c6,0x10c6,0x10c6,0x10c6,0x10c6,0x10c6,0x10c6,0x10c6,0x10c6,
    0x10c6,0x10c6,0x10c6,0x10c6,0x10c6,0x10c6,0x10c6,0x10c6,0x10c6,0x10c6,0x10c6,0x10c6,0x10c6,0x10c6,0x10c6,0x10c6,
    0x10c6,0x10c6,0x10c6,0x10c6,0x10c6,0x10c6,0x10c6,0x10c6,0x10c6,0x10c6,0x10c6,0x10c6,0x10c6,0x10c6,0x10c6,0x10c6,
    0x10c6,0x10c6,0x10c6,0x10c6,0x10c6,0x10c6,0x10c6,0x10c6,0x10c6,0x10c6,0x10c6,0x10c6,0x10c6,0x10c6,0x10c6,0x10c6,
    0x10c6,0x10c6,0x10c6,0x10c6,0x10c6,0x10c6,0x10c6,0x10c6,0x10c6,0x10c6,0x10c6,0x10c6,0x10c6,0x10c6,0x10c6,0x10c6,
    0x10c6,0x10c6,0x10c6,0x10e6,0x18e7,0x3949,0x69ce,0x71ef,0x59ac,0x394a,0x2107,0x10c6,0x10c6,0xf81f,0xf81f,0xf81f,
    0xf81f,0xf81f,0xf81f,0x18e7,0x3129,0x496b,0x71ee,0x69ce,0x414a,0x2107,0x18e6,0x10c6,0x10c6,0x10c6,0x10c6,0x10c6,
    0x10c6,0x10c6,0x10c6,0x10c6,0x10c6,0x10c6,0x10c6,0x10c6,0x10c6,0x10c6,0x10c6,0x10c6,0x10c6,0x10c6,0x10c6,0x10c6,
    0x10c6,0x10c6,0x10c6,0x10c6,0x10c6,0x10c6,0x10c6,0x10c6,0x10c6,0x10c6,0x10c6,0x10c6,0x10c6,0x10c6,0x10c6,0x10c6,
    0x10c6,0x10c6,0x10c6,0x10c6,0x10c6,0x10c6,0x10c6,0x10c6,0x10c6,0x10c6,0x10c6,0x10c6,0x10c6,0x10c6,0x10c6,0x10c6,
    0x10c6,0x10c6,0x10c6,0x10c6,0x10c6,0x10c6,0x10c6,0x10c6,0x10c6,0x10c6,0x10c6,0x10c6,0x10c6,0x10c6,0x10c6,0x10c6,
    0x10c6,0x10c6,0x10c6,0x10c6,0x10c6,0x10c6,0x10c6,0x10c6,0x10c6,0x10c6,0x10c6,0x10c6,0x10c6,0x10c6,0x10c6,0x10c6,
    0x10c6,0x10c6,0x10c6,0x10c6,0x10c6,0x10c6,0x10c6,0x10c6,0x10c6,0x10c6,0x10c6,0x10c6,0x10c6,0x10c6,0x10c6,0x10c6,
    0x10c6,0x10c6,0x10c6,0x10c6,0x10e6,0x2108,0x416a,0x59ad,0x71ef,0x61cd,0x3129,0x18e6,0x10e6,0xf81f,0xf81f,0xf81f,
    0xf81f,0x10c6,0x10c6,0x2107,0x496b,0x59ad,0x69ce,0x598c,0x2908,0x10c6,0x10c6,0x10c6,0x10c6,0x10c6,0x10c6,0x10c6,
    0x10c6,0x10c6,0x10c6,0x10c6,0x10c6,0x10c6,0x10c6,0x10c6,0x10c6,0x10c6,0x10c6,0x10c6,0x10c6,0x10c6,0x10c6,0x10c6,
    0x10c6,0x10c6,0x10c6,0x10c6,0x10c6,0x10c6,0x10c6,0x10c6,0x10c6,0x10c6,0x10c6,0x10c6,0x10c6,0x10c6,0x10c6,0x10c6,
    0x10c6,0x10c6,0x10c6,0x10c6,0x10c6,0x10c6,0x10c6,0x10c6,0x10c6,0x10c6,0x10c6,0x10c6,0x10c6,0x10c6,0x10c6,0x10c6,
    0x10c6,0x10c6,0x10c6,0x10c6,0x10c6,0x10c6,0x10c6,0x10c6,0x10c6,0x10c6,0x10c6,0x10c6,0x10c6,0x10c6,0x10c6,0x10c6,
    0x10c6,0x10c6,0x10c6,0x10c6,0x10c6,0x10c6,0x10c6,0x10c6,0x10c6,0x10c6,0x10c6,0x10c6,0x10c6,0x10c6,0x10c6,0x10c6,
    0x10c6,0x10c6,0x10c6,0x10c6,0x10c6,0x10c6,0x10c6,0x10c6,0x10c6,0x10c6,0x10c6,0x10c6,0x10c6,0x10c6,0x10c6,0x10c6,
    0x10c6,0x10c6,0x10c6,0x10c6,0x10c6,0x18e6,0x2908,0x416b,0x71ef,0x71ef,0x416a,0x2108,0x18e6,0xf81f,0xf81f,0xf81f,
    0xf81f,0x10c6,0x10e6,0x3128,0x61ad,0x71ee,0x518c,0x3949,0x20e7,0x10c6,0x10c6,0x10c6,0x10c6,0x10c6,0x10c6,0x10c6,
    0x10c6,0x10c6,0x10c6,0x10c6,0x10c6,0x10c6,0x10c6,0x10c6,0x10c6,0x10c6,0x10c6,0x10c6,0x10c6,0x10c6,0x10c6,0x10c6,
    0x10c6,0x10c6,0x10c6,0x10c6,0x10c6,0x10c6,0x10c6,0x10c6,0x10c6,0x10c6,0x10c6,0x10c6,0x10c6,0x10c6,0x10c6,0x10c6,
    0x10c6,0x10c6,0x10c6,0x10c6,0x10c6,0x10c6,0x10c6,0x10c6,0x10c6,0x10c6,0x10c6,0x10c6,0x10c6,0x10c6,0x10c6,0x10c6,
    0x10c6,0x10c6,0x10c6,0x10c6,0x10c6,0x10c6,0x10c6,0x10c6,0x10c6,0x10c6,0x10c6,0x10c6,0x10c6,0x10c6,0x10c6,0x10c6,
    0x10c6,0x10c6,0x10c6,0x10c6,0x10c6,0x10c6,0x10c6,0x10c6,0x10c6,0x10c6,0x10c6,0x10c6,0x10c6,0x10c6,0x10c6,0x10c6,
    0x10c6,0x10c6,0x10c6,0x10c6,0x10c6,0x10c6,0x10c6,0x10c6,0x10c6,0x10c6,0x10c6,0x10c6,0x10c6,0x10c6,0x10c6,0x10c6,
    0x10c6,0x10c6,0x10c6,0x10c6,0x10c6,0x10c6,0x18e6,0x3129,0x59ad,0x69ce,0x59ac,0x414a,0x2107,0xf81f,0xf81f,0xf81f,
    0xf81f,0x10e6,0x18e7,0x394a,0x71ee,0x71ef,0x414a,0x2107,0x18e6,0x10c6,0x10c6,0x10c6,0x10c6,0x10c6,0x10c6,0x10c6,
    0x10c6,0x10c6,0x10c6,0x10c6,0x10c6,0x10c6,0x10c6,0x10c6,0x10c6,0x10c6,0x10c6,0x10c6,0x10c6,0x10c6,0x10c6,0x10c6,
    0x10c6,0x10c6,0x10c6,0x10c6,0x10c6,0x10c6,0x10c6,0x10c6,0x10c6,0x10c6,0x10c6,0x10c6,0x10c6,0x10c6,0x10c6,0x10c6,
    0x10c6,0x10c6,0x10c6,0x10c6,0x10c6,0x10c6,0x10e6,0x10e6,0x1107,0x1107,0x1127,0x1127,0x1127,0x1127,0x1107,0x1107,
    0x10e6,0x10e6,0x10c6,0x10c6,0x10c6,0x10c6,0x10c6,0x10c6,0x10c6,0x10c6,0x10c6,0x10c6,0x10c6,0x10c6,0x10c6,0x10c6,
    0x10c6,0x10c6,0x10c6,0x10c6,0x10c6,0x10c6,0x10c6,0x10c6,0x10c6,0x10c6,0x10c6,0x10c6,0x10c6,0x10c6,0x10c6,0x10c6,
    0x10c6,0x10c6,0x10c6,0x10c6,0x10c6,0x10c6,0x10c6,0x10c6,0x10c6,0x10c6,0x10c6,0x10c6,0x10c6,0x10c6,0x10c6,0x10c6,
    0x10c6,0x10c6,0x10c6,0x10c6,0x10c6,0x10c6,0x10c6,0x2107,0x416a,0x59ac,0x69ce,0x598c,0x2928,0x10c6,0x10c6,0xf81f,
    0xf81f,0x18e7,0x3129,0x496b,0x69ce,0x61cd,0x3129,0x18e6,0x10c6,0x10c6,0x10c6,0x10c6,0x10c6,0x10c6,0x10c6,0x10c6,
    0x10c6,0x10c6,0x10c6,0x10c6,0x10c6,0x10c6,0x10c6,0x10c6,0x10c6,0x10c6,0x10c6,0x10c6,0x10c6,0x10c6,0x10c6,0x10c6,
    0x10c6,0x10c6,0x10c6,0x10c6,0x10c6,0x10c6,0x10c6,0x10c6,0x10c6,0x10c6,0x10c6,0x10c6,0x10c6,0x10c6,0x10c6,0x10c6,
    0x10c6,0x10c6,0x10c6,0x10c6,0x10c6,0x10e6,0x1106,0x1927,0x1968,0x19a9,0x21c9,0x21ca,0x21ca,0x21c9,0x19a9,0x1968,
    0x1927,0x1106,0x10e6,0x10c6,0x10c6,0x10c6,0x10c6,0x10c6,0x10c6,0x10c6,0x10c6,0x10c6,0x10c6,0x10c6,0x10c6,0x10c6,
    0x10c6,0x10c6,0x10c6,0x10c6,0x10c6,0x10c6,0x10c6,0x10c6,0x10c6,0x10c6,0x10c6,0x10c6,0x10c6,0x10c6,0x10c6,0x10c6,
    0x10c6,0x10c6,0x10c6,0x10c6,0x10c6,0x10c6,0x10c6,0x10c6,0x10c6,0x10c6,0x10c6,0x10c6,0x10c6,0x10c6,0x10c6,0x10c6,
    0x10c6,0x10c6,0x10c6,0x10c6,0x10c6,0x10c6,0x10c6,0x18e6,0x2908,0x496b,0x71ef,0x71ee,0x394a,0x18e7,0x10c6,0xf81f,
    0xf81f,0x2107,0x416b,0x59ac,0x61cd,0x518c,0x2908,0x10c6,0x10c6,0x10c6,0x10c6,0x10c6,0x10c6,0x10c6,0x10c6,0x10c6,
    0x10c6,0x10c6,0x10c6,0x10c6,0x10c6,0x10c6,0x10c6,0x10c6,0x10c6,0x10c6,0x10c6,0x10c6,0x10c6,0x10c6,0x10c6,0x10c6,
    0x10c6,0x10c6,0x10c6,0x10c6,0x10c6,0x10c6,0x10c6,0x10c6,0x10c6,0x10c6,0x10c6,0x10c6,0x10c6,0x10c6,0x10c6,0x1106,
    0x1927,0x1968,0x19a9,0x21ca,0x220b,0x222b,0x2a6c,0x2aad,0x32ee,0x332f,0x332f,0x334f,0x334f,0x332f,0x332f,0x32ee,
    0x2aad,0x2a6c,0x222b,0x220b,0x21ca,0x19a9,0x1968,0x1927,0x10e6,0x10c6,0x10c6,0x10c6,0x10c6,0x10c6,0x10c6,0x10c6,
    0x10c6,0x10c6,0x10c6,0x10c6,0x10c6,0x10c6,0x10c6,0x10c6,0x10c6,0x10c6,0x10c6,0x10c6,0x10c6,0x10c6,0x10c6,0x10c6,
    0x10c6,0x10c6,0x10c6,0x10c6,0x10c6,0x10c6,0x10c6,0x10c6,0x10c6,0x10c6,0x10c6,0x10c6,0x10c6,0x10c6,0x10c6,0x10c6,
    0x10c6,0x10c6,0x10c6,0x10c6,0x10c6,0x10c6,0x10c6,0x10c6,0x18e6,0x3949,0x71ce,0x71ef,0x496b,0x2908,0x18e6,0xf81f,
    0xf81f,0x2908,0x518c,0x61ce,0x518c,0x414a,0x20e7,0x10c6,0x10c6,0x10c6,0x10c6,0x10c6,0x10c6,0x10c6,0x10c6,0x10c6,
    0x10c6,0x10c6,0x10c6,0x10c6,0x10c6,0x10c6,0x10c6,0x10c6,0x10c6,0x10c6,0x10c6,0x10c6,0x10c6,0x10c6,0x10c6,0x10c6,
    0x10c6,0x10c6,0x10c6,0x10c6,0x10c6,0x10c6,0x10c6,0x10c6,0x10c6,0x10c6,0x10c6,0x10c6,0x10c6,0x10e6,0x10e6,0x1948,
    0x220a,0x2aad,0x3b50,0x43f2,0x4c74,0x4cf6,0x5537,0x5558,0x5578,0x5d98,0x5d98,0x5d99,0x5d99,0x5d98,0x5d98,0x5578,
    0x5558,0x5537,0x4cf6,0x4c74,0x43f2,0x3350,0x2aad,0x220a,0x1948,0x10e6,0x10e6,0x10c6,0x10c6,0x10c6,0x10c6,0x10c6,
    0x10c6,0x10c6,0x10c6,0x10c6,0x10c6,0x10c6,0x10c6,0x10c6,0x10c6,0x10c6,0x10c6,0x10c6,0x10c6,0x10c6,0x10c6,0x10c6,
    0x10c6,0x10c6,0x10c6,0x10c6,0x10c6,0x10c6,0x10c6,0x10c6,0x10c6,0x10c6,0x10c6,0x10c6,0x10c6,0x10c6,0x10c6,0x10c6,
    0x10c6,0x10c6,0x10c6,0x10c6,0x10c6,0x10c6,0x10c6,0x10c6,0x10c6,0x2908,0x598c,0x69ce,0x598c,0x414a,0x2107,0xf81f,
    0x10c6,0x3128,0x61ce,0x71ce,0x496b,0x2928,0x18e7,0x10c6,0x10c6,0x10c6,0x10c6,0x10c6,0x10c6,0x10c6,0x10c6,0x10c6,
    0x10c6,0x10c6,0x10c6,0x10c6,0x10c6,0x10c6,0x10c6,0x10c6,0x10c6,0x10c6,0x10c6,0x10c6,0x10c6,0x10c6,0x10c6,0x10c6,
    0x10c6,0x10c6,0x10c6,0x10c6,0x10c6,0x10c6,0x10c6,0x10c6,0x10c6,0x10c6,0x10e6,0x1107,0x1968,0x21ca,0x222b,0x2acd,
    0x3b70,0x4433,0x4cd5,0x5578,0x5dfa,0x665c,0x6e9d,0x6ebd,0x6ebd,0x6ebd,0x6ebd,0x6ebd,0x6ebd,0x6ebd,0x6ebd,0x6ebd,
    0x6ebd,0x6e9d,0x665c,0x5dfa,0x5578,0x4cd5,0x4433,0x3b70,0x2aad,0x222b,0x21c9,0x1968,0x1107,0x10e6,0x10c6,0x10c6,
    0x10c6,0x10c6,0x10c6,0x10c6,0x10c6,0x10c6,0x10c6,0x10c6,0x10c6,0x10c6,0x10c6,0x10c6,0x10c6,0x10c6,0x10c6,0x10c6,
    0x10c6,0x10c6,0x10c6,0x10c6,0x10c6,0x10c6,0x10c6,0x10c6,0x10c6,0x10c6,0x10c6,0x10c6,0x10c6,0x10c6,0x10c6,0x10c6,
    0x10c6,0x10c6,0x10c6,0x10c6,0x10c6,0x10c6,0x10c6,0x10c6,0x10c6,0x2107,0x416a,0x59ac,0x61ad,0x518c,0x2908,0xf81f,
    0x18e6,0x3129,0x71ef,0x71ef,0x394a,0x18e7,0x10e6,0x10c6,0x10c6,0x10c6,0x10c6,0x10c6,0x10c6,0x10c6,0x10c6,0x10c6,
    0x10c6,0x10c6,0x10c6,0x10c6,0x10c6,0x10c6,0x10c6,0x10c6,0x10c6,0x10c6,0x10c6,0x10c6,0x10c6,0x10c6,0x10c6,0x10c6,
    0x10c6,0x10c6,0x10c6,0x10c6,0x10c6,0x10c6,0x10c6,0x10c6,0x10c6,0x10e6,0x1107,0x19a9,0x2aad,0x3b91,0x4c94,0x5537,
    0x5d99,0x5dda,0x661b,0x665b,0x667c,0x669d,0x6ebd,0x6ebd,0x6ebd,0x6ebd,0x6ebd,0x6ebd,0x6ebd,0x6ebd,0x6ebd,0x6ebd,
    0x6ebd,0x6ebd,0x669d,0x667c,0x665b,0x661b,0x5dda,0x5d98,0x5537,0x4c94,0x3b91,0x2aad,0x19a9,0x1107,0x10e6,0x10c6,
    0x10c6,0x10c6,0x10c6,0x10c6,0x10c6,0x10c6,0x10c6,0x10c6,0x10c6,0x10c6,0x10c6,0x10c6,0x10c6,0x10c6,0x10c6,0x10c6,
    0x10c6,0x10c6,0x10c6,0x10c6,0x10c6,0x10c6,0x10c6,0x10c6,0x10c6,0x10c6,0x10c6,0x10c6,0x10c6,0x10c6,0x10c6,0x10c6,
    0x10c6,0x10c6,0x10c6,0x10c6,0x10c6,0x10c6,0x10c6,0x10c6,0x10c6,0x18e7,0x3128,0x498b,0x71ef,0x69ce,0x2928,0x10c6,
    0x20e7,0x394a,0x79ef,0x71ef,0x3129,0x10e6,0x10c6,0x10c6,0x10c6,0x10c6,0x10c6,0x10c6,0x10c6,0x10c6,0x10c6,0x10c6,
    0x10c6,0x10c6,0x10c6,0x10c6,0x10c6,0x10c6,0x10c6,0x10c6,0x10c6,0x10c6,0x10c6,0x10c6,0x10c6,0x10c6,0x10c6,0x10c6,
    0x10c6,0x10c6,0x10c6,0x10c6,0x10c6,0x10c6,0x10c6,0x10e6,0x1947,0x19a9,0x224b,0x330f,0x4413,0x5517,0x5dfa,0x669c,
    0x6ebd,0x6ebd,0x6ebd,0x669c,0x665c,0x663b,0x5e1a,0x5dfa,0x5dd9,0x5db9,0x5db9,0x5db9,0x5db9,0x5db9,0x5db9,0x5dd9,
    0x5dfa,0x5e1a,0x663b,0x665c,0x669c,0x6ebd,0x6ebd,0x6ebd,0x669c,0x5dfa,0x5517,0x4413,0x330f,0x222b,0x19a9,0x1927,
    0x10e6,0x10c6,0x10c6,0x10c6,0x10c6,0x10c6,0x10c6,0x10c6,0x10c6,0x10c6,0x10c6,0x10c6,0x10c6,0x10c6,0x10c6,0x10c6,
    0x10c6,0x10c6,0x10c6,0x10c6,0x10c6,0x10c6,0x10c6,0x10c6,0x10c6,0x10c6,0x10c6,0x10c6,0x10c6,0x10c6,0x10c6,0x10c6,
    0x10c6,0x10c6,0x10c6,0x10c6,0x10c6,0x10c6,0x10c6,0x10c6,0x10c6,0x10e6,0x2107,0x414a,0x71ef,0x71ef,0x3149,0x18e6,
    0x2928,0x416a,0x71ee,0x69ce,0x3128,0x10c6,0x10c6,0x10c6,0x10c6,0x10c6,0x10c6,0x10c6,0x10c6,0x10c6,0x10c6,0x10c6,
    0x10c6,0x10c6,0x10c6,0x10c6,0x10c6,0x10c6,0x10c6,0x10c6,0x10c6,0x10c6,0x10c6,0x10c6,0x10c6,0x10c6,0x10c6,0x10c6,
    0x10c6,0x10c6,0x10c6,0x10c6,0x10c6,0x10c6,0x10c6,0x1947,0x222b,0x332f,0x4474,0x5557,0x5dd9,0x663b,0x667c,0x6ebd,
    0x6ebd,0x6ebd,0x667c,0x663b,0x5d99,0x5517,0x4cb5,0x4453,0x43f2,0x3bb1,0x3b91,0x3b70,0x3b70,0x3b91,0x3bb1,0x43f2,
    0x4453,0x4cb5,0x5517,0x5d99,0x663b,0x669c,0x6ebd,0x6ebd,0x6ebd,0x667c,0x663b,0x5dd9,0x5557,0x4474,0x332f,0x220b,
    0x1947,0x10c6,0x10c6,0x10c6,0x10c6,0x10c6,0x10c6,0x10c6,0x10c6,0x10c6,0x10c6,0x10c6,0x10c6,0x10c6,0x10c6,0x10c6,
    0x10c6,0x10c6,0x10c6,0x10c6,0x10c6,0x10c6,0x10c6,0x10c6,0x10c6,0x10c6,0x10c6,0x10c6,0x10c6,0x10c6,0x10c6,0x10c6,
    0x10c6,0x10c6,0x10c6,0x10c6,0x10c6,0x10c6,0x10c6,0x10c6,0x10c6,0x10c6,0x10e6,0x3129,0x71ef,0x71ef,0x414a,0x2107,
    0x3949,0x496b,0x69ce,0x61ad,0x2928,0x10c6,0x10c6,0x10c6,0x10c6,0x10c6,0x10c6,0x10c6,0x10c6,0x10c6,0x10c6,0x10c6,
    0x10c6,0x10c6,0x10c6,0x10c6,0x10c6,0x10c6,0x10c6,0x10c6,0x10c6,0x10c6,0x10c6,0x10c6,0x10c6,0x10c6,0x10c6,0x10c6,
    0x10c6,0x10c6,0x10c6,0x10c6,0x10e6,0x1127,0x1989,0x2a6c,0x3b70,0x4c95,0x5dd9,0x667c,0x6ebd,0x6e9d,0x667c,0x663b,
    0x5dda,0x5d98,0x5537,0x4cb5,0x4413,0x3b91,0x332f,0x2acd,0x2a6c,0x224b,0x220b,0x220a,0x220a,0x220b,0x224b,0x2a6c,
    0x2acd,0x332f,0x3b91,0x4433,0x4cb5,0x5537,0x5d98,0x5dfa,0x663b,0x667c,0x6e9d,0x6ebd,0x667c,0x5dd9,0x4c95,0x3b70,
    0x224c,0x1968,0x1107,0x10c6,0x10c6,0x10c6,0x10c6,0x10c6,0x10c6,0x10c6,0x10c6,0x10c6,0x10c6,0x10c6,0x10c6,0x10c6,
    0x10c6,0x10c6,0x10c6,0x10c6,0x10c6,0x10c6,0x10c6,0x10c6,0x10c6,0x10c6,0x10c6,0x10c6,0x10c6,0x10c6,0x10c6,0x10c6,
    0x10c6,0x10c6,0x10c6,0x10c6,0x10c6,0x10c6,0x10c6,0x10c6,0x10c6,0x10c6,0x10c6,0x3128,0x69ce,0x71ef,0x496b,0x3129,
    0x414a,0x498b,0x69ce,0x59ac,0x2908,0x10c6,0x10c6,0x10c6,0x10c6,0x10c6,0x10c6,0x10c6,0x10c6,0x10c6,0x10c6,0x10c6,
    0x10c6,0x10c6,0x10c6,0x10c6,0x10c6,0x10c6,0x10c6,0x10c6,0x10c6,0x10c6,0x10c6,0x10c6,0x10c6,0x10c6,0x10c6,0x10c6,
    0x10c6,0x10c6,0x10c6,0x10e6,0x10e6,0x21a9,0x330f,0x4454,0x5558,0x5e1a,0x667c,0x6ebd,0x6ebd,0x667c,0x5dfa,0x5537,
    0x4433,0x3350,0x2aad,0x222b,0x21ea,0x21c9,0x1989,0x1968,0x1968,0x1948,0x1947,0x1927,0x1927,0x1947,0x1948,0x1968,
    0x1968,0x1989,0x21c9,0x21ea,0x222b,0x2aad,0x3b70,0x4433,0x5537,0x5dfa,0x667c,0x6ebd,0x6ebd,0x667c,0x5dfa,0x5537,
    0x4413,0x32ce,0x1989,0x10e6,0x10c6,0x10c6,0x10c6,0x10c6,0x10c6,0x10c6,0x10c6,0x10c6,0x10c6,0x10c6,0x10c6,0x10c6,
    0x10c6,0x10c6,0x10c6,0x10c6,0x10c6,0x10c6,0x10c6,0x10c6,0x10c6,0x10c6,0x10c6,0x10c6,0x10c6,0x10c6,0x10c6,0x10c6,
    0x10c6,0x10c6,0x10c6,0x10c6,0x10c6,0x10c6,0x10c6,0x10c6,0x10c6,0x10c6,0x10c6,0x2928,0x61ad,0x69ce,0x496b,0x394a,
    0x496b,0x518c,0x61ad,0x518c,0x2908,0x10c6,0x10c6,0x10c6,0x10c6,0x10c6,0x10c6,0x10c6,0x10c6,0x10c6,0x10c6,0x10c6,
    0x10c6,0x10c6,0x10c6,0x10c6,0x10c6,0x10c6,0x10c6,0x10c6,0x10c6,0x10c6,0x10c6,0x10c6,0x10c6,0x10c6,0x10c6,0x10c6,
    0x10c6,0x10c6,0x10e6,0x1947,0x21ea,0x32ee,0x4c74,0x5db9,0x665c,0x6ebd,0x669d,0x665c,0x5dfa,0x5558,0x4c95,0x3bb1,
    0x2aad,0x21ea,0x1947,0x10e6,0x10c6,0x10c6,0x10c6,0x10c6,0x10c6,0x10c6,0x10c6,0x10c6,0x10c6,0x10c6,0x10c6,0x10c6,
    0x10c6,0x10c6,0x10c6,0x10c6,0x10e6,0x1947,0x21ea,0x2acd,0x3bb1,0x4c95,0x5558,0x5dfa,0x665c,0x669d,0x6ebd,0x665b,
    0x5558,0x4433,0x2aad,0x21a9,0x1927,0x10e6,0x10c6,0x10c6,0x10c6,0x10c6,0x10c6,0x10c6,0x10c6,0x10c6,0x10c6,0x10c6,
    0x10c6,0x10c6,0x10c6,0x10c6,0x10c6,0x10c6,0x10c6,0x10c6,0x10c6,0x10c6,0x10c6,0x10c6,0x10c6,0x10c6,0x10c6,0x10c6,
    0x10c6,0x10c6,0x10c6,0x10c6,0x10c6,0x10c6,0x10c6,0x10c6,0x10c6,0x10c6,0x10c6,0x2908,0x598c,0x69cd,0x518b,0x416a,
    0x518b,0x518c,0x61ad,0x518b,0x2108,0x10c6,0x10c6,0x10c6,0x10c6,0x10c6,0x10c6,0x10c6,0x10c6,0x10c6,0x10c6,0x10c6,
    0x10c6,0x10c6,0x10c6,0x10c6,0x10c6,0x10c6,0x10c6,0x10c6,0x10c6,0x10c6,0x10c6,0x10c6,0x10c6,0x10c6,0x10c6,0x10c6,
    0x10c6,0x10e6,0x1107,0x21ea,0x3b91,0x4cd6,0x5dd9,0x665c,0x669d,0x6e9d,0x665c,0x5d99,0x4453,0x332f,0x2a4c,0x21ca,
    0x1968,0x1127,0x10e6,0x10c6,0x10c6,0x10c6,0x10c6,0x10c6,0x10c6,0x10c6,0x10c6,0x10c6,0x10c6,0x10c6,0x10c6,0x10c6,
    0x10c6,0x10c6,0x10c6,0x10c6,0x10c6,0x10e6,0x1927,0x1968,0x21ca,0x2a6c,0x332f,0x4454,0x5d99,0x665c,0x6e9d,0x669d,
    0x665b,0x5d99,0x4cb5,0x3b70,0x21ea,0x1107,0x10e6,0x10c6,0x10c6,0x10c6,0x10c6,0x10c6,0x10c6,0x10c6,0x10c6,0x10c6,
    0x10c6,0x10c6,0x10c6,0x10c6,0x10c6,0x10c6,0x10c6,0x10c6,0x10c6,0x10c6,0x10c6,0x10c6,0x10c6,0x10c6,0x10c6,0x10c6,
    0x10c6,0x10c6,0x10c6,0x10c6,0x10c6,0x10c6,0x10c6,0x10c6,0x10c6,0x10c6,0x10c6,0x2908,0x518c,0x61ad,0x518c,0x498b,
    0x518c,0x59ac,0x59ad,0x496b,0x2108,0x10c6,0x10c6,0x10c6,0x10c6,0x10c6,0x10c6,0x10c6,0x10c6,0x10c6,0x10c6,0x10c6,
    0x10c6,0x10c6,0x10c6,0x10c6,0x10c6,0x10c6,0x10c6,0x10c6,0x10c6,0x10c6,0x10c6,0x10c6,0x10c6,0x10c6,0x10c6,0x10c6,
    0x10e6,0x1947,0x21ea,0x332f,0x4cf6,0x5e1a,0x667c,0x6e9d,0x667c,0x5dfa,0x5537,0x4433,0x32ce,0x21ca,0x1127,0x10c6,
    0x10c6,0x10c6,0x10c6,0x10c6,0x10c6,0x10c6,0x10c6,0x10c6,0x10c6,0x10c6,0x10c6,0x10c6,0x10c6,0x10c6,0x10c6,0x10c6,
    0x10c6,0x10c6,0x10c6,0x10c6,0x10c6,0x10c6,0x10c6,0x10c6,0x10c6,0x1127,0x21ca,0x32ce,0x4433,0x5537,0x5e1a,0x667c,
    0x6e9d,0x667c,0x5dfa,0x4cd5,0x330f,0x21ea,0x1927,0x10c6,0x10c6,0x10c6,0x10c6,0x10c6,0x10c6,0x10c6,0x10c6,0x10c6,
    0x10c6,0x10c6,0x10c6,0x10c6,0x10c6,0x10c6,0x10c6,0x10c6,0x10c6,0x10c6,0x10c6,0x10c6,0x10c6,0x10c6,0x10c6,0x10c6,
    0x10c6,0x10c6,0x10c6,0x10c6,0x10c6,0x10c6,0x10c6,0x10c6,0x10c6,0x10c6,0x10c6,0x2108,0x498b,0x59ad,0x598c,0x518c,
    0x59ac,0x59ac,0x59ac,0x496b,0x2107,0x10c6,0x10c6,0x10c6,0x10c6,0x10c6,0x10c6,0x10c6,0x10c6,0x10c6,0x10c6,0x10c6,
    0x10c6,0x10c6,0x10c6,0x10c6,0x10c6,0x10c6,0x10c6,0x10c6,0x10c6,0x10c6,0x10c6,0x10c6,0x10c6,0x10c6,0x10c6,0x10e6,
    0x1106,0x21ea,0x3b91,0x4cf6,0x5dfa,0x667c,0x6ebd,0x667c,0x5db9,0x4cb5,0x332f,0x222b,0x1989,0x1127,0x10e6,0x10c6,
    0x10c6,0x10c6,0x10c6,0x10c6,0x10c6,0x10c6,0x10c6,0x10c6,0x10c6,0x10c6,0x10c6,0x10c6,0x10c6,0x10c6,0x10c6,0x10c6,
    0x10c6,0x10c6,0x10c6,0x10c6,0x10c6,0x10c6,0x10c6,0x10c6,0x10c6,0x10e6,0x1127,0x1989,0x222b,0x3350,0x4cf6,0x5dfa,
    0x667c,0x6e9d,0x667c,0x5dda,0x4cd5,0x3b70,0x21a9,0x10e6,0x10c6,0x10c6,0x10c6,0x10c6,0x10c6,0x10c6,0x10c6,0x10c6,
    0x10c6,0x10c6,0x10c6,0x10c6,0x10c6,0x10c6,0x10c6,0x10c6,0x10c6,0x10c6,0x10c6,0x10c6,0x10c6,0x10c6,0x10c6,0x10c6,
    0x10c6,0x10c6,0x10c6,0x10c6,0x10c6,0x10c6,0x10c6,0x10c6,0x10c6,0x10c6,0x10c6,0x2107,0x496b,0x59ac,0x59ac,0x59ac,
    0x59ac,0x59ac,0x59ac,0x496b,0x2107,0x10c6,0x10c6,0x10c6,0x10c6,0x10c6,0x10c6,0x10c6,0x10c6,0x10c6,0x10c6,0x10c6,
    0x10c6,0x10c6,0x10c6,0x10c6,0x10c6,0x10c6,0x10c6,0x10c6,0x10c6,0x10c6,0x10c6,0x10c6,0x10c6,0x10c6,0x10c6,0x1127,
    0x19c9,0x32ee,0x4cd6,0x5e1a,0x667c,0x669d,0x665c,0x5d99,0x4c94,0x334f,0x21ca,0x1107,0x10e6,0x10c6,0x10c6,0x10c6,
    0x10c6,0x10c6,0x10c6,0x10c6,0x10c6,0x10c6,0x10c6,0x10c6,0x10c6,0x10c6,0x10c6,0x10c6,0x10c6,0x10c6,0x10c6,0x10c6,
    0x10c6,0x10c6,0x10c6,0x10c6,0x10c6,0x10c6,0x10c6,0x10c6,0x10c6,0x10c6,0x10c6,0x10e6,0x1127,0x21ea,0x3b90,0x4cd5,
    0x5db9,0x665c,0x669d,0x667c,0x5dfa,0x4cb5,0x2aad,0x1989,0x1107,0x10c6,0x10c6,0x10c6,0x10c6,0x10c6,0x10c6,0x10c6,
    0x10c6,0x10c6,0x10c6,0x10c6,0x10c6,0x10c6,0x10c6,0x10c6,0x10c6,0x10c6,0x10c6,0x10c6,0x10c6,0x10c6,0x10c6,0x10c6,
    0x10c6,0x10c6,0x10c6,0x10c6,0x10c6,0x10c6,0x10c6,0x10c6,0x10c6,0x10c6,0x10c6,0x2107,0x496b,0x59ac,0x59ac,0x59ac,
    0x59ac,0x59ac,0x59ac,0x496b,0x2107,0x10c6,0x10c6,0x10c6,0x10c6,0x10c6,0x10c6,0x10c6,0x10c6,0x10c6,0x10c6,0x10c6,
    0x10c6,0x10c6,0x10c6,0x10c6,0x10c6,0x10c6,0x10c6,0x10c6,0x10c6,0x10c6,0x10c6,0x10c6,0x10c6,0x10c6,0x10c6,0x1989,
    0x330f,0x4c94,0x5dd9,0x667c,0x6ebd,0x665b,0x5598,0x4454,0x2aad,0x19a9,0x1927,0x10e6,0x10c6,0x10c6,0x10c6,0x10c6,
    0x10c6,0x10c6,0x10c6,0x10c6,0x10c6,0x10c6,0x10c6,0x10c6,0x10c6,0x10c6,0x10c6,0x10c6,0x10c6,0x10c6,0x10c6,0x10c6,
    0x10c6,0x10c6,0x10c6,0x10c6,0x10c6,0x10c6,0x10c6,0x10c6,0x10c6,0x10c6,0x10c6,0x10c6,0x10e6,0x1927,0x21ca,0x32ce,
    0x4c74,0x5d99,0x665c,0x6e9d,0x667c,0x5db9,0x4433,0x32ce,0x1968,0x10c6,0x10c6,0x10c6,0x10c6,0x10c6,0x10c6,0x10c6,
    0x10c6,0x10c6,0x10c6,0x10c6,0x10c6,0x10c6,0x10c6,0x10c6,0x10c6,0x10c6,0x10c6,0x10c6,0x10c6,0x10c6,0x10c6,0x10c6,
    0x10c6,0x10c6,0x10c6,0x10c6,0x10c6,0x10c6,0x10c6,0x10c6,0x10c6,0x10c6,0x10c6,0x2107,0x496b,0x59ac,0x59ac,0x59ac,
    0x59ac,0x59ac,0x59ac,0x496b,0x2107,0x10c6,0x10c6,0x10c6,0x10c6,0x10c6,0x10c6,0x10c6,0x10c6,0x10c6,0x10c6,0x10c6,
    0x10c6,0x10c6,0x10c6,0x10c6,0x10c6,0x10c6,0x10c6,0x10c6,0x10c6,0x10c6,0x10c6,0x10c6,0x10c6,0x10e6,0x1947,0x2a6c,
    0x4454,0x5db9,0x665c,0x6e9d,0x667c,0x5db9,0x4454,0x32ee,0x1989,0x10e6,0x10c6,0x10c6,0x10c6,0x10c6,0x10c6,0x10c6,
    0x10c6,0x10c6,0x10c6,0x10c6,0x10c6,0x10c6,0x10c6,0x10c6,0x10c6,0x10c6,0x10c6,0x10c6,0x10c6,0x10c6,0x10c6,0x10c6,
    0x10c6,0x10c6,0x10c6,0x10c6,0x10c6,0x10c6,0x10c6,0x10c6,0x10c6,0x10c6,0x10c6,0x10c6,0x10c6,0x10c6,0x10e6,0x19a9,
    0x330f,0x4c74,0x5db9,0x667c,0x6e9d,0x665b,0x5558,0x4412,0x224b,0x1927,0x10e6,0x10c6,0x10c6,0x10c6,0x10c6,0x10c6,
    0x10c6,0x10c6,0x10c6,0x10c6,0x10c6,0x10c6,0x10c6,0x10c6,0x10c6,0x10c6,0x10c6,0x10c6,0x10c6,0x10c6,0x10c6,0x10c6,
    0x10c6,0x10c6,0x10c6,0x10c6,0x10c6,0x10c6,0x10c6,0x10c6,0x10c6,0x10c6,0x10c6,0x2107,0x496b,0x59ac,0x59ac,0x59ac,
    0x59ac,0x59ac,0x59ac,0x496b,0x2107,0x10c6,0x10c6,0x10c6,0x10c6,0x10c6,0x10c6,0x10c6,0x10c6,0x10c6,0x10c6,0x10c6,
    0x10c6,0x10c6,0x10c6,0x10c6,0x10c6,0x10c6,0x10c6,0x10c6,0x10c6,0x10c6,0x10c6,0x10c6,0x10c6,0x1947,0x222b,0x3b70,
    0x5558,0x665c,0x669d,0x667c,0x5dd9,0x4c94,0x2aad,0x1989,0x1107,0x10c6,0x10c6,0x10c6,0x10c6,0x10c6,0x10c6,0x10c6,
    0x10c6,0x10c6,0x10c6,0x10c6,0x10c6,0x10c6,0x10c6,0x10c6,0x10c6,0x10c6,0x10c6,0x10c6,0x10c6,0x10c6,0x10c6,0x10c6,
    0x10c6,0x10c6,0x10c6,0x10c6,0x10c6,0x10c6,0x10c6,0x10c6,0x10c6,0x10c6,0x10c6,0x10c6,0x10c6,0x10c6,0x10c6,0x1127,
    0x19a9,0x32ce,0x4cd5,0x5dfa,0x667c,0x669c,0x665b,0x5537,0x3b50,0x220a,0x1927,0x10c6,0x10c6,0x10c6,0x10c6,0x10c6,
    0x10c6,0x10c6,0x10c6,0x10c6,0x10c6,0x10c6,0x10c6,0x10c6,0x10c6,0x10c6,0x10c6,0x10c6,0x10c6,0x10c6,0x10c6,0x10c6,
    0x10c6,0x10c6,0x10c6,0x10c6,0x10c6,0x10c6,0x10c6,0x10c6,0x10c6,0x10c6,0x10c6,0x2107,0x496b,0x59ac,0x59ac,0x59ac,
    0x59ac,0x59ac,0x59ac,0x496b,0x2107,0x10c6,0x10c6,0x10c6,0x10c6,0x10c6,0x10c6,0x10c6,0x10c6,0x10c6,0x10c6,0x10c6,
    0x10c6,0x10c6,0x10c6,0x10c6,0x10c6,0x10c6,0x10c6,0x10c6,0x10c6,0x10c6,0x10c6,0x10c6,0x10e6,0x19a9,0x332f,0x4cb5,
    0x5e1a,0x6ebd,0x669d,0x5dfa,0x4cb5,0x3350,0x19a9,0x10e6,0x10c6,0x10c6,0x10c6,0x10c6,0x10c6,0x10c6,0x10c6,0x10c6,
    0x10c6,0x10c6,0x10c6,0x10c6,0x10c6,0x10c6,0x10c6,0x10c6,0x10c6,0x10c6,0x10c6,0x10c6,0x10c6,0x10c6,0x10c6,0x10c6,
    0x10c6,0x10c6,0x10c6,0x10c6,0x10c6,0x10c6,0x10c6,0x10c6,0x10c6,0x10c6,0x10c6,0x10c6,0x10c6,0x10c6,0x10c6,0x10c6,
    0x10e6,0x21ca,0x3b90,0x4cf6,0x5e1a,0x669d,0x6ebd,0x5dfa,0x4c74,0x330e,0x1989,0x10c6,0x10c6,0x10c6,0x10c6,0x10c6,
    0x10c6,0x10c6,0x10c6,0x10c6,0x10c6,0x10c6,0x10c6,0x10c6,0x10c6,0x10c6,0x10c6,0x10c6,0x10c6,0x10c6,0x10c6,0x10c6,
    0x10c6,0x10c6,0x10c6,0x10c6,0x10c6,0x10c6,0x10c6,0x10c6,0x10c6,0x10c6,0x10c6,0x2107,0x496b,0x59ac,0x59ac,0x59ac,
    0x59ac,0x59ac,0x59ac,0x496b,0x2107,0x10c6,0x10c6,0x10c6,0x10c6,0x10c6,0x10c6,0x10c6,0x10c6,0x10c6,0x10c6,0x10c6,
    0x10c6,0x10c6,0x10c6,0x10c6,0x10c6,0x10c6,0x10c6,0x10c6,0x10c6,0x10c6,0x10c6,0x10e6,0x1107,0x2a4b,0x4c74,0x5dd9,
    0x667c,0x6e9d,0x665c,0x5537,0x332f,0x21ca,0x1927,0x10c6,0x10c6,0x10c6,0x10c6,0x10c6,0x10c6,0x10c6,0x10c6,0x10c6,
    0x10c6,0x10c6,0x10c6,0x10c6,0x10c6,0x10c6,0x10c6,0x10c6,0x10c6,0x10c6,0x10c6,0x10c6,0x10c6,0x10c6,0x10c6,0x10c6,
    0x10c6,0x10c6,0x10c6,0x10c6,0x10c6,0x10c6,0x10c6,0x10c6,0x10c6,0x10c6,0x10c6,0x10c6,0x10c6,0x10c6,0x10c6,0x10c6,
    0x10c6,0x1947,0x220a,0x3b50,0x5557,0x665c,0x6e9d,0x665c,0x5db9,0x4433,0x220b,0x10e6,0x10e6,0x10c6,0x10c6,0x10c6,
    0x10c6,0x10c6,0x10c6,0x10c6,0x10c6,0x10c6,0x10c6,0x10c6,0x10c6,0x10c6,0x10c6,0x10c6,0x10c6,0x10c6,0x10c6,0x10c6,
    0x10c6,0x10c6,0x10c6,0x10c6,0x10c6,0x10c6,0x10c6,0x10c6,0x10c6,0x10c6,0x10c6,0x2107,0x496b,0x59ac,0x59ac,0x59ac,
    0x59ac,0x59ac,0x59ac,0x496b,0x2107,0x10c6,0x10c6,0x10c6,0x10c6,0x10c6,0x10c6,0x10c6,0x10c6,0x10c6,0x10c6,0x10c6,
    0x10c6,0x10c6,0x10c6,0x10c6,0x10c6,0x10c6,0x10c6,0x10c6,0x10c6,0x10c6,0x10c6,0x1107,0x19a9,0x330f,0x5557,0x667c,
    0x6ebd,0x665c,0x5d99,0x4433,0x222b,0x1107,0x10e6,0x10c6,0x10c6,0x10c6,0x10c6,0x10c6,0x10c6,0x10c6,0x10c6,0x10c6,
    0x10c6,0x10c6,0x10c6,0x10c6,0x10c6,0x10c6,0x10c6,0x10c6,0x10c6,0x10c6,0x10c6,0x10c6,0x10c6,0x10c6,0x10c6,0x10c6,
    0x10c6,0x10c6,0x10c6,0x10c6,0x10c6,0x10c6,0x10c6,0x10c6,0x10c6,0x10c6,0x10c6,0x10c6,0x10c6,0x10c6,0x10c6,0x10c6,
    0x10c6,0x10e6,0x1127,0x2a4b,0x4453,0x5db9,0x665c,0x6e9d,0x665c,0x5517,0x32cd,0x1968,0x1107,0x10c6,0x10c6,0x10c6,
    0x10c6,0x10c6,0x10c6,0x10c6,0x10c6,0x10c6,0x10c6,0x10c6,0x10c6,0x10c6,0x10c6,0x10c6,0x10c6,0x10c6,0x10c6,0x10c6,
    0x10c6,0x10c6,0x10c6,0x10c6,0x10c6,0x10c6,0x10c6,0x10c6,0x10c6,0x10c6,0x10c6,0x2107,0x496b,0x59ac,0x59ac,0x59ac,
    0x59ac,0x59ac,0x59ac,0x496b,0x2107,0x10c6,0x10c6,0x10c6,0x10c6,0x10c6,0x10c6,0x10c6,0x10c6,0x10c6,0x10c6,0x10c6,
    0x10c6,0x10c6,0x10c6,0x10c6,0x10c6,0x10c6,0x10c6,0x10c6,0x10c6,0x10c6,0x10c6,0x1968,0x2aad,0x4413,0x5dd9,0x6ebd,
    0x6ebd,0x5dfa,0x4453,0x32ce,0x1989,0x10e6,0x10c6,0x10c6,0x10c6,0x10c6,0x10c6,0x10c6,0x10c6,0x10c6,0x10c6,0x10c6,
    0x10c6,0x10c6,0x10c6,0x10c6,0x10c6,0x10c6,0x10c6,0x10c6,0x10c6,0x10c6,0x10c6,0x10c6,0x10c6,0x10c6,0x10c6,0x10c6,
    0x10c6,0x10c6,0x10c6,0x10c6,0x10c6,0x10c6,0x10c6,0x10c6,0x10c6,0x10c6,0x10c6,0x10c6,0x10c6,0x10c6,0x10c6,0x10c6,
    0x10c6,0x10c6,0x10e6,0x19a9,0x330f,0x4c94,0x5dfa,0x6ebd,0x669d,0x5db9,0x3bd2,0x2a6c,0x1948,0x10c6,0x10c6,0x10c6,
    0x10c6,0x10c6,0x10c6,0x10c6,0x10c6,0x10c6,0x10c6,0x10c6,0x10c6,0x10c6,0x10c6,0x10c6,0x10c6,0x10c6,0x10c6,0x10c6,
    0x10c6,0x10c6,0x10c6,0x10c6,0x10c6,0x10c6,0x10c6,0x10c6,0x10c6,0x10c6,0x10c6,0x2107,0x496b,0x59ac,0x59ac,0x59ac,
    0x59ac,0x59ac,0x59ac,0x496b,0x2107,0x10c6,0x10c6,0x10c6,0x10c6,0x10c6,0x10c6,0x10c6,0x10c6,0x10c6,0x10c6,0x10c6,
    0x10c6,0x10c6,0x10c6,0x10c6,0x10c6,0x10c6,0x10c6,0x10c6,0x10c6,0x10c6,0x10c6,0x21ca,0x3b91,0x5517,0x663b,0x6e9d,
    0x667c,0x5558,0x332f,0x21ca,0x1127,0x10c6,0x10c6,0x10c6,0x10c6,0x10c6,0x10c6,0x10c6,0x10c6,0x10c6,0x10c6,0x10c6,
    0x10c6,0x10c6,0x10c6,0x10c6,0x10c6,0x10c6,0x10c6,0x10c6,0x10c6,0x10c6,0x10c6,0x10c6,0x10c6,0x10c6,0x10c6,0x10c6,
    0x10c6,0x10c6,0x10c6,0x10c6,0x10c6,0x10c6,0x10c6,0x10c6,0x10c6,0x10c6,0x10c6,0x10c6,0x10c6,0x10c6,0x10c6,0x10c6,
    0x10c6,0x10c6,0x10c6,0x1927,0x220b,0x3b70,0x5578,0x669c,0x6ebd,0x661b,0x4cd6,0x3b70,0x19a9,0x10c6,0x10c6,0x10c6,
    0x10c6,0x10c6,0x10c6,0x10c6,0x10c6,0x10c6,0x10c6,0x10c6,0x10c6,0x10c6,0x10c6,0x10c6,0x10c6,0x10c6,0x10c6,0x10c6,
    0x10c6,0x10c6,0x10c6,0x10c6,0x10c6,0x10c6,0x10c6,0x10c6,0x10c6,0x10c6,0x10c6,0x2107,0x496b,0x59ac,0x59ac,0x59ac,
    0x59ac,0x59ac,0x59ac,0x496b,0x2107,0x10c6,0x10c6,0x10c6,0x10c6,0x10c6,0x10c6,0x10c6,0x10c6,0x10c6,0x10c6,0x10c6,
    0x10c6,0x10c6,0x10c6,0x10c6,0x10c6,0x10c6,0x10c6,0x10c6,0x10c6,0x10e6,0x10e6,0x222b,0x4c94,0x5dfa,0x667c,0x667c,
    0x5dfa,0x4c95,0x2a6c,0x1127,0x10e6,0x10c6,0x10c6,0x10c6,0x10c6,0x10c6,0x10c6,0x10c6,0x10c6,0x10c6,0x10c6,0x10c6,
    0x10c6,0x10c6,0x10c6,0x10c6,0x10c6,0x10c6,0x10c6,0x10c6,0x10c6,0x10c6,0x10c6,0x10c6,0x10c6,0x10c6,0x10c6,0x10c6,
    0x10c6,0x10c6,0x10c6,0x10c6,0x10c6,0x10c6,0x10c6,0x10c6,0x10c6,0x10c6,0x10c6,0x10c6,0x10c6,0x10c6,0x10c6,0x10c6,
    0x10c6,0x10c6,0x10c6,0x10e6,0x1947,0x2a8d,0x4cd5,0x661b,0x669c,0x667c,0x5dfa,0x4c74,0x222b,0x10e6,0x10e6,0x10c6,
    0x10c6,0x10c6,0x10c6,0x10c6,0x10c6,0x10c6,0x10c6,0x10c6,0x10c6,0x10c6,0x10c6,0x10c6,0x10c6,0x10c6,0x10c6,0x10c6,
    0x10c6,0x10c6,0x10c6,0x10c6,0x10c6,0x10c6,0x10c6,0x10c6,0x10c6,0x10c6,0x10c6,0x2107,0x496b,0x59ac,0x59ac,0x59ac,
    0x59ac,0x59ac,0x59ac,0x496b,0x2107,0x10c6,0x10c6,0x10c6,0x10c6,0x10c6,0x10c6,0x10c6,0x10c6,0x10c6,0x10c6,0x10c6,
    0x10c6,0x10c6,0x10c6,0x10c6,0x10c6,0x10c6,0x10c6,0x10c6,0x10c6,0x1106,0x1948,0x2aad,0x5537,0x669c,0x6ebd,0x663b,
    0x5537,0x3bb1,0x21ca,0x10c6,0x10c6,0x10c6,0x10c6,0x10c6,0x10c6,0x10c6,0x10c6,0x10c6,0x10c6,0x10c6,0x10c6,0x10c6,
    0x10c6,0x10c6,0x10c6,0x10c6,0x10c6,0x10c6,0x10c6,0x10c6,0x10c6,0x10e6,0x1106,0x1107,0x1107,0x1106,0x10e6,0x10c6,
    0x10c6,0x10c6,0x10c6,0x10c6,0x10c6,0x10c6,0x10c6,0x10c6,0x10c6,0x10c6,0x10c6,0x10c6,0x10c6,0x10c6,0x10c6,0x10c6,
    0x10c6,0x10c6,0x10c6,0x10c6,0x10e6,0x21ea,0x43f2,0x5578,0x665b,0x6ebd,0x667c,0x5537,0x2aad,0x1948,0x1106,0x10c6,
    0x10c6,0x10c6,0x10c6,0x10c6,0x10c6,0x10c6,0x10c6,0x10c6,0x10c6,0x10c6,0x10c6,0x10c6,0x10c6,0x10c6,0x10c6,0x10c6,
    0x10c6,0x10c6,0x10c6,0x10c6,0x10c6,0x10c6,0x10c6,0x10c6,0x10c6,0x10c6,0x10c6,0x2107,0x496b,0x59ac,0x59ac,0x59ac,
    0x59ac,0x59ac,0x59ac,0x496b,0x2107,0x10c6,0x10c6,0x10c6,0x10c6,0x10c6,0x10c6,0x10c6,0x10c6,0x10c6,0x10c6,0x10c6,
    0x10c6,0x10c6,0x10c6,0x10c6,0x10c6,0x10c6,0x10c6,0x10c6,0x10c6,0x1927,0x21ea,0x3b70,0x5d98,0x6ebd,0x6ebd,0x5dda,
    0x4433,0x2acd,0x1968,0x10c6,0x10c6,0x10c6,0x10c6,0x10c6,0x10c6,0x10c6,0x10c6,0x10c6,0x10c6,0x10c6,0x10c6,0x10c6,
    0x10c6,0x10c6,0x10c6,0x10c6,0x10c6,0x10c6,0x10c6,0x10c6,0x10e6,0x1107,0x1968,0x1989,0x1989,0x1968,0x1107,0x10e6,
    0x10c6,0x10c6,0x10c6,0x10c6,0x10c6,0x10c6,0x10c6,0x10c6,0x10c6,0x10c6,0x10c6,0x10c6,0x10c6,0x10c6,0x10c6,0x10c6,
    0x10c6,0x10c6,0x10c6,0x10c6,0x10c6,0x1968,0x32ce,0x4453,0x5dfa,0x6ebd,0x6ebd,0x5d98,0x3b70,0x21ea,0x1927,0x10c6,
    0x10c6,0x10c6,0x10c6,0x10c6,0x10c6,0x10c6,0x10c6,0x10c6,0x10c6,0x10c6,0x10c6,0x10c6,0x10c6,0x10c6,0x10c6,0x10c6,
    0x10c6,0x10c6,0x10c6,0x10c6,0x10c6,0x10c6,0x10c6,0x10c6,0x10c6,0x10c6,0x10c6,0x2107,0x496b,0x59ac,0x59ac,0x59ac,
    0x59ac,0x59ac,0x59ac,0x496b,0x2107,0x10c6,0x10c6,0x10c6,0x10c6,0x10c6,0x10c6,0x10c6,0x10c6,0x10c6,0x10c6,0x10c6,
    0x10c6,0x10c6,0x10c6,0x10c6,0x10c6,0x10c6,0x10c6,0x10c6,0x10c6,0x1968,0x2aad,0x4433,0x5dda,0x6ebd,0x6ebd,0x5598,
    0x3b70,0x21ea,0x1927,0x10c6,0x10c6,0x10c6,0x10c6,0x10c6,0x10c6,0x10c6,0x10c6,0x10c6,0x10c6,0x10c6,0x10c6,0x10c6,
    0x10c6,0x10c6,0x10c6,0x10c6,0x10e6,0x1107,0x1968,0x21ca,0x222b,0x2a8c,0x32ce,0x330e,0x330e,0x32ce,0x2a8c,0x222b,
    0x21ca,0x1968,0x1107,0x10e6,0x10c6,0x10c6,0x10c6,0x10c6,0x10c6,0x10c6,0x10c6,0x10c6,0x10c6,0x10c6,0x10c6,0x10c6,
    0x10c6,0x10c6,0x10c6,0x10c6,0x10c6,0x1927,0x21ea,0x3b70,0x5d98,0x6ebd,0x6ebd,0x5dda,0x4413,0x2aad,0x1968,0x10c6,
    0x10c6,0x10c6,0x10c6,0x10c6,0x10c6,0x10c6,0x10c6,0x10c6,0x10c6,0x10c6,0x10c6,0x10c6,0x10c6,0x10c6,0x10c6,0x10c6,
    0x10c6,0x10c6,0x10c6,0x10c6,0x10c6,0x10c6,0x10c6,0x10c6,0x10c6,0x10c6,0x10c6,0x2107,0x496b,0x59ac,0x59ac,0x59ac,
    0x59ac,0x59ac,0x59ac,0x496b,0x2107,0x10c6,0x10c6,0x10c6,0x10c6,0x10c6,0x10c6,0x10c6,0x10c6,0x10c6,0x10c6,0x10c6,
    0x10c6,0x10c6,0x10c6,0x10c6,0x10c6,0x10c6,0x10c6,0x10c6,0x10c6,0x19a9,0x3350,0x4cd6,0x661b,0x6ebd,0x667c,0x5537,
    0x2aad,0x1947,0x10e6,0x10c6,0x10c6,0x10c6,0x10c6,0x10c6,0x10c6,0x10c6,0x10c6,0x10c6,0x10c6,0x10c6,0x10c6,0x10c6,
    0x10c6,0x10c6,0x10c6,0x10e6,0x1107,0x19a9,0x2ace,0x3bd2,0x4cb5,0x5537,0x5578,0x5578,0x5578,0x5578,0x5537,0x4cb5,
    0x3bd2,0x2ace,0x19a9,0x1107,0x10e6,0x10c6,0x10c6,0x10c6,0x10c6,0x10c6,0x10c6,0x10c6,0x10c6,0x10c6,0x10c6,0x10c6,
    0x10c6,0x10c6,0x10c6,0x10c6,0x10c6,0x10e6,0x1948,0x2aad,0x5537,0x669c,0x6ebd,0x661b,0x4cd5,0x3350,0x19a9,0x10c6,
    0x10c6,0x10c6,0x10c6,0x10c6,0x10c6,0x10c6,0x10c6,0x10c6,0x10c6,0x10c6,0x10c6,0x10c6,0x10c6,0x10c6,0x10c6,0x10c6,
    0x10c6,0x10c6,0x10c6,0x10c6,0x10c6,0x10c6,0x10c6,0x10c6,0x10c6,0x10c6,0x10c6,0x2107,0x496b,0x59ac,0x59ac,0x59ac,
    0x59ac,0x59ac,0x59ac,0x496b,0x2107,0x10c6,0x10c6,0x10c6,0x10c6,0x10c6,0x10c6,0x10c6,0x10c6,0x10c6,0x10c6,0x10c6,
    0x10c6,0x10c6,0x10c6,0x10c6,0x10c6,0x10c6,0x10c6,0x10c6,0x10c6,0x21ca,0x43f2,0x5578,0x665b,0x669c,0x663b,0x4cb5,
    0x222b,0x10e6,0x10c6,0x10c6,0x10c6,0x10c6,0x10c6,0x10c6,0x10c6,0x10c6,0x10c6,0x10c6,0x10c6,0x10c6,0x10c6,0x10c6,
    0x10c6,0x10c6,0x10e6,0x1948,0x220b,0x330e,0x4433,0x5557,0x663b,0x6ebd,0x6ebd,0x6ebd,0x6ebd,0x6ebd,0x6e9d,0x663b,
    0x5557,0x4433,0x330e,0x220b,0x1948,0x10e6,0x10c6,0x10c6,0x10c6,0x10c6,0x10c6,0x10c6,0x10c6,0x10c6,0x10c6,0x10c6,
    0x10c6,0x10c6,0x10c6,0x10c6,0x10c6,0x10c6,0x10e6,0x222b,0x4cb5,0x663b,0x669c,0x665b,0x5558,0x43f2,0x21ca,0x10c6,
    0x10c6,0x10c6,0x10c6,0x10c6,0x10c6,0x10c6,0x10c6,0x10c6,0x10c6,0x10c6,0x10c6,0x10c6,0x10c6,0x10c6,0x10c6,0x10c6,
    0x10c6,0x10c6,0x10c6,0x10c6,0x10c6,0x10c6,0x10c6,0x10c6,0x10c6,0x10c6,0x10c6,0x2107,0x496b,0x59ac,0x59ac,0x59ac,
    0x59ac,0x59ac,0x59ac,0x496b,0x2107,0x10c6,0x10c6,0x10c6,0x10c6,0x10c6,0x10c6,0x10c6,0x10c6,0x10c6,0x10c6,0x10c6,
    0x10c6,0x10c6,0x10c6,0x10c6,0x10c6,0x10c6,0x10c6,0x10c6,0x10c6,0x220b,0x4c74,0x5dfa,0x667c,0x665c,0x5d99,0x4413,
    0x21ea,0x10c6,0x10c6,0x10c6,0x10c6,0x10c6,0x10c6,0x10c6,0x10c6,0x10c6,0x10c6,0x10c6,0x10c6,0x10c6,0x10c6,0x10c6,
    0x10c6,0x10e6,0x1127,0x222b,0x43f2,0x5517,0x5dd9,0x663b,0x669c,0x6ebd,0x6ebd,0x6ebd,0x6ebd,0x6ebd,0x6ebd,0x669c,
    0x663b,0x5dd9,0x5517,0x43f2,0x222b,0x1127,0x10e6,0x10c6,0x10c6,0x10c6,0x10c6,0x10c6,0x10c6,0x10c6,0x10c6,0x10c6,
    0x10c6,0x10c6,0x10c6,0x10c6,0x10c6,0x10c6,0x10c6,0x21ea,0x4433,0x5db9,0x665c,0x667c,0x5dfa,0x4c74,0x220a,0x10c6,
    0x10c6,0x10c6,0x10c6,0x10c6,0x10c6,0x10c6,0x10c6,0x10c6,0x10c6,0x10c6,0x10c6,0x10c6,0x10c6,0x10c6,0x10c6,0x10c6,
    0x10c6,0x10c6,0x10c6,0x10c6,0x10c6,0x10c6,0x10c6,0x10c6,0x10c6,0x10c6,0x10c6,0x2107,0x496b,0x59ac,0x59ac,0x59ac,
    0x59ac,0x59ac,0x59ac,0x496b,0x2107,0x10c6,0x10c6,0x10c6,0x10c6,0x10c6,0x10c6,0x10c6,0x10c6,0x10c6,0x10c6,0x10c6,
    0x10c6,0x10c6,0x10c6,0x10c6,0x10c6,0x10c6,0x10c6,0x10c6,0x10e6,0x222b,0x4cf6,0x665c,0x6e9d,0x663b,0x5517,0x3b91,
    0x21c9,0x10c6,0x10c6,0x10c6,0x10c6,0x10c6,0x10c6,0x10c6,0x10c6,0x10c6,0x10c6,0x10c6,0x10c6,0x10c6,0x10c6,0x10c6,
    0x10c6,0x1127,0x21ea,0x332f,0x5537,0x665b,0x669d,0x669d,0x665c,0x661b,0x5dda,0x5db9,0x5db9,0x5dda,0x661b,0x665c,
    0x669d,0x669d,0x665b,0x5537,0x332f,0x21ea,0x1127,0x10c6,0x10c6,0x10c6,0x10c6,0x10c6,0x10c6,0x10c6,0x10c6,0x10c6,
    0x10c6,0x10c6,0x10c6,0x10c6,0x10c6,0x10c6,0x10c6,0x21c9,0x3bb1,0x5537,0x663b,0x6e9d,0x665c,0x4cf6,0x222b,0x10e6,
    0x10c6,0x10c6,0x10c6,0x10c6,0x10c6,0x10c6,0x10c6,0x10c6,0x10c6,0x10c6,0x10c6,0x10c6,0x10c6,0x10c6,0x10c6,0x10c6,
    0x10c6,0x10c6,0x10c6,0x10c6,0x10c6,0x10c6,0x10c6,0x10c6,0x10c6,0x10c6,0x10c6,0x2107,0x496b,0x59ac,0x59ac,0x59ac,
    0x59ac,0x59ac,0x59ac,0x496b,0x2107,0x10c6,0x10c6,0x10c6,0x10c6,0x10c6,0x10c6,0x10c6,0x10c6,0x10c6,0x10c6,0x10c6,
    0x10c6,0x10c6,0x10c6,0x10c6,0x10c6,0x10c6,0x10c6,0x10e6,0x1106,0x2a6c,0x5537,0x669d,0x6ebd,0x5e1a,0x4c95,0x332f,
    0x1989,0x10c6,0x10c6,0x10c6,0x10c6,0x10c6,0x10c6,0x10c6,0x10c6,0x10c6,0x10c6,0x10c6,0x10c6,0x10c6,0x10c6,0x10c6,
    0x10c6,0x1989,0x330f,0x4c94,0x5dda,0x669d,0x6ebd,0x665c,0x5db9,0x4cf6,0x4433,0x3bd1,0x3bd1,0x4433,0x4cf6,0x5db9,
    0x667c,0x6ebd,0x669d,0x5dda,0x4c94,0x330f,0x1989,0x10c6,0x10c6,0x10c6,0x10c6,0x10c6,0x10c6,0x10c6,0x10c6,0x10c6,
    0x10c6,0x10c6,0x10c6,0x10c6,0x10c6,0x10c6,0x10c6,0x19a9,0x332f,0x4cb5,0x5e1a,0x6ebd,0x669c,0x5537,0x2a6c,0x1106,
    0x10e6,0x10c6,0x10c6,0x10c6,0x10c6,0x10c6,0x10c6,0x10c6,0x10c6,0x10c6,0x10c6,0x10c6,0x10c6,0x10c6,0x10c6,0x10c6,
    0x10c6,0x10c6,0x10c6,0x10c6,0x10c6,0x10c6,0x10c6,0x10c6,0x10c6,0x10c6,0x10c6,0x2107,0x496b,0x59ac,0x59ac,0x59ac,
    0x59ac,0x59ac,0x59ac,0x496b,0x2107,0x10c6,0x10c6,0x10c6,0x10c6,0x10c6,0x10c6,0x10c6,0x10c6,0x10c6,0x10c6,0x10c6,
    0x10c6,0x10c6,0x10c6,0x10c6,0x10c6,0x10c6,0x10c6,0x10e6,0x1127,0x2aad,0x5558,0x6ebd,0x6ebd,0x5dfa,0x4433,0x2acd,
    0x1968,0x10c6,0x10c6,0x10c6,0x10c6,0x10c6,0x10c6,0x10c6,0x10c6,0x10c6,0x10c6,0x10c6,0x10c6,0x10c6,0x10c6,0x10c6,
    0x10e6,0x21ea,0x4413,0x5d98,0x665c,0x669d,0x665c,0x5d99,0x4c74,0x3b70,0x2aad,0x2a4c,0x2a4c,0x2aad,0x3b70,0x4c74,
    0x5db9,0x665c,0x669d,0x665c,0x5d98,0x4413,0x21ea,0x10e6,0x10c6,0x10c6,0x10c6,0x10c6,0x10c6,0x10c6,0x10c6,0x10c6,
    0x10c6,0x10c6,0x10c6,0x10c6,0x10c6,0x10c6,0x10c6,0x1968,0x32ce,0x4453,0x5dfa,0x6ebd,0x6ebd,0x5558,0x2aad,0x1127,
    0x10e6,0x10c6,0x10c6,0x10c6,0x10c6,0x10c6,0x10c6,0x10c6,0x10c6,0x10c6,0x10c6,0x10c6,0x10c6,0x10c6,0x10c6,0x10c6,
    0x10c6,0x10c6,0x10c6,0x10c6,0x10c6,0x10c6,0x10c6,0x10c6,0x10c6,0x10c6,0x10c6,0x2107,0x496b,0x59ac,0x59ac,0x59ac,
    0x59ac,0x59ac,0x59ac,0x496b,0x2107,0x10c6,0x10c6,0x10c6,0x10c6,0x10c6,0x10c6,0x10c6,0x10c6,0x10c6,0x10c6,0x10c6,
    0x10c6,0x10c6,0x10c6,0x10c6,0x10c6,0x10c6,0x10c6,0x1107,0x1968,0x32ee,0x5578,0x6ebd,0x6ebd,0x5dd9,0x43f2,0x2a6c,
    0x1968,0x10c6,0x10c6,0x10c6,0x10c6,0x10c6,0x10c6,0x10c6,0x10c6,0x10c6,0x10c6,0x10c6,0x10c6,0x10c6,0x10c6,0x10e6,
    0x1106,0x2a4c,0x4cd6,0x665b,0x669c,0x665c,0x5d99,0x4454,0x2aad,0x19a9,0x1968,0x1948,0x1948,0x1968,0x19a9,0x2aad,
    0x4454,0x5d98,0x665c,0x669c,0x665b,0x4cd6,0x2a4c,0x1106,0x10e6,0x10c6,0x10c6,0x10c6,0x10c6,0x10c6,0x10c6,0x10c6,
    0x10c6,0x10c6,0x10c6,0x10c6,0x10c6,0x10c6,0x10c6,0x1968,0x2a6c,0x43f2,0x5dd9,0x6ebd,0x6ebd,0x5578,0x32ee,0x1968,
    0x1107,0x10c6,0x10c6,0x10c6,0x10c6,0x10c6,0x10c6,0x10c6,0x10c6,0x10c6,0x10c6,0x10c6,0x10c6,0x10c6,0x10c6,0x10c6,
    0x10c6,0x10c6,0x10c6,0x10c6,0x10c6,0x10c6,0x10c6,0x10c6,0x10c6,0x10c6,0x10c6,0x2107,0x496b,0x59ac,0x59ac,0x59ac,
    0x59ac,0x59ac,0x59ac,0x496b,0x2107,0x10c6,0x10c6,0x10c6,0x10c6,0x10c6,0x10c6,0x10c6,0x10c6,0x10c6,0x10c6,0x10c6,
    0x10c6,0x10c6,0x10c6,0x10c6,0x10c6,0x10c6,0x10c6,0x1107,0x19a9,0x332f,0x5598,0x6ebd,0x6ebd,0x5db9,0x3bb1,0x222b,
    0x1948,0x10c6,0x10c6,0x10c6,0x10c6,0x10c6,0x10c6,0x10c6,0x10c6,0x10c6,0x10c6,0x10c6,0x10c6,0x10c6,0x10c6,0x10e6,
    0x1927,0x2aad,0x5557,0x6ebd,0x6ebd,0x661b,0x4cd6,0x3350,0x19a9,0x10c6,0x10c6,0x10c6,0x10c6,0x10c6,0x10c6,0x19a9,
    0x3350,0x4cd5,0x5e1b,0x6ebd,0x6ebd,0x5557,0x2aad,0x1927,0x10e6,0x10c6,0x10c6,0x10c6,0x10c6,0x10c6,0x10c6,0x10c6,
    0x10c6,0x10c6,0x10c6,0x10c6,0x10c6,0x10c6,0x10c6,0x1948,0x2a4b,0x3bb1,0x5db9,0x6ebd,0x6ebd,0x5598,0x330f,0x19a9,
    0x1107,0x10c6,0x10c6,0x10c6,0x10c6,0x10c6,0x10c6,0x10c6,0x10c6,0x10c6,0x10c6,0x10c6,0x10c6,0x10c6,0x10c6,0x10c6,
    0x10c6,0x10c6,0x10c6,0x10c6,0x10c6,0x10c6,0x10c6,0x10c6,0x10c6,0x10c6,0x10c6,0x2107,0x496b,0x59ac,0x59ac,0x59ac,
    0x59ac,0x59ac,0x59ac,0x496b,0x2107,0x10c6,0x10c6,0x10c6,0x10c6,0x10c6,0x10c6,0x10c6,0x10c6,0x10c6,0x10c6,0x10c6,
    0x10c6,0x10c6,0x10c6,0x10c6,0x10c6,0x10c6,0x10c6,0x1127,0x21c9,0x332f,0x5d99,0x6ebd,0x6ebd,0x5db9,0x3b91,0x220b,
    0x1947,0x10c6,0x10c6,0x10c6,0x10c6,0x10c6,0x10c6,0x10c6,0x10c6,0x10c6,0x10c6,0x10c6,0x10c6,0x10c6,0x10c6,0x1107,
    0x1989,0x330e,0x5578,0x6ebd,0x6ebd,0x5dda,0x4412,0x2a8d,0x1968,0x10c6,0x10c6,0x10c6,0x10c6,0x10c6,0x10c6,0x1968,
    0x2a8d,0x4412,0x5dda,0x6ebd,0x6ebd,0x5578,0x330e,0x1989,0x1107,0x10c6,0x10c6,0x10c6,0x10c6,0x10c6,0x10c6,0x10c6,
    0x10c6,0x10c6,0x10c6,0x10c6,0x10c6,0x10c6,0x10c6,0x1947,0x222b,0x3b91,0x5db9,0x6ebd,0x6ebd,0x5d98,0x332f,0x19c9,
    0x1127,0x10c6,0x10c6,0x10c6,0x10c6,0x10c6,0x10c6,0x10c6,0x10c6,0x10c6,0x10c6,0x10c6,0x10c6,0x10c6,0x10c6,0x10c6,
    0x10c6,0x10c6,0x10c6,0x10c6,0x10c6,0x10c6,0x10c6,0x10c6,0x10c6,0x10c6,0x10c6,0x2107,0x496b,0x59ac,0x59ac,0x59ac,
    0x59ac,0x59ac,0x59ac,0x496b,0x2107,0x10c6,0x10c6,0x10c6,0x10c6,0x10c6,0x10c6,0x10c6,0x10c6,0x10c6,0x10c6,0x10c6,
    0x10c6,0x10c6,0x10c6,0x10c6,0x10c6,0x10c6,0x10c6,0x1127,0x21ca,0x3350,0x5d99,0x6ebd,0x6ebd,0x5db9,0x3b70,0x220a,
    0x1927,0x10c6,0x10c6,0x10c6,0x10c6,0x10c6,0x10c6,0x10c6,0x10c6,0x10c6,0x10c6,0x10c6,0x10c6,0x10c6,0x10c6,0x1127,
    0x19a9,0x332f,0x5d98,0x6ebd,0x6ebd,0x5db9,0x3bb1,0x222b,0x1947,0x10c6,0x10c6,0x10c6,0x10c6,0x10c6,0x10c6,0x1947,
    0x222b,0x3bb1,0x5db9,0x6ebd,0x6ebd,0x5d98,0x332f,0x19a9,0x1127,0x10c6,0x10c6,0x10c6,0x10c6,0x10c6,0x10c6,0x10c6,
    0x10c6,0x10c6,0x10c6,0x10c6,0x10c6,0x10c6,0x10c6,0x1927,0x220b,0x3b90,0x5db9,0x6ebd,0x6ebd,0x5d99,0x334f,0x21ca,
    0x1127,0x10c6,0x10c6,0x10c6,0x10c6,0x10c6,0x10c6,0x10c6,0x10c6,0x10c6,0x10c6,0x10c6,0x10c6,0x10c6,0x10c6,0x10c6,
    0x10c6,0x10c6,0x10c6,0x10c6,0x10c6,0x10c6,0x10c6,0x10c6,0x10c6,0x10c6,0x10c6,0x2107,0x496b,0x59ac,0x59ac,0x59ac,
    0x59ac,0x59ac,0x59ac,0x496b,0x2107,0x10c6,0x10c6,0x10c6,0x10c6,0x10c6,0x10c6,0x10c6,0x10c6,0x10c6,0x10c6,0x10c6,
    0x10c6,0x10c6,0x10c6,0x10c6,0x10c6,0x10c6,0x10c6,0x1127,0x21ca,0x3350,0x5d99,0x6ebd,0x6ebd,0x5db9,0x3b90,0x220b,
    0x1927,0x10c6,0x10c6,0x10c6,0x10c6,0x10c6,0x10c6,0x10c6,0x10c6,0x10c6,0x10c6,0x10c6,0x10c6,0x10c6,0x10c6,0x1127,
    0x19a9,0x332f,0x5d98,0x6ebd,0x6ebd,0x5db9,0x3bb1,0x222b,0x1948,0x10c6,0x10c6,0x10c6,0x10c6,0x10c6,0x10c6,0x1948,
    0x222b,0x3bb1,0x5db9,0x6ebd,0x6ebd,0x5d98,0x332f,0x19a9,0x1127,0x10c6,0x10c6,0x10c6,0x10c6,0x10c6,0x10c6,0x10c6,
    0x10c6,0x10c6,0x10c6,0x10c6,0x10c6,0x10c6,0x10c6,0x1927,0x220b,0x3b90,0x5db9,0x6ebd,0x6ebd,0x5d99,0x334f,0x21ca,
    0x1127,0x10c6,0x10c6,0x10c6,0x10c6,0x10c6,0x10c6,0x10c6,0x10c6,0x10c6,0x10c6,0x10c6,0x10c6,0x10c6,0x10c6,0x10c6,
    0x10c6,0x10c6,0x10c6,0x10c6,0x10c6,0x10c6,0x10c6,0x10c6,0x10c6,0x10c6,0x10c6,0x2107,0x496b,0x59ac,0x59ac,0x59ac,
    0x59ac,0x59ac,0x59ac,0x496b,0x2107,0x10c6,0x10c6,0x10c6,0x10c6,0x10c6,0x10c6,0x10c6,0x10c6,0x10c6,0x10c6,0x10c6,
    0x10c6,0x10c6,0x10c6,0x10c6,0x10c6,0x10c6,0x10c6,0x1127,0x21c9,0x332f,0x5d99,0x6ebd,0x6ebd,0x5db9,0x3b91,0x220b,
    0x1947,0x10c6,0x10c6,0x10c6,0x10c6,0x10c6,0x10c6,0x10c6,0x10c6,0x10c6,0x10c6,0x10c6,0x10c6,0x10c6,0x10c6,0x1107,
    0x1989,0x330e,0x5578,0x6ebd,0x6ebd,0x5dda,0x4413,0x2a8d,0x1968,0x10c6,0x10c6,0x10c6,0x10c6,0x10c6,0x10c6,0x1968,
    0x2a8d,0x4412,0x5dda,0x6ebd,0x6ebd,0x5578,0x330e,0x1989,0x1107,0x10c6,0x10c6,0x10c6,0x10c6,0x10c6,0x10c6,0x10c6,
    0x10c6,0x10c6,0x10c6,0x10c6,0x10c6,0x10c6,0x10c6,0x1947,0x222b,0x3b91,0x5db9,0x6ebd,0x6ebd,0x5d98,0x332f,0x19c9,
    0x1127,0x10c6,0x10c6,0x10c6,0x10c6,0x10c6,0x10c6,0x10c6,0x10c6,0x10c6,0x10c6,0x10c6,0x10c6,0x10c6,0x10c6,0x10c6,
    0x10c6,0x10c6,0x10c6,0x10c6,0x10c6,0x10c6,0x10c6,0x10c6,0x10c6,0x10c6,0x10c6,0x2107,0x496b,0x59ac,0x59ac,0x59ac,
    0x59ac,0x59ac,0x59ac,0x496b,0x2107,0x10c6,0x10c6,0x10c6,0x10c6,0x10c6,0x10c6,0x10c6,0x10c6,0x10c6,0x10c6,0x10c6,
    0x10c6,0x10c6,0x10c6,0x10c6,0x10c6,0x10c6,0x10c6,0x1107,0x19a9,0x332f,0x5598,0x6ebd,0x6ebd,0x5db9,0x3bb1,0x222b,
    0x1948,0x10c6,0x10c6,0x10c6,0x10c6,0x10c6,0x10c6,0x10c6,0x10c6,0x10c6,0x10c6,0x10c6,0x10c6,0x10c6,0x10c6,0x10e6,
    0x1927,0x2aad,0x5557,0x6ebd,0x6ebd,0x661b,0x4cd6,0x3b70,0x19a9,0x10c6,0x10c6,0x10c6,0x10c6,0x10c6,0x10c6,0x19a9,
    0x3350,0x4cd6,0x661b,0x6ebd,0x6ebd,0x5557,0x2aad,0x1927,0x10e6,0x10c6,0x10c6,0x10c6,0x10c6,0x10c6,0x10c6,0x10c6,
    0x10c6,0x10c6,0x10c6,0x10c6,0x10c6,0x10c6,0x10c6,0x1948,0x2a4b,0x3bb1,0x5db9,0x6ebd,0x6ebd,0x5598,0x330f,0x19a9,
    0x1107,0x10c6,0x10c6,0x10c6,0x10c6,0x10c6,0x10c6,0x10c6,0x10c6,0x10c6,0x10c6,0x10c6,0x10c6,0x10c6,0x10c6,0x10c6,
    0x10c6,0x10c6,0x10c6,0x10c6,0x10c6,0x10c6,0x10c6,0x10c6,0x10c6,0x10c6,0x10c6,0x2107,0x496b,0x59ac,0x59ac,0x59ac,
    0x59ac,0x59ac,0x59ac,0x496b,0x2107,0x10c6,0x10c6,0x10c6,0x10c6,0x10c6,0x10c6,0x10c6,0x10c6,0x10c6,0x10c6,0x10c6,
    0x10c6,0x10c6,0x10c6,0x10c6,0x10c6,0x10c6,0x10c6,0x1107,0x1968,0x32ee,0x5578,0x6ebd,0x6ebd,0x5dd9,0x43f2,0x2a6c,
    0x1968,0x10c6,0x10c6,0x10c6,0x10c6,0x10c6,0x10c6,0x10c6,0x10c6,0x10c6,0x10c6,0x10c6,0x10c6,0x10c6,0x10c6,0x10e6,
    0x1106,0x2a4c,0x4cd6,0x663b,0x669c,0x665c,0x5d99,0x4474,0x2aad,0x19a9,0x1968,0x1948,0x1948,0x1968,0x19a9,0x2aad,
    0x4454,0x5d99,0x665c,0x669c,0x663b,0x4cd6,0x2a4c,0x1106,0x10e6,0x10c6,0x10c6,0x10c6,0x10c6,0x10c6,0x10c6,0x10c6,
    0x10c6,0x10c6,0x10c6,0x10c6,0x10c6,0x10c6,0x10c6,0x1968,0x2a6c,0x43f2,0x5dd9,0x6ebd,0x6ebd,0x5578,0x32ee,0x1968,
    0x1107,0x10c6,0x10c6,0x10c6,0x10c6,0x10c6,0x10c6,0x10c6,0x10c6,0x10c6,0x10c6,0x10c6,0x10c6,0x10c6,0x10c6,0x10c6,
    0x10c6,0x10c6,0x10c6,0x10c6,0x10c6,0x10c6,0x10c6,0x10c6,0x10c6,0x10c6,0x10c6,0x2107,0x496b,0x59ac,0x59ac,0x59ac,
    0x59ac,0x59ac,0x59ac,0x496b,0x2107,0x10c6,0x10c6,0x10c6,0x10c6,0x10c6,0x10c6,0x10c6,0x10c6,0x10c6,0x10c6,0x10c6,
    0x10c6,0x10c6,0x10c6,0x10c6,0x10c6,0x10c6,0x10c6,0x10e6,0x1927,0x2aad,0x5558,0x6ebd,0x6ebd,0x5dfa,0x4453,0x2acd,
    0x1968,0x10c6,0x10c6,0x10c6,0x10c6,0x10c6,0x10c6,0x10c6,0x10c6,0x10c6,0x10c6,0x10c6,0x10c6,0x10c6,0x10c6,0x10c6,
    0x10e6,0x21ea,0x4413,0x5d98,0x665c,0x669d,0x665c,0x5db9,0x4c74,0x3b90,0x2aad,0x2a4c,0x2a4c,0x2aad,0x3b90,0x4c74,
    0x5db9,0x665c,0x669d,0x665b,0x5d98,0x4412,0x21ea,0x10e6,0x10c6,0x10c6,0x10c6,0x10c6,0x10c6,0x10c6,0x10c6,0x10c6,
    0x10c6,0x10c6,0x10c6,0x10c6,0x10c6,0x10c6,0x10c6,0x1968,0x32ce,0x4453,0x5dfa,0x6ebd,0x6ebd,0x5558,0x2aad,0x1127,
    0x10e6,0x10c6,0x10c6,0x10c6,0x10c6,0x10c6,0x10c6,0x10c6,0x10c6,0x10c6,0x10c6,0x10c6,0x10c6,0x10c6,0x10c6,0x10c6,
    0x10c6,0x10c6,0x10c6,0x10c6,0x10c6,0x10c6,0x10c6,0x10c6,0x10c6,0x10c6,0x10c6,0x2107,0x496b,0x59ac,0x59ac,0x59ac,
    0x59ac,0x59ac,0x59ac,0x496b,0x2107,0x10c6,0x10c6,0x10c6,0x10c6,0x10c6,0x10c6,0x10c6,0x10c6,0x10c6,0x10c6,0x10c6,
    0x10c6,0x10c6,0x10c6,0x10c6,0x10c6,0x10c6,0x10c6,0x10e6,0x1106,0x2a6c,0x5537,0x669d,0x6ebd,0x5e1a,0x4cb5,0x332f,
    0x1989,0x10c6,0x10c6,0x10c6,0x10c6,0x10c6,0x10c6,0x10c6,0x10c6,0x10c6,0x10c6,0x10c6,0x10c6,0x10c6,0x10c6,0x10c6,
    0x10c6,0x1989,0x330f,0x4c74,0x5dda,0x669d,0x6ebd,0x667c,0x5db9,0x4cf6,0x4433,0x3bd1,0x3bd1,0x4433,0x4cf6,0x5db9,
    0x667c,0x6ebd,0x669d,0x5dda,0x4c74,0x330f,0x1989,0x10c6,0x10c6,0x10c6,0x10c6,0x10c6,0x10c6,0x10c6,0x10c6,0x10c6,
    0x10c6,0x10c6,0x10c6,0x10c6,0x10c6,0x10c6,0x10c6,0x19a9,0x332f,0x4cb5,0x5e1a,0x6ebd,0x669c,0x5537,0x2a6c,0x10e6,
    0x10e6,0x10c6,0x10c6,0x10c6,0x10c6,0x10c6,0x10c6,0x10c6,0x10c6,0x10c6,0x10c6,0x10c6,0x10c6,0x10c6,0x10c6,0x10c6,
    0x10c6,0x10c6,0x10c6,0x10c6,0x10c6,0x10c6,0x10c6,0x10c6,0x10c6,0x10c6,0x10c6,0x2107,0x496b,0x59ac,0x59ac,0x59ac,
    0x59ac,0x59ac,0x59ac,0x496b,0x2107,0x10c6,0x10c6,0x10c6,0x10c6,0x10c6,0x10c6,0x10c6,0x10c6,0x10c6,0x10c6,0x10c6,
    0x10c6,0x10c6,0x10c6,0x10c6,0x10c6,0x10c6,0x10c6,0x10c6,0x10e6,0x222b,0x4cf6,0x665c,0x6e9d,0x663b,0x5517,0x3b91,
    0x21c9,0x10c6,0x10c6,0x10c6,0x10c6,0x10c6,0x10c6,0x10c6,0x10c6,0x10c6,0x10c6,0x10c6,0x10c6,0x10c6,0x10c6,0x10c6,
    0x10c6,0x1127,0x21ca,0x332f,0x5517,0x665b,0x669d,0x669d,0x665c,0x663b,0x5dda,0x5db9,0x5db9,0x5dda,0x663b,0x665c,
    0x669d,0x669d,0x665b,0x5517,0x332f,0x21ca,0x1127,0x10c6,0x10c6,0x10c6,0x10c6,0x10c6,0x10c6,0x10c6,0x10c6,0x10c6,
    0x10c6,0x10c6,0x10c6,0x10c6,0x10c6,0x10c6,0x10c6,0x21c9,0x3bb1,0x5537,0x663b,0x669d,0x665b,0x4cd6,0x222b,0x10e6,
    0x10c6,0x10c6,0x10c6,0x10c6,0x10c6,0x10c6,0x10c6,0x10c6,0x10c6,0x10c6,0x10c6,0x10c6,0x10c6,0x10c6,0x10c6,0x10c6,
    0x10c6,0x10c6,0x10c6,0x10c6,0x10c6,0x10c6,0x10c6,0x10c6,0x10c6,0x10c6,0x10c6,0x2107,0x496b,0x59ac,0x59ac,0x59ac,
    0x59ac,0x59ac,0x59ac,0x496b,0x2107,0x10c6,0x10c6,0x10c6,0x10c6,0x10c6,0x10c6,0x10c6,0x10c6,0x10c6,0x10c6,0x10c6,
    0x10c6,0x10c6,0x10c6,0x10c6,0x10c6,0x10c6,0x10c6,0x10c6,0x10c6,0x220b,0x4c74,0x5dfa,0x667c,0x665c,0x5d99,0x4413,
    0x21ea,0x10c6,0x10c6,0x10c6,0x10c6,0x10c6,0x10c6,0x10c6,0x10c6,0x10c6,0x10c6,0x10c6,0x10c6,0x10c6,0x10c6,0x10c6,
    0x10c6,0x10e6,0x1127,0x220b,0x3bd2,0x5517,0x5db9,0x663b,0x669c,0x6ebd,0x6ebd,0x6ebd,0x6ebd,0x6ebd,0x6ebd,0x669c,
    0x663b,0x5db9,0x5517,0x3bd2,0x220b,0x1127,0x10e6,0x10c6,0x10c6,0x10c6,0x10c6,0x10c6,0x10c6,0x10c6,0x10c6,0x10c6,
    0x10c6,0x10c6,0x10c6,0x10c6,0x10c6,0x10c6,0x10c6,0x21ea,0x4433,0x5db9,0x665c,0x667c,0x5dfa,0x4474,0x220a,0x10c6,
    0x10c6,0x10c6,0x10c6,0x10c6,0x10c6,0x10c6,0x10c6,0x10c6,0x10c6,0x10c6,0x10c6,0x10c6,0x10c6,0x10c6,0x10c6,0x10c6,
    0x10c6,0x10c6,0x10c6,0x10c6,0x10c6,0x10c6,0x10c6,0x10c6,0x10c6,0x10c6,0x10c6,0x2107,0x496b,0x59ac,0x59ac,0x59ac,
    0x59ac,0x59ac,0x59ac,0x496b,0x2107,0x10c6,0x10c6,0x10c6,0x10c6,0x10c6,0x10c6,0x10c6,0x10c6,0x10c6,0x10c6,0x10c6,
    0x10c6,0x10c6,0x10c6,0x10c6,0x10c6,0x10c6,0x10c6,0x10c6,0x10c6,0x21ca,0x3bf2,0x5578,0x665b,0x669c,0x663b,0x4cb5,
    0x222b,0x10e6,0x10c6,0x10c6,0x10c6,0x10c6,0x10c6,0x10c6,0x10c6,0x10c6,0x10c6,0x10c6,0x10c6,0x10c6,0x10c6,0x10c6,
    0x10c6,0x10c6,0x10e6,0x1948,0x220a,0x32ee,0x4433,0x5537,0x661b,0x6e9d,0x6ebd,0x6ebd,0x6ebd,0x6ebd,0x6e9d,0x661b,
    0x5537,0x4433,0x32ee,0x220b,0x1948,0x10e6,0x10c6,0x10c6,0x10c6,0x10c6,0x10c6,0x10c6,0x10c6,0x10c6,0x10c6,0x10c6,
    0x10c6,0x10c6,0x10c6,0x10c6,0x10c6,0x10c6,0x10e6,0x222b,0x4cb5,0x663b,0x669c,0x665b,0x5558,0x3bf2,0x21ca,0x10c6,
    0x10c6,0x10c6,0x10c6,0x10c6,0x10c6,0x10c6,0x10c6,0x10c6,0x10c6,0x10c6,0x10c6,0x10c6,0x10c6,0x10c6,0x10c6,0x10c6,
    0x10c6,0x10c6,0x10c6,0x10c6,0x10c6,0x10c6,0x10c6,0x10c6,0x10c6,0x10c6,0x10c6,0x2107,0x496b,0x59ac,0x59ac,0x59ac,
    0x59ac,0x59ac,0x59ac,0x496b,0x2107,0x10c6,0x10c6,0x10c6,0x10c6,0x10c6,0x10c6,0x10c6,0x10c6,0x10c6,0x10c6,0x10c6,
    0x10c6,0x10c6,0x10c6,0x10c6,0x10c6,0x10c6,0x10c6,0x10c6,0x10c6,0x19a9,0x3350,0x4cd5,0x661b,0x6ebd,0x667c,0x5537,
    0x2aad,0x1947,0x10e6,0x10c6,0x10c6,0x10c6,0x10c6,0x10c6,0x10c6,0x10c6,0x10c6,0x10c6,0x10c6,0x10c6,0x10c6,0x10c6,
    0x10c6,0x10c6,0x10c6,0x10e6,0x1106,0x19a9,0x2acd,0x3bb1,0x4cb5,0x5537,0x5578,0x5578,0x5578,0x5578,0x5537,0x4cb5,
    0x3bb1,0x2acd,0x19a9,0x1107,0x10e6,0x10c6,0x10c6,0x10c6,0x10c6,0x10c6,0x10c6,0x10c6,0x10e6,0x10e6,0x10e6,0x10e6,
    0x10c6,0x10c6,0x10c6,0x10c6,0x10c6,0x10e6,0x1948,0x2aad,0x5537,0x669c,0x6ebd,0x661b,0x4cb5,0x334f,0x19a9,0x10c6,
    0x10c6,0x10c6,0x10c6,0x10c6,0x10c6,0x10c6,0x10c6,0x10c6,0x10c6,0x10c6,0x10c6,0x10c6,0x10c6,0x10c6,0x10c6,0x10c6,
    0x10c6,0x10c6,0x10c6,0x10c6,0x10c6,0x10c6,0x10c6,0x10c6,0x10c6,0x10c6,0x10c6,0x2107,0x496b,0x59ac,0x59ac,0x59ac,
    0x59ac,0x59ac,0x59ac,0x496b,0x2107,0x10c6,0x10c6,0x10c6,0x10c6,0x10c6,0x10c6,0x10c6,0x10c6,0x10c6,0x10c6,0x10c6,
    0x10c6,0x10c6,0x10c6,0x10c6,0x10c6,0x10c6,0x10c6,0x10c6,0x10c6,0x1968,0x2aad,0x4413,0x5dda,0x6ebd,0x6ebd,0x5598,
    0x3b70,0x21ea,0x1927,0x10c6,0x10c6,0x10c6,0x10c6,0x10c6,0x10c6,0x10c6,0x10c6,0x10c6,0x10c6,0x10c6,0x10c6,0x10c6,
    0x10c6,0x10c6,0x10c6,0x10c6,0x10e6,0x1107,0x1968,0x21ca,0x222b,0x2a8c,0x2ace,0x330e,0x330e,0x2ace,0x2a8c,0x222b,
    0x21ca,0x1968,0x1107,0x10e6,0x10c6,0x10c6,0x10c6,0x10c6,0x10c6,0x10c6,0x10c6,0x10e6,0x1927,0x1948,0x1948,0x1927,
    0x10e6,0x10c6,0x10c6,0x10c6,0x10c6,0x1927,0x21ea,0x3b70,0x5d98,0x6ebd,0x6ebd,0x5dda,0x4413,0x2a8d,0x1968,0x10c6,
    0x10c6,0x10c6,0x10c6,0x10c6,0x10c6,0x10c6,0x10c6,0x10c6,0x10c6,0x10c6,0x10c6,0x10c6,0x10c6,0x10c6,0x10c6,0x10c6,
    0x10c6,0x10c6,0x10c6,0x10c6,0x10c6,0x10c6,0x10c6,0x10c6,0x10c6,0x10c6,0x10c6,0x2107,0x496b,0x59ac,0x59ac,0x59ac,
    0x59ac,0x59ac,0x59ac,0x496b,0x2107,0x10c6,0x10c6,0x10c6,0x10c6,0x10c6,0x10c6,0x10c6,0x10c6,0x10c6,0x10c6,0x10c6,
    0x10c6,0x10c6,0x10c6,0x10c6,0x10c6,0x10c6,0x10c6,0x10c6,0x10c6,0x1927,0x21ea,0x3b70,0x5d98,0x6ebd,0x6ebd,0x5dda,
    0x4433,0x2acd,0x1968,0x10c6,0x10c6,0x10c6,0x10c6,0x10c6,0x10c6,0x10c6,0x10c6,0x10c6,0x10c6,0x10c6,0x10c6,0x10c6,
    0x10c6,0x10c6,0x10c6,0x10c6,0x10c6,0x10c6,0x10c6,0x10c6,0x10e6,0x1107,0x1948,0x1988,0x1988,0x1948,0x1107,0x10e6,
    0x10c6,0x10c6,0x10c6,0x10c6,0x10c6,0x10c6,0x10c6,0x10c6,0x10c6,0x10c6,0x10e6,0x1968,0x2a4c,0x2aad,0x2aad,0x2a4c,
    0x1968,0x10e6,0x10c6,0x10c6,0x10c6,0x1968,0x2ace,0x4433,0x5dfa,0x6ebd,0x6ebd,0x5d98,0x3b70,0x21ea,0x1927,0x10c6,
    0x10c6,0x10c6,0x10c6,0x10c6,0x10c6,0x10c6,0x10c6,0x10c6,0x10c6,0x10c6,0x10c6,0x10c6,0x10c6,0x10c6,0x10c6,0x10c6,
    0x10c6,0x10c6,0x10c6,0x10c6,0x10c6,0x10c6,0x10c6,0x10c6,0x10c6,0x10c6,0x10c6,0x2107,0x496b,0x59ac,0x59ac,0x59ac,
    0x59ac,0x59ac,0x59ac,0x496b,0x2107,0x10c6,0x10c6,0x10c6,0x10c6,0x10c6,0x10c6,0x10c6,0x10c6,0x10c6,0x10c6,0x10c6,
    0x10c6,0x10c6,0x10c6,0x10c6,0x10c6,0x10c6,0x10c6,0x10c6,0x10c6,0x1106,0x1948,0x2aad,0x5537,0x669c,0x6ebd,0x663b,
    0x5537,0x3bb1,0x21ca,0x10c6,0x10c6,0x10c6,0x10c6,0x10c6,0x10c6,0x10c6,0x10c6,0x10c6,0x10c6,0x10c6,0x10c6,0x10c6,
    0x10c6,0x10c6,0x10c6,0x10c6,0x10c6,0x10c6,0x10c6,0x10c6,0x10c6,0x10e6,0x1106,0x1107,0x1107,0x1106,0x10e6,0x10c6,
    0x10c6,0x10c6,0x10c6,0x10c6,0x10c6,0x10c6,0x10c6,0x10c6,0x10c6,0x10e6,0x1927,0x2a4c,0x4453,0x5537,0x5537,0x4453,
    0x2a4c,0x1927,0x10e6,0x10c6,0x10c6,0x21ca,0x3bd1,0x5537,0x663b,0x6ebd,0x667c,0x5537,0x2aad,0x1948,0x10e6,0x10c6,
    0x10c6,0x10c6,0x10c6,0x10c6,0x10c6,0x10c6,0x10c6,0x10c6,0x10c6,0x10c6,0x10c6,0x10c6,0x10c6,0x10c6,0x10c6,0x10c6,
    0x10c6,0x10c6,0x10c6,0x10c6,0x10c6,0x10c6,0x10c6,0x10c6,0x10c6,0x10c6,0x10c6,0x2107,0x496b,0x59ac,0x59ac,0x59ac,
    0x59ac,0x59ac,0x59ac,0x496b,0x2107,0x10c6,0x10c6,0x10c6,0x10c6,0x10c6,0x10c6,0x10c6,0x10c6,0x10c6,0x10c6,0x10c6,
    0x10c6,0x10c6,0x10c6,0x10c6,0x10c6,0x10c6,0x10c6,0x10c6,0x10c6,0x10e6,0x10e6,0x222b,0x4c94,0x5dfa,0x667c,0x667c,
    0x5dfa,0x4c95,0x2a6c,0x1127,0x10e6,0x10c6,0x10c6,0x10c6,0x10c6,0x10c6,0x10c6,0x10c6,0x10c6,0x10c6,0x10c6,0x10c6,
    0x10c6,0x10c6,0x10c6,0x10c6,0x10c6,0x10c6,0x10c6,0x10c6,0x10c6,0x10c6,0x10c6,0x10c6,0x10c6,0x10c6,0x10c6,0x10c6,
    0x10c6,0x10c6,0x10c6,0x10c6,0x10c6,0x10c6,0x10c6,0x10c6,0x10c6,0x1107,0x1968,0x32ee,0x5558,0x669d,0x669d,0x5558,
    0x32ee,0x1968,0x1107,0x10e6,0x1927,0x2a6c,0x4cb5,0x5dfa,0x667c,0x667c,0x5dfa,0x4c94,0x222b,0x10e6,0x10e6,0x10c6,
    0x10c6,0x10c6,0x10c6,0x10c6,0x10c6,0x10c6,0x10c6,0x10c6,0x10c6,0x10c6,0x10c6,0x10c6,0x10c6,0x10c6,0x10c6,0x10c6,
    0x10c6,0x10c6,0x10c6,0x10c6,0x10c6,0x10c6,0x10c6,0x10c6,0x10c6,0x10c6,0x10c6,0x2107,0x496b,0x59ac,0x59ac,0x59ac,
    0x59ac,0x59ac,0x59ac,0x496b,0x2107,0x10c6,0x10c6,0x10c6,0x10c6,0x10c6,0x10c6,0x10c6,0x10c6,0x10c6,0x10c6,0x10c6,
    0x10c6,0x10c6,0x10c6,0x10c6,0x10c6,0x10c6,0x10c6,0x10c6,0x10c6,0x10c6,0x10c6,0x21c9,0x3b91,0x5517,0x663b,0x6e9d,
    0x667c,0x5558,0x332f,0x21ca,0x1127,0x10c6,0x10c6,0x10c6,0x10c6,0x10c6,0x10c6,0x10c6,0x10c6,0x10c6,0x10c6,0x10c6,
    0x10c6,0x10c6,0x10c6,0x10c6,0x10c6,0x10c6,0x10c6,0x10c6,0x10c6,0x10c6,0x10c6,0x10c6,0x10c6,0x10c6,0x10c6,0x10c6,
    0x10c6,0x10c6,0x10c6,0x10c6,0x10c6,0x10c6,0x10c6,0x10c6,0x10c6,0x1127,0x21c9,0x332f,0x5d98,0x6ebd,0x6ebd,0x5d98,
    0x332f,0x21c9,0x1127,0x1127,0x21ea,0x3350,0x5558,0x667c,0x6ebd,0x663b,0x54f6,0x3b90,0x21c9,0x10c6,0x10c6,0x10c6,
    0x10c6,0x10c6,0x10c6,0x10c6,0x10c6,0x10c6,0x10c6,0x10c6,0x10c6,0x10c6,0x10c6,0x10c6,0x10c6,0x10c6,0x10c6,0x10c6,
    0x10c6,0x10c6,0x10c6,0x10c6,0x10c6,0x10c6,0x10c6,0x10c6,0x10c6,0x10c6,0x10c6,0x2107,0x496b,0x59ac,0x59ac,0x59ac,
    0x59ac,0x59ac,0x59ac,0x496b,0x2107,0x10c6,0x10c6,0x10c6,0x10c6,0x10c6,0x10c6,0x10c6,0x10c6,0x10c6,0x10c6,0x10c6,
    0x10c6,0x10c6,0x10c6,0x10c6,0x10c6,0x10c6,0x10c6,0x10c6,0x10c6,0x10c6,0x10c6,0x1968,0x2aad,0x4413,0x5dd9,0x6ebd,
    0x6ebd,0x5dfa,0x4453,0x32ee,0x1989,0x10e6,0x10c6,0x10c6,0x10c6,0x10c6,0x10c6,0x10c6,0x10c6,0x10c6,0x10c6,0x10c6,
    0x10c6,0x10c6,0x10c6,0x10c6,0x10c6,0x10c6,0x10c6,0x10c6,0x10c6,0x10c6,0x10c6,0x10c6,0x10c6,0x10c6,0x10c6,0x10c6,
    0x10c6,0x10c6,0x10c6,0x10c6,0x10c6,0x10c6,0x10c6,0x10c6,0x10c6,0x1127,0x21ea,0x3b70,0x5d99,0x6ebd,0x6ebd,0x5d99,
    0x3b70,0x21ea,0x1948,0x1989,0x32ee,0x4454,0x5dfa,0x6ebd,0x6e9d,0x5db9,0x4412,0x2a8d,0x1968,0x10c6,0x10c6,0x10c6,
    0x10c6,0x10c6,0x10c6,0x10c6,0x10c6,0x10c6,0x10c6,0x10c6,0x10c6,0x10c6,0x10c6,0x10c6,0x10c6,0x10c6,0x10c6,0x10c6,
    0x10c6,0x10c6,0x10c6,0x10c6,0x10c6,0x10c6,0x10c6,0x10c6,0x10c6,0x10c6,0x10c6,0x2107,0x496b,0x59ac,0x59ac,0x59ac,
    0x59ac,0x59ac,0x59ac,0x496b,0x2107,0x10c6,0x10c6,0x10c6,0x10c6,0x10c6,0x10c6,0x10c6,0x10c6,0x10c6,0x10c6,0x10c6,
    0x10c6,0x10c6,0x10c6,0x10c6,0x10c6,0x10c6,0x10c6,0x10c6,0x10c6,0x10c6,0x10c6,0x1107,0x19a9,0x330f,0x5557,0x667c,
    0x6ebd,0x665c,0x5d99,0x4433,0x222b,0x1127,0x10e6,0x10c6,0x10c6,0x10c6,0x10c6,0x10c6,0x10c6,0x10c6,0x10c6,0x10c6,
    0x10c6,0x10c6,0x10c6,0x10c6,0x10c6,0x10c6,0x10c6,0x10c6,0x10c6,0x10c6,0x10c6,0x10c6,0x10c6,0x10c6,0x10c6,0x10c6,
    0x10c6,0x10c6,0x10c6,0x10c6,0x10c6,0x10c6,0x10c6,0x10c6,0x10c6,0x1127,0x21ea,0x3b70,0x5d99,0x6ebd,0x6ebd,0x5d99,
    0x3b70,0x220b,0x1988,0x224b,0x4453,0x5db9,0x665c,0x6e9d,0x667c,0x5537,0x32ee,0x1989,0x1107,0x10c6,0x10c6,0x10c6,
    0x10c6,0x10c6,0x10c6,0x10c6,0x10c6,0x10c6,0x10c6,0x10c6,0x10c6,0x10c6,0x10c6,0x10c6,0x10c6,0x10c6,0x10c6,0x10c6,
    0x10c6,0x10c6,0x10c6,0x10c6,0x10c6,0x10c6,0x10c6,0x10c6,0x10c6,0x10c6,0x10c6,0x2107,0x496b,0x59ac,0x59ac,0x59ac,
    0x59ac,0x59ac,0x59ac,0x496b,0x2107,0x10c6,0x10c6,0x10c6,0x10c6,0x10c6,0x10c6,0x10c6,0x10c6,0x10c6,0x10c6,0x10c6,
    0x10c6,0x10c6,0x10c6,0x10c6,0x10c6,0x10c6,0x10c6,0x10c6,0x10c6,0x10c6,0x10c6,0x10e6,0x1107,0x222b,0x4474,0x5dd9,
    0x667c,0x6e9d,0x665c,0x5557,0x3350,0x21ea,0x1927,0x10c6,0x10c6,0x10c6,0x10c6,0x10c6,0x10c6,0x10c6,0x10c6,0x10c6,
    0x10c6,0x10c6,0x10c6,0x10c6,0x10c6,0x10c6,0x10c6,0x10c6,0x10c6,0x10c6,0x10c6,0x10c6,0x10c6,0x10c6,0x10c6,0x10c6,
    0x10c6,0x10c6,0x10c6,0x10c6,0x10c6,0x10c6,0x10c6,0x10c6,0x10c6,0x1127,0x21ea,0x3b70,0x5d99,0x6ebd,0x6ebd,0x5d99,
    0x3b70,0x2a4c,0x2a6c,0x3b50,0x5557,0x667c,0x6e9d,0x667c,0x5db9,0x4454,0x222b,0x1107,0x10e6,0x10c6,0x10c6,0x10c6,
    0x10c6,0x10c6,0x10c6,0x10c6,0x10c6,0x10c6,0x10c6,0x10c6,0x10c6,0x10c6,0x10c6,0x10c6,0x10c6,0x10c6,0x10c6,0x10c6,
    0x10c6,0x10c6,0x10c6,0x10c6,0x10c6,0x10c6,0x10c6,0x10c6,0x10c6,0x10c6,0x10c6,0x2107,0x496b,0x59ac,0x59ac,0x59ac,
    0x59ac,0x59ac,0x59ac,0x496b,0x2107,0x10c6,0x10c6,0x10c6,0x10c6,0x10c6,0x10c6,0x10c6,0x10c6,0x10c6,0x10c6,0x10c6,
    0x10c6,0x10c6,0x10c6,0x10c6,0x10c6,0x10c6,0x10c6,0x10c6,0x10c6,0x10c6,0x10c6,0x10c6,0x10e6,0x19a9,0x332f,0x4c95,
    0x5e1a,0x6ebd,0x669d,0x5dfa,0x4cf6,0x3b90,0x21ca,0x10e6,0x10c6,0x10c6,0x10c6,0x10c6,0x10c6,0x10c6,0x10c6,0x10c6,
    0x10c6,0x10c6,0x10c6,0x10c6,0x10c6,0x10c6,0x10c6,0x10c6,0x10c6,0x10c6,0x10c6,0x10c6,0x10c6,0x10c6,0x10c6,0x10c6,
    0x10c6,0x10c6,0x10c6,0x10c6,0x10c6,0x10c6,0x10c6,0x10c6,0x10c6,0x1127,0x21ea,0x3b70,0x5d99,0x6ebd,0x6ebd,0x5db9,
    0x3b70,0x32ee,0x43f2,0x4cf6,0x5e1a,0x669d,0x6ebd,0x5dfa,0x4c94,0x330f,0x19a9,0x10e6,0x10c6,0x10c6,0x10c6,0x10c6,
    0x10c6,0x10c6,0x10c6,0x10c6,0x10c6,0x10c6,0x10c6,0x10c6,0x10c6,0x10c6,0x10c6,0x10c6,0x10c6,0x10c6,0x10c6,0x10c6,
    0x10c6,0x10c6,0x10c6,0x10c6,0x10c6,0x10c6,0x10c6,0x10c6,0x10c6,0x10c6,0x10c6,0x2107,0x496b,0x59ac,0x59ac,0x59ac,
    0x59ac,0x59ac,0x59ac,0x496b,0x2107,0x10c6,0x10c6,0x10c6,0x10c6,0x10c6,0x10c6,0x10c6,0x10c6,0x10c6,0x10c6,0x10c6,
    0x10c6,0x10c6,0x10c6,0x10c6,0x10c6,0x10c6,0x10c6,0x10c6,0x10c6,0x10c6,0x10c6,0x10c6,0x10c6,0x1947,0x220b,0x3b70,
    0x5537,0x665b,0x669d,0x667c,0x5dfa,0x4cd5,0x32ce,0x19a9,0x1127,0x10c6,0x10c6,0x10c6,0x10c6,0x10c6,0x10c6,0x10c6,
    0x10c6,0x10c6,0x10c6,0x10c6,0x10c6,0x10c6,0x10c6,0x10c6,0x10c6,0x10c6,0x10c6,0x10c6,0x10c6,0x10c6,0x10c6,0x10c6,
    0x10c6,0x10c6,0x10c6,0x10c6,0x10c6,0x10c6,0x10c6,0x10c6,0x10c6,0x1127,0x21ea,0x3b70,0x5d99,0x6ebd,0x6ebd,0x5dda,
    0x4412,0x3bd1,0x5517,0x5dfa,0x667c,0x669c,0x665b,0x5537,0x3b50,0x220b,0x1927,0x10c6,0x10c6,0x10c6,0x10c6,0x10c6,
    0x10c6,0x10c6,0x10c6,0x10c6,0x10c6,0x10c6,0x10c6,0x10c6,0x10c6,0x10c6,0x10c6,0x10c6,0x10c6,0x10c6,0x10c6,0x10c6,
    0x10c6,0x10c6,0x10c6,0x10c6,0x10c6,0x10c6,0x10c6,0x10c6,0x10c6,0x10c6,0x10c6,0x2107,0x496b,0x59ac,0x59ac,0x59ac,
    0x59ac,0x59ac,0x59ac,0x496b,0x2107,0x10c6,0x10c6,0x10c6,0x10c6,0x10c6,0x10c6,0x10c6,0x10c6,0x10c6,0x10c6,0x10c6,
    0x10c6,0x10c6,0x10c6,0x10c6,0x10c6,0x10c6,0x10c6,0x10c6,0x10c6,0x10c6,0x10c6,0x10c6,0x10c6,0x10e6,0x1947,0x2a4b,
    0x4413,0x5558,0x665b,0x6e9d,0x667c,0x5db9,0x4c74,0x330f,0x19a9,0x10e6,0x10c6,0x10c6,0x10c6,0x10c6,0x10c6,0x10c6,
    0x10c6,0x10c6,0x10c6,0x10c6,0x10c6,0x10c6,0x10c6,0x10c6,0x10c6,0x10c6,0x10c6,0x10c6,0x10c6,0x10c6,0x10c6,0x10c6,
    0x10c6,0x10c6,0x10c6,0x10c6,0x10c6,0x10c6,0x10c6,0x10c6,0x10c6,0x1127,0x21ea,0x3b70,0x5d99,0x6ebd,0x6ebd,0x663b,
    0x5517,0x5516,0x5dfa,0x667c,0x6ebd,0x665b,0x5558,0x4412,0x224b,0x1927,0x10e6,0x10c6,0x10c6,0x10c6,0x10c6,0x10c6,
    0x10c6,0x10c6,0x10c6,0x10c6,0x10c6,0x10c6,0x10c6,0x10c6,0x10c6,0x10c6,0x10c6,0x10c6,0x10c6,0x10c6,0x10c6,0x10c6,
    0x10c6,0x10c6,0x10c6,0x10c6,0x10c6,0x10c6,0x10c6,0x10c6,0x10c6,0x10c6,0x10c6,0x2107,0x496b,0x59ac,0x59ac,0x59ac,
    0x59ac,0x59ac,0x59ac,0x496b,0x2107,0x10c6,0x10c6,0x10c6,0x10c6,0x10c6,0x10c6,0x10c6,0x10c6,0x10c6,0x10c6,0x10c6,
    0x10c6,0x10c6,0x10c6,0x10c6,0x10c6,0x10c6,0x10c6,0x10c6,0x10c6,0x10c6,0x10c6,0x10c6,0x10c6,0x10c6,0x10c6,0x1968,
    0x32ce,0x4433,0x5d99,0x667c,0x6e9d,0x665c,0x5d99,0x4c74,0x32ee,0x21ca,0x1927,0x10e6,0x10c6,0x10c6,0x10c6,0x10c6,
    0x10c6,0x10c6,0x10c6,0x10c6,0x10c6,0x10c6,0x10c6,0x10c6,0x10c6,0x10c6,0x10c6,0x10c6,0x10c6,0x10c6,0x10c6,0x10c6,
    0x10c6,0x10c6,0x10c6,0x10c6,0x10c6,0x10c6,0x10c6,0x10c6,0x10c6,0x1127,0x21ea,0x3b70,0x5d99,0x6ebd,0x6ebd,0x667c,
    0x5dfa,0x5dfa,0x667c,0x6e9d,0x667c,0x5db9,0x4433,0x2ace,0x1968,0x10c6,0x10c6,0x10c6,0x10c6,0x10c6,0x10c6,0x10c6,
    0x10c6,0x10c6,0x10c6,0x10c6,0x10c6,0x10c6,0x10c6,0x10c6,0x10c6,0x10c6,0x10c6,0x10c6,0x10c6,0x10c6,0x10c6,0x10c6,
    0x10c6,0x10c6,0x10c6,0x10c6,0x10c6,0x10c6,0x10c6,0x10c6,0x10c6,0x10c6,0x10c6,0x2107,0x496b,0x59ac,0x59ac,0x59ac,
    0x59ac,0x59ac,0x59ac,0x496b,0x2107,0x10c6,0x10c6,0x10c6,0x10c6,0x10c6,0x10c6,0x10c6,0x10c6,0x10c6,0x10c6,0x10c6,
    0x10c6,0x10c6,0x10c6,0x10c6,0x10c6,0x10c6,0x10c6,0x10c6,0x10c6,0x10c6,0x10c6,0x10c6,0x10c6,0x10c6,0x10c6,0x1107,
    0x1989,0x2aad,0x4cb5,0x5dda,0x667c,0x669d,0x665c,0x5db9,0x4cd5,0x3b90,0x220a,0x1127,0x10e6,0x10c6,0x10c6,0x10c6,
    0x10c6,0x10c6,0x10c6,0x10c6,0x10c6,0x10c6,0x10c6,0x10c6,0x10c6,0x10c6,0x10c6,0x10c6,0x10c6,0x10c6,0x10c6,0x10c6,
    0x10c6,0x10c6,0x10c6,0x10c6,0x10c6,0x10c6,0x10c6,0x10c6,0x10c6,0x1127,0x21ea,0x3b70,0x5d99,0x6ebd,0x6ebd,0x6e9d,
    0x667c,0x667c,0x6e9d,0x667c,0x5dfa,0x4cb5,0x2acd,0x1989,0x1107,0x10c6,0x10c6,0x10c6,0x10c6,0x10c6,0x10c6,0x10c6,
    0x10c6,0x10c6,0x10c6,0x10c6,0x10c6,0x10c6,0x10c6,0x10c6,0x10c6,0x10c6,0x10c6,0x10c6,0x10c6,0x10c6,0x10c6,0x10c6,
    0x10c6,0x10c6,0x10c6,0x10c6,0x10c6,0x10c6,0x10c6,0x10c6,0x10c6,0x10c6,0x10c6,0x2107,0x496b,0x59ac,0x59ac,0x59ac,
    0x59ac,0x59ac,0x59ac,0x496b,0x2107,0x10c6,0x10c6,0x10c6,0x10c6,0x10c6,0x10c6,0x10c6,0x10c6,0x10c6,0x10c6,0x10c6,
    0x10c6,0x10c6,0x10c6,0x10c6,0x10c6,0x10c6,0x10c6,0x10c6,0x10c6,0x10c6,0x10c6,0x10c6,0x10c6,0x10c6,0x10c6,0x10c6,
    0x10e6,0x21a9,0x3b70,0x4cb5,0x5dda,0x667c,0x6e9d,0x667c,0x5dfa,0x4cf6,0x3350,0x224b,0x19a9,0x1927,0x10e6,0x10c6,
    0x10c6,0x10c6,0x10c6,0x10c6,0x10c6,0x10c6,0x10c6,0x10c6,0x10c6,0x10c6,0x10c6,0x10c6,0x10c6,0x10c6,0x10c6,0x10c6,
    0x10c6,0x10c6,0x10c6,0x10c6,0x10c6,0x10c6,0x10c6,0x10c6,0x10c6,0x1948,0x222b,0x3bb1,0x5db9,0x6ebd,0x6ebd,0x6ebd,
    0x6ebd,0x6e9d,0x667c,0x5dda,0x4cd6,0x3b70,0x21ca,0x10e6,0x10c6,0x10c6,0x10c6,0x10c6,0x10c6,0x10c6,0x10c6,0x10c6,
    0x10c6,0x10c6,0x10c6,0x10c6,0x10c6,0x10c6,0x10c6,0x10c6,0x10c6,0x10c6,0x10c6,0x10c6,0x10c6,0x10c6,0x10c6,0x10c6,
    0x10c6,0x10c6,0x10c6,0x10c6,0x10c6,0x10c6,0x10c6,0x10c6,0x10c6,0x10c6,0x10c6,0x2107,0x496b,0x59ac,0x59ac,0x59ac,
    0x59ac,0x59ac,0x59ac,0x496b,0x2107,0x10c6,0x10c6,0x10c6,0x10c6,0x10c6,0x10c6,0x10c6,0x10c6,0x10c6,0x10c6,0x10c6,
    0x10c6,0x10c6,0x10c6,0x10c6,0x10c6,0x10c6,0x10c6,0x10c6,0x10c6,0x10c6,0x10c6,0x10c6,0x10c6,0x10c6,0x10c6,0x10c6,
    0x10c6,0x1927,0x21ea,0x330f,0x4cd5,0x5dfa,0x667c,0x6ebd,0x667c,0x5e1a,0x5557,0x4454,0x330f,0x220b,0x1947,0x10e6,
    0x10c6,0x10c6,0x10c6,0x10c6,0x10c6,0x10c6,0x10c6,0x10c6,0x10c6,0x10c6,0x10c6,0x10c6,0x10c6,0x10c6,0x10c6,0x10c6,
    0x10c6,0x10c6,0x10c6,0x10c6,0x10c6,0x10c6,0x10c6,0x10c6,0x10c6,0x1968,0x2acd,0x4433,0x5dfa,0x6ebd,0x6ebd,0x6ebd,
    0x6ebd,0x667c,0x5dfa,0x4cd5,0x330f,0x21ea,0x1927,0x10c6,0x10c6,0x10c6,0x10c6,0x10c6,0x10c6,0x10c6,0x10c6,0x10c6,
    0x10c6,0x10c6,0x10c6,0x10c6,0x10c6,0x10c6,0x10c6,0x10c6,0x10c6,0x10c6,0x10c6,0x10c6,0x10c6,0x10c6,0x10c6,0x10c6,
    0x10c6,0x10c6,0x10c6,0x10c6,0x10c6,0x10c6,0x10c6,0x10c6,0x10c6,0x10c6,0x10c6,0x2107,0x496b,0x59ac,0x59ac,0x59ac,
    0x59ac,0x59ac,0x59ac,0x496b,0x2107,0x10c6,0x10c6,0x10c6,0x10c6,0x10c6,0x10c6,0x10c6,0x10c6,0x10c6,0x10c6,0x10c6,
    0x10c6,0x10c6,0x10c6,0x10c6,0x10c6,0x10c6,0x10c6,0x10c6,0x10c6,0x10c6,0x10c6,0x10c6,0x10c6,0x10c6,0x10c6,0x10c6,
    0x10c6,0x10e6,0x1107,0x21ea,0x3b70,0x4cb5,0x5d99,0x665b,0x669c,0x6e9d,0x665c,0x5db9,0x4c94,0x3b70,0x2a8d,0x21ea,
    0x1988,0x1927,0x10e6,0x10c6,0x10c6,0x10c6,0x10c6,0x10c6,0x10c6,0x10c6,0x10c6,0x10c6,0x10c6,0x10c6,0x10c6,0x10c6,
    0x10c6,0x10c6,0x10c6,0x10c6,0x10c6,0x10e6,0x1927,0x1968,0x21ca,0x2aad,0x3bf2,0x5516,0x663b,0x6ebd,0x6ebd,0x669d,
    0x665c,0x5db9,0x4cb5,0x3b70,0x21ea,0x1107,0x10e6,0x10c6,0x10c6,0x10c6,0x10c6,0x10c6,0x10c6,0x10c6,0x10c6,0x10c6,
    0x10c6,0x10c6,0x10c6,0x10c6,0x10c6,0x10c6,0x10c6,0x10c6,0x10c6,0x10c6,0x10c6,0x10c6,0x10c6,0x10c6,0x10c6,0x10c6,
    0x10c6,0x10c6,0x10c6,0x10c6,0x10c6,0x10c6,0x10c6,0x10c6,0x10c6,0x10c6,0x10c6,0x2107,0x496b,0x59ac,0x59ac,0x59ac,
    0x59ac,0x59ac,0x59ac,0x496b,0x2107,0x10c6,0x10c6,0x10c6,0x10c6,0x10c6,0x10c6,0x10c6,0x10c6,0x10c6,0x10c6,0x10c6,
    0x10c6,0x10c6,0x10c6,0x10c6,0x10c6,0x10c6,0x10c6,0x10c6,0x10c6,0x10c6,0x10c6,0x10c6,0x10c6,0x10c6,0x10c6,0x10c6,
    0x10c6,0x10c6,0x10e6,0x1927,0x21a9,0x2aad,0x4433,0x5558,0x665b,0x6ebd,0x669d,0x665c,0x5dfa,0x5578,0x4cd5,0x43f2,
    0x32ce,0x21ea,0x1947,0x10e6,0x10c6,0x10c6,0x10c6,0x10c6,0x10c6,0x10c6,0x10c6,0x10c6,0x10c6,0x10c6,0x10c6,0x10c6,
    0x10c6,0x10c6,0x10c6,0x10c6,0x10e6,0x1948,0x21ea,0x2ace,0x3bd2,0x4cb5,0x5d98,0x663b,0x669c,0x6ebd,0x6ebd,0x667c,
    0x5db9,0x4c94,0x32ce,0x21a9,0x1927,0x10e6,0x10c6,0x10c6,0x10c6,0x10c6,0x10c6,0x10c6,0x10c6,0x10c6,0x10c6,0x10c6,
    0x10c6,0x10c6,0x10c6,0x10c6,0x10c6,0x10c6,0x10c6,0x10c6,0x10c6,0x10c6,0x10c6,0x10c6,0x10c6,0x10c6,0x10c6,0x10c6,
    0x10c6,0x10c6,0x10c6,0x10c6,0x10c6,0x10c6,0x10c6,0x10c6,0x10c6,0x10c6,0x10c6,0x2107,0x496b,0x59ac,0x59ac,0x59ac,
    0x59ac,0x59ac,0x59ac,0x496b,0x2107,0x10c6,0x10c6,0x10c6,0x10c6,0x10c6,0x10c6,0x10c6,0x10c6,0x10c6,0x10c6,0x10c6,
    0x10c6,0x10c6,0x10c6,0x10c6,0x10c6,0x10c6,0x10c6,0x10c6,0x10c6,0x10c6,0x10c6,0x10c6,0x10c6,0x10c6,0x10c6,0x10c6,
    0x10c6,0x10c6,0x10c6,0x10c6,0x10e6,0x1989,0x32ce,0x4413,0x5537,0x5dfa,0x665c,0x669d,0x6ebd,0x669c,0x661b,0x5558,
    0x4454,0x3b70,0x2aad,0x222b,0x21ea,0x21c9,0x1989,0x1968,0x1968,0x1948,0x1947,0x1927,0x1927,0x1947,0x1948,0x1968,
    0x1968,0x1989,0x21c9,0x21ea,0x222b,0x2aad,0x3b70,0x4453,0x5557,0x5e1a,0x667c,0x6ebd,0x6ebd,0x6ebd,0x6ebd,0x661b,
    0x4cd6,0x3b70,0x21a9,0x10e6,0x10c6,0x10c6,0x10c6,0x10c6,0x10c6,0x10c6,0x10c6,0x10c6,0x10c6,0x10c6,0x10c6,0x10c6,
    0x10c6,0x10c6,0x10c6,0x10c6,0x10c6,0x10c6,0x10c6,0x10c6,0x10c6,0x10c6,0x10c6,0x10c6,0x10c6,0x10c6,0x10c6,0x10c6,
    0x10c6,0x10c6,0x10c6,0x10c6,0x10c6,0x10c6,0x10c6,0x10c6,0x10c6,0x10c6,0x10c6,0x2107,0x496b,0x59ac,0x59ac,0x59ac,
    0x59ac,0x59ac,0x59ac,0x496b,0x2107,0x10c6,0x10c6,0x10c6,0x10c6,0x10c6,0x10c6,0x10c6,0x10c6,0x10c6,0x10c6,0x10c6,
    0x10c6,0x10c6,0x10c6,0x10c6,0x10c6,0x10c6,0x10c6,0x10c6,0x10c6,0x10c6,0x10c6,0x10c6,0x10c6,0x10c6,0x10c6,0x10c6,
    0x10c6,0x10c6,0x10c6,0x10c6,0x10c6,0x1107,0x1968,0x224b,0x3b50,0x4c74,0x5db9,0x665c,0x6e9d,0x6ebd,0x669c,0x665b,
    0x5dfa,0x5d98,0x5537,0x4cb5,0x4433,0x3bb1,0x332f,0x2ace,0x2a8c,0x2a4c,0x220b,0x220a,0x220a,0x220b,0x2a4c,0x2a8c,
    0x2ace,0x332f,0x3bb1,0x4433,0x4cd5,0x5537,0x5d98,0x5dfa,0x663b,0x667c,0x6ebd,0x6ebd,0x6ebd,0x6ebd,0x6ebd,0x5dd9,
    0x3bf2,0x2a6c,0x1968,0x10c6,0x10c6,0x10c6,0x10c6,0x10c6,0x10c6,0x10c6,0x10c6,0x10c6,0x10c6,0x10c6,0x10c6,0x10c6,
    0x10c6,0x10c6,0x10c6,0x10c6,0x10c6,0x10c6,0x10c6,0x10c6,0x10c6,0x10c6,0x10c6,0x10c6,0x10c6,0x10c6,0x10c6,0x10c6,
    0x10c6,0x10c6,0x10c6,0x10c6,0x10c6,0x10c6,0x10c6,0x10c6,0x10c6,0x10c6,0x10c6,0x2107,0x496b,0x59ac,0x59ac,0x59ac,
    0x59ac,0x59ac,0x59ac,0x496b,0x2107,0x10c6,0x10c6,0x10c6,0x10c6,0x10c6,0x10c6,0x10c6,0x10c6,0x10c6,0x10c6,0x10c6,
    0x10c6,0x10c6,0x10c6,0x10c6,0x10c6,0x10c6,0x10c6,0x10c6,0x10c6,0x10c6,0x10c6,0x10c6,0x10c6,0x10c6,0x10c6,0x10c6,
    0x10c6,0x10c6,0x10c6,0x10c6,0x10c6,0x10c6,0x10c6,0x1927,0x220a,0x330e,0x4433,0x5517,0x5db9,0x661b,0x667c,0x6ebd,
    0x6ebd,0x6ebd,0x669c,0x663b,0x5db9,0x5517,0x4cb5,0x4453,0x43f2,0x3bd1,0x3b91,0x3b70,0x3b70,0x3b91,0x3bd1,0x43f2,
    0x4453,0x4cb5,0x5537,0x5db9,0x663b,0x669c,0x6ebd,0x6ebd,0x6ebd,0x669c,0x665b,0x665b,0x669d,0x6ebd,0x6ebd,0x5d99,
    0x3b70,0x21ea,0x1127,0x10c6,0x10c6,0x10c6,0x10c6,0x10c6,0x10c6,0x10c6,0x10c6,0x10c6,0x10c6,0x10c6,0x10c6,0x10c6,
    0x10c6,0x10c6,0x10c6,0x10c6,0x10c6,0x10c6,0x10c6,0x10c6,0x10c6,0x10c6,0x10c6,0x10c6,0x10c6,0x10c6,0x10c6,0x10c6,
    0x10c6,0x10c6,0x10c6,0x10c6,0x10c6,0x10c6,0x10c6,0x10c6,0x10c6,0x10c6,0x10c6,0x2107,0x496b,0x59ac,0x59ac,0x59ac,
    0x59ac,0x59ac,0x59ac,0x496b,0x2107,0x10c6,0x10c6,0x10c6,0x10c6,0x10c6,0x10c6,0x10c6,0x10c6,0x10c6,0x10c6,0x10c6,
    0x10c6,0x10c6,0x10c6,0x10c6,0x10c6,0x10c6,0x10c6,0x10c6,0x10c6,0x10c6,0x10c6,0x10c6,0x10c6,0x10c6,0x10c6,0x10c6,
    0x10c6,0x10c6,0x10c6,0x10c6,0x10c6,0x10c6,0x10c6,0x10e6,0x1927,0x1989,0x220b,0x32cd,0x3bd2,0x4cf6,0x5dfa,0x667c,
    0x6ebd,0x6ebd,0x6ebd,0x669c,0x665c,0x663b,0x5e1a,0x5dfa,0x5dd9,0x5db9,0x5db9,0x5db9,0x5db9,0x5db9,0x5db9,0x5dd9,
    0x5dfa,0x5e1a,0x663b,0x665c,0x669c,0x6ebd,0x6ebd,0x6ebd,0x667c,0x5e1b,0x5578,0x5578,0x665b,0x6ebd,0x6ebd,0x5d99,
    0x3b70,0x21ea,0x1127,0x10c6,0x10c6,0x10c6,0x10c6,0x10c6,0x10c6,0x10c6,0x10c6,0x10c6,0x10c6,0x10c6,0x10c6,0x10c6,
    0x10c6,0x10c6,0x10c6,0x10c6,0x10c6,0x10c6,0x10c6,0x10c6,0x10c6,0x10c6,0x10c6,0x10c6,0x10c6,0x10c6,0x10c6,0x10c6,
    0x10c6,0x10c6,0x10c6,0x10c6,0x10c6,0x10c6,0x10c6,0x10c6,0x10c6,0x10c6,0x10c6,0x2107,0x496b,0x59ac,0x59ac,0x59ac,
    0x59ac,0x59ac,0x59ac,0x496b,0x2107,0x10c6,0x10c6,0x10c6,0x10c6,0x10c6,0x10c6,0x10c6,0x10c6,0x10c6,0x10c6,0x10c6,
    0x10c6,0x10c6,0x10c6,0x10c6,0x10c6,0x10c6,0x10c6,0x10c6,0x10c6,0x10c6,0x10c6,0x10c6,0x10c6,0x10c6,0x10c6,0x10c6,
    0x10c6,0x10c6,0x10c6,0x10c6,0x10c6,0x10c6,0x10c6,0x10c6,0x10c6,0x10e6,0x10e6,0x1968,0x2a6c,0x3b70,0x4c74,0x5537,
    0x5d98,0x5dda,0x661a,0x665b,0x667c,0x669d,0x6ebd,0x6ebd,0x6ebd,0x6ebd,0x6ebd,0x6ebd,0x6ebd,0x6ebd,0x6ebd,0x6ebd,
    0x6ebd,0x6ebd,0x669d,0x667c,0x665b,0x5e1a,0x5dda,0x5d98,0x5537,0x4cd5,0x4433,0x4cb5,0x5e1a,0x6ebd,0x6ebd,0x5d99,
    0x3b70,0x21ea,0x1127,0x10c6,0x10c6,0x10c6,0x10c6,0x10c6,0x10c6,0x10c6,0x10e6,0x10e6,0x10e6,0x10e6,0x10c6,0x10c6,
    0x10c6,0x10c6,0x10c6,0x10c6,0x10c6,0x10c6,0x10c6,0x10c6,0x10c6,0x10c6,0x10c6,0x10c6,0x10c6,0x10c6,0x10c6,0x10c6,
    0x10c6,0x10c6,0x10c6,0x10c6,0x10c6,0x10c6,0x10c6,0x10c6,0x10c6,0x10c6,0x10c6,0x2107,0x496b,0x59ac,0x59ac,0x59ac,
    0x59ac,0x59ac,0x59ac,0x496b,0x2107,0x10c6,0x10c6,0x10c6,0x10c6,0x10c6,0x10c6,0x10c6,0x10c6,0x10c6,0x10c6,0x10c6,
    0x10c6,0x10c6,0x10c6,0x10c6,0x10c6,0x10c6,0x10c6,0x10c6,0x10c6,0x10c6,0x10c6,0x10c6,0x10c6,0x10c6,0x10c6,0x10c6,
    0x10c6,0x10c6,0x10c6,0x10c6,0x10c6,0x10c6,0x10c6,0x10c6,0x10c6,0x10c6,0x10c6,0x1107,0x1948,0x21a9,0x222b,0x2aad,
    0x3b70,0x4413,0x4cd5,0x5558,0x5dfa,0x665b,0x669d,0x6ebd,0x6ebd,0x6ebd,0x6ebd,0x6ebd,0x6ebd,0x6ebd,0x6ebd,0x6ebd,
    0x6ebd,0x669d,0x665b,0x5dfa,0x5558,0x4cb5,0x4413,0x3b70,0x2aad,0x2a6c,0x2aad,0x3bd2,0x5dd9,0x6ebd,0x6ebd,0x5d99,
    0x3b70,0x21ea,0x1127,0x10c6,0x10c6,0x10c6,0x10c6,0x10c6,0x10c6,0x10e6,0x1927,0x1948,0x1948,0x1927,0x10e6,0x10c6,
    0x10c6,0x10c6,0x10c6,0x10c6,0x10c6,0x10c6,0x10c6,0x10c6,0x10c6,0x10c6,0x10c6,0x10c6,0x10c6,0x10c6,0x10c6,0x10c6,
    0x10c6,0x10c6,0x10c6,0x10c6,0x10c6,0x10c6,0x10c6,0x10c6,0x10c6,0x10c6,0x10c6,0x2107,0x496b,0x59ac,0x59ac,0x59ac,
    0x59ac,0x59ac,0x59ac,0x496b,0x2107,0x10c6,0x10c6,0x10c6,0x10c6,0x10c6,0x10c6,0x10c6,0x10c6,0x10c6,0x10c6,0x10c6,
    0x10c6,0x10c6,0x10c6,0x10c6,0x10c6,0x10c6,0x10c6,0x10c6,0x10c6,0x10c6,0x10c6,0x10c6,0x10c6,0x10c6,0x10c6,0x10c6,
    0x10c6,0x10c6,0x10c6,0x10c6,0x10c6,0x10c6,0x10c6,0x10c6,0x10c6,0x10c6,0x10c6,0x10c6,0x10c6,0x10e6,0x10e6,0x1948,
    0x21ea,0x2a8d,0x334f,0x3bf2,0x4474,0x4cd6,0x5537,0x5558,0x5578,0x5598,0x5d98,0x5d99,0x5db9,0x5dfa,0x667c,0x6ebd,
    0x6ebd,0x665b,0x5d98,0x4cb5,0x43f2,0x334f,0x2a8d,0x21ea,0x1947,0x1948,0x21ea,0x3b70,0x5d99,0x6ebd,0x6ebd,0x5d99,
    0x3b70,0x21ea,0x1127,0x10c6,0x10c6,0x10c6,0x10c6,0x10e6,0x1127,0x19a9,0x2a6c,0x2aad,0x2aad,0x2a4c,0x1968,0x10e6,
    0x10c6,0x10c6,0x10c6,0x10c6,0x10c6,0x10c6,0x10c6,0x10c6,0x10c6,0x10c6,0x10c6,0x10c6,0x10c6,0x10c6,0x10c6,0x10c6,
    0x10c6,0x10c6,0x10c6,0x10c6,0x10c6,0x10c6,0x10c6,0x10c6,0x10c6,0x10c6,0x10c6,0x2107,0x496b,0x59ac,0x59ac,0x59ac,
    0x59ac,0x59ac,0x59ac,0x496b,0x2107,0x10c6,0x10c6,0x10c6,0x10c6,0x10c6,0x10c6,0x10c6,0x10c6,0x10c6,0x10c6,0x10c6,
    0x10c6,0x10c6,0x10c6,0x10c6,0x10c6,0x10c6,0x10c6,0x10c6,0x10c6,0x10c6,0x10c6,0x10c6,0x10c6,0x10c6,0x10c6,0x10c6,
    0x10c6,0x10c6,0x10c6,0x10c6,0x10c6,0x10c6,0x10c6,0x10c6,0x10c6,0x10c6,0x10c6,0x10c6,0x10c6,0x10c6,0x10c6,0x10e6,
    0x1927,0x1968,0x19a9,0x21ca,0x220a,0x222b,0x2a6c,0x2aad,0x32ee,0x330f,0x332f,0x3b50,0x3b91,0x4454,0x5dda,0x669d,
    0x6e9d,0x5dd9,0x4433,0x32ee,0x222b,0x19a9,0x1968,0x1927,0x10e6,0x1927,0x21ea,0x3b70,0x5d99,0x6ebd,0x6ebd,0x5d99,
    0x3b70,0x21ea,0x1127,0x10c6,0x10c6,0x10c6,0x10c6,0x1127,0x21ca,0x32ee,0x4c74,0x5557,0x5537,0x4453,0x2a4c,0x1927,
    0x10e6,0x10c6,0x10c6,0x10c6,0x10c6,0x10c6,0x10c6,0x10c6,0x10c6,0x10c6,0x10c6,0x10c6,0x10c6,0x10c6,0x10c6,0x10c6,
    0x10c6,0x10c6,0x10c6,0x10c6,0x10c6,0x10c6,0x10c6,0x10c6,0x10c6,0x10c6,0x10c6,0x2107,0x496b,0x59ac,0x59ac,0x59ac,
    0x59ac,0x59ac,0x59ac,0x496b,0x2107,0x10c6,0x10c6,0x10c6,0x10c6,0x10c6,0x10c6,0x10c6,0x10c6,0x10c6,0x10c6,0x10c6,
    0x10c6,0x10c6,0x10c6,0x10c6,0x10c6,0x10c6,0x10c6,0x10c6,0x10c6,0x10c6,0x10c6,0x10c6,0x10c6,0x10c6,0x10c6,0x10c6,
    0x10c6,0x10c6,0x10c6,0x10c6,0x10c6,0x10c6,0x10c6,0x10c6,0x10c6,0x10c6,0x10c6,0x10c6,0x10c6,0x10c6,0x10c6,0x10c6,
    0x10c6,0x10c6,0x10c6,0x10c6,0x10c6,0x10e6,0x10e6,0x1127,0x1968,0x19a9,0x21a9,0x21ea,0x222b,0x3b50,0x5578,0x669c,
    0x6e9d,0x5dda,0x4454,0x32ee,0x21ca,0x1127,0x10e6,0x10c6,0x10c6,0x1127,0x21ea,0x3b70,0x5d99,0x6ebd,0x6ebd,0x5d99,
    0x3b70,0x21ea,0x1127,0x10c6,0x10c6,0x10e6,0x1127,0x21ca,0x32ee,0x4454,0x5dda,0x6e9d,0x669c,0x5537,0x2aad,0x1948,
    0x10e6,0x10c6,0x10c6,0x10c6,0x10c6,0x10c6,0x10c6,0x10c6,0x10c6,0x10c6,0x10c6,0x10c6,0x10c6,0x10c6,0x10c6,0x10c6,
    0x10c6,0x10c6,0x10c6,0x10c6,0x10c6,0x10c6,0x10c6,0x10c6,0x10c6,0x10c6,0x10c6,0x2107,0x496b,0x59ac,0x59ac,0x59ac,
    0x59ac,0x59ac,0x59ac,0x496b,0x2107,0x10c6,0x10c6,0x10c6,0x10c6,0x10c6,0x10c6,0x10c6,0x10c6,0x10c6,0x10c6,0x10c6,
    0x10c6,0x10c6,0x10c6,0x10c6,0x10c6,0x10c6,0x10c6,0x10c6,0x10c6,0x10c6,0x10c6,0x10c6,0x10c6,0x10c6,0x10c6,0x10c6,
    0x10c6,0x10c6,0x10c6,0x10c6,0x10c6,0x10c6,0x10c6,0x10c6,0x10c6,0x10c6,0x10c6,0x10c6,0x10c6,0x10c6,0x10c6,0x10c6,
    0x10c6,0x10c6,0x10c6,0x10c6,0x10c6,0x10c6,0x10e6,0x10e6,0x1107,0x1107,0x1127,0x1948,0x1989,0x32ee,0x5558,0x6e9d,
    0x6ebd,0x667c,0x5dda,0x4cb5,0x32ee,0x21ca,0x1127,0x10c6,0x10c6,0x1127,0x21ea,0x3b70,0x5d99,0x6ebd,0x6ebd,0x5d99,
    0x3b70,0x21ea,0x1127,0x10c6,0x10c6,0x1127,0x21ca,0x32ee,0x4cb5,0x5dda,0x667c,0x6ebd,0x6e9d,0x5557,0x2aad,0x1948,
    0x10e6,0x10c6,0x10c6,0x10c6,0x10c6,0x10c6,0x10c6,0x10c6,0x10c6,0x10c6,0x10c6,0x10c6,0x10c6,0x10c6,0x10c6,0x10c6,
    0x10c6,0x10c6,0x10c6,0x10c6,0x10c6,0x10c6,0x10c6,0x10c6,0x10c6,0x10c6,0x10c6,0x2107,0x496b,0x59ac,0x59ac,0x59ac,
    0x59ac,0x59ac,0x59ac,0x496b,0x2107,0x10c6,0x10c6,0x10c6,0x10c6,0x10c6,0x10c6,0x10c6,0x10c6,0x10c6,0x10c6,0x10c6,
    0x10c6,0x10c6,0x10c6,0x10c6,0x10c6,0x10c6,0x10c6,0x10c6,0x10c6,0x10c6,0x10c6,0x10c6,0x10c6,0x10c6,0x10e6,0x10e6,
    0x10e6,0x10e6,0x10c6,0x10c6,0x10c6,0x10c6,0x10c6,0x10c6,0x10c6,0x10c6,0x10c6,0x10c6,0x10c6,0x10c6,0x10c6,0x10c6,
    0x10c6,0x10c6,0x10c6,0x10c6,0x10c6,0x10c6,0x10c6,0x10c6,0x10c6,0x10c6,0x10c6,0x10e6,0x1927,0x2a4c,0x4c74,0x5dda,
    0x667c,0x6ebd,0x669d,0x5dda,0x4454,0x32ee,0x21ca,0x1127,0x10e6,0x1127,0x21ea,0x3b70,0x5d99,0x6ebd,0x6ebd,0x5d99,
    0x3b70,0x21ea,0x1127,0x10e6,0x1127,0x21ca,0x32ee,0x4454,0x5dda,0x669d,0x6ebd,0x667c,0x5dda,0x4c74,0x2a4c,0x1927,
    0x10e6,0x10c6,0x10c6,0x10c6,0x10c6,0x10c6,0x10c6,0x10c6,0x10c6,0x10c6,0x10c6,0x10c6,0x10c6,0x10c6,0x10c6,0x10c6,
    0x10c6,0x10c6,0x10c6,0x10c6,0x10c6,0x10c6,0x10c6,0x10c6,0x10c6,0x10c6,0x10c6,0x2107,0x496b,0x59ac,0x59ac,0x59ac,
    0x59ac,0x59ac,0x59ac,0x496b,0x2107,0x10c6,0x10c6,0x10c6,0x10c6,0x10c6,0x10c6,0x10c6,0x10c6,0x10c6,0x10c6,0x10c6,
    0x10c6,0x10c6,0x10c6,0x10c6,0x10c6,0x10c6,0x10c6,0x10c6,0x10c6,0x10c6,0x10c6,0x10c6,0x10c6,0x10e6,0x1927,0x1948,
    0x1948,0x1927,0x10e6,0x10c6,0x10c6,0x10c6,0x10c6,0x10c6,0x10c6,0x10c6,0x10c6,0x10c6,0x10c6,0x10c6,0x10c6,0x10c6,
    0x10c6,0x10c6,0x10c6,0x10c6,0x10c6,0x10c6,0x10c6,0x10c6,0x10c6,0x10c6,0x10c6,0x10c6,0x10e6,0x19a9,0x32ee,0x4454,
    0x5dda,0x669d,0x6ebd,0x667c,0x5dda,0x4cb5,0x32ee,0x21ca,0x1127,0x1127,0x21ea,0x3b70,0x5d99,0x6ebd,0x6ebd,0x5d99,
    0x3b70,0x21ea,0x1127,0x1127,0x21ca,0x32ee,0x4cb5,0x5dda,0x667c,0x6ebd,0x669d,0x5dda,0x4454,0x32ee,0x19a9,0x10e6,
    0x10c6,0x10c6,0x10c6,0x10c6,0x10c6,0x10c6,0x10c6,0x10c6,0x10c6,0x10c6,0x10c6,0x10c6,0x10c6,0x10c6,0x10c6,0x10c6,
    0x10c6,0x10c6,0x10c6,0x10c6,0x10c6,0x10c6,0x10c6,0x10c6,0x10c6,0x10c6,0x10c6,0x2107,0x496b,0x59ac,0x59ac,0x59ac,
    0x59ac,0x59ac,0x59ac,0x496b,0x2107,0x10c6,0x10c6,0x10c6,0x10c6,0x10c6,0x10c6,0x10c6,0x10c6,0x10c6,0x10c6,0x10c6,
    0x10c6,0x10c6,0x10c6,0x10c6,0x10c6,0x10c6,0x10c6,0x10c6,0x10c6,0x10c6,0x10c6,0x10c6,0x10e6,0x1968,0x2a4c,0x2aad,
    0x2aad,0x2a4c,0x1968,0x10e6,0x10c6,0x10c6,0x10c6,0x10c6,0x10c6,0x10c6,0x10c6,0x10c6,0x10c6,0x10c6,0x10c6,0x10c6,
    0x10c6,0x10c6,0x10c6,0x10c6,0x10c6,0x10c6,0x10c6,0x10c6,0x10c6,0x10c6,0x10c6,0x10c6,0x10c6,0x1127,0x21ca,0x32ee,
    0x4cb5,0x5dda,0x667c,0x6ebd,0x669d,0x5dda,0x4454,0x32ee,0x21ca,0x1988,0x220b,0x3b70,0x5d99,0x6ebd,0x6ebd,0x5d99,
    0x3b70,0x220b,0x1988,0x21ca,0x32ee,0x4454,0x5dda,0x669d,0x6ebd,0x667c,0x5dda,0x4cb5,0x32ee,0x21ca,0x1127,0x10c6,
    0x10c6,0x10c6,0x10c6,0x10c6,0x10c6,0x10c6,0x10c6,0x10c6,0x10c6,0x10c6,0x10c6,0x10c6,0x10c6,0x10c6,0x10c6,0x10c6,
    0x10c6,0x10c6,0x10c6,0x10c6,0x10c6,0x10c6,0x10c6,0x10c6,0x10c6,0x10c6,0x10c6,0x2107,0x496b,0x59ac,0x59ac,0x59ac,
    0x59ac,0x59ac,0x59ac,0x496b,0x2107,0x10c6,0x10c6,0x10c6,0x10c6,0x10c6,0x10c6,0x10c6,0x10c6,0x10c6,0x10c6,0x10c6,
    0x10c6,0x10c6,0x10c6,0x10c6,0x10c6,0x10c6,0x10c6,0x10c6,0x10c6,0x10c6,0x10c6,0x10e6,0x1927,0x2a4c,0x4453,0x5537,
    0x5537,0x4453,0x2a4c,0x1927,0x10e6,0x10c6,0x10c6,0x10c6,0x10c6,0x10c6,0x10c6,0x10c6,0x10c6,0x10c6,0x10c6,0x10c6,
    0x10c6,0x10c6,0x10c6,0x10c6,0x10c6,0x10c6,0x10c6,0x10c6,0x10c6,0x10c6,0x10c6,0x10c6,0x10c6,0x10e6,0x1127,0x21ca,
    0x32ee,0x4454,0x5dda,0x669d,0x6ebd,0x667c,0x5dda,0x4cb5,0x32ee,0x222b,0x224b,0x3b70,0x5d99,0x6ebd,0x6ebd,0x5d99,
    0x3b70,0x224b,0x222b,0x32ee,0x4cb5,0x5dda,0x667c,0x6ebd,0x669d,0x5dda,0x4454,0x32ee,0x21ca,0x1127,0x10e6,0x10c6,
    0x10c6,0x10c6,0x10c6,0x10c6,0x10c6,0x10c6,0x10c6,0x10c6,0x10c6,0x10c6,0x10c6,0x10c6,0x10c6,0x10c6,0x10c6,0x10c6,
    0x10c6,0x10c6,0x10c6,0x10c6,0x10c6,0x10c6,0x10c6,0x10c6,0x10c6,0x10c6,0x10c6,0x2107,0x496b,0x59ac,0x59ac,0x59ac,
    0x59ac,0x59ac,0x59ac,0x496b,0x2107,0x10c6,0x10c6,0x10c6,0x10c6,0x10c6,0x10c6,0x10c6,0x10c6,0x10c6,0x10c6,0x10c6,
    0x10c6,0x10c6,0x10c6,0x10c6,0x10c6,0x10c6,0x10c6,0x10c6,0x10c6,0x10c6,0x10c6,0x1107,0x1968,0x32ee,0x5558,0x669d,
    0x669d,0x5558,0x32ee,0x1968,0x1107,0x10c6,0x10c6,0x10c6,0x10c6,0x10c6,0x10c6,0x10c6,0x10c6,0x10c6,0x10c6,0x10c6,
    0x10c6,0x10c6,0x10c6,0x10c6,0x10c6,0x10c6,0x10c6,0x10c6,0x10c6,0x10c6,0x10c6,0x10c6,0x10c6,0x10c6,0x10c6,0x1127,
    0x21ca,0x32ee,0x4cb5,0x5dda,0x667c,0x6ebd,0x669d,0x5dda,0x4454,0x3b50,0x32ee,0x3bb1,0x5db9,0x6ebd,0x6ebd,0x5db9,
    0x3bb1,0x32ee,0x3b50,0x4454,0x5dda,0x669d,0x6ebd,0x667c,0x5dda,0x4cb5,0x32ee,0x21ca,0x1127,0x10c6,0x10c6,0x10c6,
    0x10c6,0x10c6,0x10c6,0x10c6,0x10c6,0x10c6,0x10c6,0x10c6,0x10c6,0x10c6,0x10c6,0x10c6,0x10c6,0x10c6,0x10c6,0x10c6,
    0x10c6,0x10c6,0x10c6,0x10c6,0x10c6,0x10c6,0x10c6,0x10c6,0x10c6,0x10c6,0x10c6,0x2107,0x496b,0x59ac,0x59ac,0x59ac,
    0x59ac,0x59ac,0x59ac,0x496b,0x2107,0x10c6,0x10c6,0x10c6,0x10c6,0x10c6,0x10c6,0x10c6,0x10c6,0x10c6,0x10c6,0x10c6,
    0x10c6,0x10c6,0x10c6,0x10c6,0x10c6,0x10c6,0x10c6,0x10c6,0x10c6,0x10c6,0x10c6,0x1127,0x21c9,0x332f,0x5d98,0x6ebd,
    0x6ebd,0x5d98,0x332f,0x21c9,0x1127,0x10c6,0x10c6,0x10c6,0x10c6,0x10c6,0x10c6,0x10c6,0x10c6,0x10c6,0x10c6,0x10c6,
    0x10c6,0x10c6,0x10c6,0x10c6,0x10c6,0x10c6,0x10c6,0x10c6,0x10c6,0x10c6,0x10c6,0x10c6,0x10c6,0x10c6,0x10c6,0x10e6,
    0x1127,0x21ca,0x32ee,0x4454,0x5dda,0x669d,0x6ebd,0x667c,0x5dda,0x5517,0x4413,0x4474,0x5dfa,0x6ebd,0x6ebd,0x5dfa,
    0x4474,0x4413,0x5517,0x5dda,0x667c,0x6ebd,0x669d,0x5dda,0x4454,0x32ee,0x21ca,0x1127,0x10e6,0x10c6,0x10c6,0x10c6,
    0x10c6,0x10c6,0x10c6,0x10c6,0x10c6,0x10c6,0x10c6,0x10c6,0x10c6,0x10c6,0x10c6,0x10c6,0x10c6,0x10c6,0x10c6,0x10c6,
    0x10c6,0x10c6,0x10c6,0x10c6,0x10c6,0x10c6,0x10c6,0x10c6,0x10c6,0x10c6,0x10c6,0x2107,0x496b,0x59ac,0x59ac,0x59ac,
    0x59ac,0x59ac,0x59ac,0x496b,0x2107,0x10c6,0x10c6,0x10c6,0x10c6,0x10c6,0x10c6,0x10c6,0x10c6,0x10c6,0x10c6,0x10c6,
    0x10c6,0x10c6,0x10c6,0x10c6,0x10c6,0x10c6,0x10c6,0x10c6,0x10c6,0x10c6,0x10c6,0x1127,0x21ea,0x3b70,0x5d99,0x6ebd,
    0x6ebd,0x5d99,0x3b70,0x21ea,0x1127,0x10c6,0x10c6,0x10c6,0x10c6,0x10c6,0x10c6,0x10c6,0x10c6,0x10c6,0x10c6,0x10c6,
    0x10c6,0x10c6,0x10c6,0x10c6,0x10c6,0x10c6,0x10c6,0x10c6,0x10c6,0x10c6,0x10c6,0x10c6,0x10c6,0x10c6,0x10c6,0x10c6,
    0x10c6,0x1127,0x21ca,0x32ee,0x4cb5,0x5dda,0x667c,0x6ebd,0x6e9d,0x661b,0x5537,0x5537,0x663b,0x6ebd,0x6ebd,0x663b,
    0x5537,0x5537,0x661b,0x6e9d,0x6ebd,0x667c,0x5dda,0x4cb5,0x32ee,0x21ca,0x1127,0x10c6,0x10c6,0x10c6,0x10c6,0x10c6,
    0x10c6,0x10c6,0x10c6,0x10c6,0x10c6,0x10c6,0x10c6,0x10c6,0x10c6,0x10c6,0x10c6,0x10c6,0x10c6,0x10c6,0x10c6,0x10c6,
    0x10c6,0x10c6,0x10c6,0x10c6,0x10c6,0x10c6,0x10c6,0x10c6,0x10c6,0x10c6,0x10c6,0x2107,0x496b,0x59ad,0x59ac,0x59ac,
    0x518c,0x598c,0x59ad,0x498b,0x2108,0x10c6,0x10c6,0x10c6,0x10c6,0x10c6,0x10c6,0x10c6,0x10c6,0x10c6,0x10c6,0x10c6,
    0x10c6,0x10c6,0x10c6,0x10c6,0x10c6,0x10c6,0x10c6,0x10c6,0x10c6,0x10c6,0x10c6,0x1127,0x21ea,0x3b70,0x5d99,0x6ebd,
    0x6ebd,0x5d99,0x3b70,0x21ea,0x1127,0x10c6,0x10c6,0x10c6,0x10c6,0x10c6,0x10c6,0x10c6,0x10c6,0x10c6,0x10c6,0x10c6,
    0x10c6,0x10c6,0x10c6,0x10c6,0x10c6,0x10c6,0x10c6,0x10c6,0x10c6,0x10c6,0x10c6,0x10c6,0x10c6,0x10c6,0x10c6,0x10c6,
    0x10c6,0x10e6,0x1127,0x21ca,0x32ee,0x4453,0x5dda,0x6e9d,0x6ebd,0x669c,0x663b,0x663b,0x669c,0x6ebd,0x6ebd,0x669c,
    0x663b,0x663b,0x669c,0x6ebd,0x6ebd,0x5dda,0x4454,0x330e,0x21ca,0x1127,0x10e6,0x10c6,0x10c6,0x10c6,0x10c6,0x10c6,
    0x10c6,0x10c6,0x10c6,0x10c6,0x10c6,0x10c6,0x10c6,0x10c6,0x10c6,0x10c6,0x10c6,0x10c6,0x10c6,0x10c6,0x10c6,0x10c6,
    0x10c6,0x10c6,0x10c6,0x10c6,0x10c6,0x10c6,0x10c6,0x10c6,0x10c6,0x10c6,0x10c6,0x2108,0x498b,0x59ad,0x598c,0x518c,
    0x498b,0x518c,0x61ad,0x518c,0x2908,0x10c6,0x10c6,0x10c6,0x10c6,0x10c6,0x10c6,0x10c6,0x10c6,0x10c6,0x10c6,0x10c6,
    0x10c6,0x10c6,0x10c6,0x10c6,0x10c6,0x10c6,0x10c6,0x10c6,0x10c6,0x10c6,0x10c6,0x1127,0x21ea,0x3b70,0x5d99,0x6ebd,
    0x6ebd,0x5d99,0x3b70,0x21ea,0x1127,0x10c6,0x10c6,0x10c6,0x10c6,0x10c6,0x10c6,0x10c6,0x10c6,0x10c6,0x10c6,0x10c6,
    0x10c6,0x10c6,0x10c6,0x10c6,0x10c6,0x10c6,0x10c6,0x10c6,0x10c6,0x10c6,0x10c6,0x10c6,0x10c6,0x10c6,0x10c6,0x10c6,
    0x10c6,0x10c6,0x10c6,0x1127,0x21c9,0x32ee,0x4cb5,0x5dda,0x667c,0x6ebd,0x6ebd,0x6ebd,0x6ebd,0x6ebd,0x6ebd,0x6ebd,
    0x6ebd,0x6ebd,0x6ebd,0x667c,0x5dda,0x4cb5,0x330e,0x21ca,0x1127,0x10c6,0x10c6,0x10c6,0x10c6,0x10c6,0x10c6,0x10c6,
    0x10c6,0x10c6,0x10c6,0x10c6,0x10c6,0x10c6,0x10c6,0x10c6,0x10c6,0x10c6,0x10c6,0x10c6,0x10c6,0x10c6,0x10c6,0x10c6,
    0x10c6,0x10c6,0x10c6,0x10c6,0x10c6,0x10c6,0x10c6,0x10c6,0x10c6,0x10c6,0x10c6,0x2108,0x518b,0x61ad,0x518c,0x518b,
    0x416a,0x518b,0x61cd,0x598c,0x2908,0x10c6,0x10c6,0x10c6,0x10c6,0x10c6,0x10c6,0x10c6,0x10c6,0x10c6,0x10c6,0x10c6,
    0x10c6,0x10c6,0x10c6,0x10c6,0x10c6,0x10c6,0x10c6,0x10c6,0x10c6,0x10c6,0x10c6,0x1127,0x21ea,0x3b70,0x5d99,0x6ebd,
    0x6ebd,0x5d99,0x3b70,0x21ea,0x1127,0x10c6,0x10c6,0x10c6,0x10c6,0x10c6,0x10c6,0x10c6,0x10c6,0x10c6,0x10c6,0x10c6,
    0x10c6,0x10c6,0x10c6,0x10c6,0x10c6,0x10c6,0x10c6,0x10c6,0x10c6,0x10c6,0x10c6,0x10c6,0x10c6,0x10c6,0x10c6,0x10c6,
    0x10c6,0x10c6,0x10c6,0x10e6,0x1127,0x21ca,0x32ee,0x4454,0x5dda,0x6e9d,0x6ebd,0x6ebd,0x6ebd,0x6ebd,0x6ebd,0x6ebd,
    0x6ebd,0x6ebd,0x6e9d,0x5dda,0x4454,0x32ee,0x21ca,0x1127,0x10e6,0x10c6,0x10c6,0x10c6,0x10c6,0x10c6,0x10c6,0x10c6,
    0x10c6,0x10c6,0x10c6,0x10c6,0x10c6,0x10c6,0x10c6,0x10c6,0x10c6,0x10c6,0x10c6,0x10c6,0x10c6,0x10c6,0x10c6,0x10c6,
    0x10c6,0x10c6,0x10c6,0x10c6,0x10c6,0x10c6,0x10c6,0x10c6,0x10c6,0x10c6,0x10c6,0x2908,0x518c,0x61cd,0x518c,0x496b,
    0x394a,0x496b,0x69ce,0x61ad,0x2928,0x10c6,0x10c6,0x10c6,0x10c6,0x10c6,0x10c6,0x10c6,0x10c6,0x10c6,0x10c6,0x10c6,
    0x10c6,0x10c6,0x10c6,0x10c6,0x10c6,0x10c6,0x10c6,0x10c6,0x10c6,0x10c6,0x10c6,0x1127,0x21ea,0x3b70,0x5d99,0x6ebd,
    0x6ebd,0x5d99,0x3b70,0x21ea,0x1127,0x10c6,0x10c6,0x10c6,0x10c6,0x10c6,0x10c6,0x10c6,0x10c6,0x10c6,0x10c6,0x10c6,
    0x10c6,0x10c6,0x10c6,0x10c6,0x10c6,0x10c6,0x10c6,0x10c6,0x10c6,0x10c6,0x10c6,0x10c6,0x10c6,0x10c6,0x10c6,0x10c6,
    0x10c6,0x10c6,0x10c6,0x10c6,0x10c6,0x1127,0x21ca,0x32ee,0x4cb5,0x5dda,0x667c,0x6ebd,0x6ebd,0x6ebd,0x6ebd,0x6ebd,
    0x6ebd,0x667c,0x5dda,0x4cb5,0x32ee,0x21ca,0x1127,0x10c6,0x10c6,0x10c6,0x10c6,0x10c6,0x10c6,0x10c6,0x10c6,0x10c6,
    0x10c6,0x10c6,0x10c6,0x10c6,0x10c6,0x10c6,0x10c6,0x10c6,0x10c6,0x10c6,0x10c6,0x10c6,0x10c6,0x10c6,0x10c6,0x10c6,
    0x10c6,0x10c6,0x10c6,0x10c6,0x10c6,0x10c6,0x10c6,0x10c6,0x10c6,0x10c6,0x10c6,0x2908,0x59ad,0x69ce,0x496b,0x414a,
    0x3129,0x496b,0x71ef,0x69ce,0x3128,0x10c6,0x10c6,0x10c6,0x10c6,0x10c6,0x10c6,0x10c6,0x10c6,0x10c6,0x10c6,0x10c6,
    0x10c6,0x10c6,0x10c6,0x10c6,0x10c6,0x10c6,0x10c6,0x10c6,0x10c6,0x10c6,0x10c6,0x1127,0x21ea,0x3b70,0x5d99,0x6ebd,
    0x6ebd,0x5d99,0x3b70,0x21ea,0x1127,0x10c6,0x10c6,0x10c6,0x10c6,0x10c6,0x10c6,0x10c6,0x10c6,0x10c6,0x10c6,0x10c6,
    0x10c6,0x10c6,0x10c6,0x10c6,0x10c6,0x10c6,0x10c6,0x10c6,0x10c6,0x10c6,0x10c6,0x10c6,0x10c6,0x10c6,0x10c6,0x10c6,
    0x10c6,0x10c6,0x10c6,0x10c6,0x10c6,0x10e6,0x1127,0x21ca,0x32ee,0x4454,0x5dda,0x6e9d,0x6ebd,0x6ebd,0x6ebd,0x6ebd,
    0x6e9d,0x5dda,0x4454,0x32ee,0x21ca,0x1127,0x10e6,0x10c6,0x10c6,0x10c6,0x10c6,0x10c6,0x10c6,0x10c6,0x10c6,0x10c6,
    0x10c6,0x10c6,0x10c6,0x10c6,0x10c6,0x10c6,0x10c6,0x10c6,0x10c6,0x10c6,0x10c6,0x10c6,0x10c6,0x10c6,0x10c6,0x10c6,
    0x10c6,0x10c6,0x10c6,0x10c6,0x10c6,0x10c6,0x10c6,0x10c6,0x10c6,0x10c6,0x10c6,0x2928,0x61ad,0x69ce,0x496b,0x3949,
    0x2107,0x414a,0x71ef,0x71ef,0x3129,0x10e6,0x10c6,0x10c6,0x10c6,0x10c6,0x10c6,0x10c6,0x10c6,0x10c6,0x10c6,0x10c6,
    0x10c6,0x10c6,0x10c6,0x10c6,0x10c6,0x10c6,0x10c6,0x10c6,0x10c6,0x10c6,0x10c6,0x1127,0x21ea,0x3b70,0x5d99,0x6ebd,
    0x6ebd,0x5db9,0x3b91,0x222b,0x1989,0x1927,0x1927,0x1927,0x1927,0x1927,0x1927,0x1927,0x1927,0x1927,0x1927,0x1927,
    0x1927,0x1927,0x1927,0x1927,0x1927,0x1927,0x1927,0x1127,0x1107,0x10e6,0x10c6,0x10c6,0x10c6,0x10c6,0x10c6,0x10c6,
    0x10c6,0x10c6,0x10c6,0x10c6,0x10c6,0x10c6,0x10c6,0x1127,0x21ca,0x32ee,0x4cb5,0x5dda,0x667c,0x6ebd,0x6ebd,0x667c,
    0x5dda,0x4cb5,0x32ee,0x21ca,0x1127,0x10c6,0x10c6,0x10c6,0x10c6,0x10c6,0x10c6,0x10c6,0x10c6,0x10c6,0x10c6,0x10c6,
    0x10c6,0x10c6,0x10c6,0x10c6,0x10c6,0x10c6,0x10c6,0x10c6,0x10c6,0x10c6,0x10c6,0x10c6,0x10c6,0x10c6,0x10c6,0x10c6,
    0x10c6,0x10c6,0x10c6,0x10c6,0x10c6,0x10c6,0x10c6,0x10c6,0x10c6,0x10c6,0x10c6,0x3128,0x69ce,0x71ce,0x416a,0x2928,
    0x18e6,0x3129,0x71ee,0x71ef,0x414a,0x20e7,0x10e6,0x10c6,0x10c6,0x10c6,0x10c6,0x10c6,0x10c6,0x10c6,0x10c6,0x10c6,
    0x10c6,0x10c6,0x10c6,0x10c6,0x10c6,0x10c6,0x10c6,0x10c6,0x10c6,0x10c6,0x10c6,0x1127,0x21ea,0x3b70,0x5d99,0x6ebd,
    0x6ebd,0x5dda,0x4413,0x32ee,0x2a4c,0x220a,0x220a,0x220a,0x220a,0x220a,0x220a,0x220a,0x220a,0x220a,0x220a,0x220a,
    0x220a,0x220a,0x220a,0x220a,0x220a,0x220a,0x220a,0x21ca,0x1968,0x1927,0x10e6,0x10c6,0x10c6,0x10c6,0x10c6,0x10c6,
    0x10c6,0x10c6,0x10c6,0x10c6,0x10c6,0x10c6,0x10c6,0x10e6,0x1127,0x21ca,0x32ee,0x4454,0x5dda,0x6e9d,0x6e9d,0x5dda,
    0x4454,0x32ee,0x21ca,0x1127,0x10e6,0x10c6,0x10c6,0x10c6,0x10c6,0x10c6,0x10c6,0x10c6,0x10c6,0x10c6,0x10c6,0x10c6,
    0x10c6,0x10c6,0x10c6,0x10c6,0x10c6,0x10c6,0x10c6,0x10c6,0x10c6,0x10c6,0x10c6,0x10c6,0x10c6,0x10c6,0x10c6,0x10c6,
    0x10c6,0x10c6,0x10c6,0x10c6,0x10c6,0x10c6,0x10c6,0x10c6,0x10c6,0x10c6,0x10e6,0x3149,0x71ef,0x79ef,0x394a,0x20e7,
    0xf81f,0x2928,0x69ce,0x71ee,0x496b,0x3128,0x18e7,0x10c6,0x10c6,0x10c6,0x10c6,0x10c6,0x10c6,0x10c6,0x10c6,0x10c6,
    0x10c6,0x10c6,0x10c6,0x10c6,0x10c6,0x10c6,0x10c6,0x10c6,0x10c6,0x10c6,0x10c6,0x1127,0x21ea,0x3b70,0x5d99,0x6ebd,
    0x6ebd,0x661b,0x4cf6,0x4413,0x3bb1,0x3b70,0x3b70,0x3b70,0x3b70,0x3b70,0x3b70,0x3b70,0x3b70,0x3b70,0x3b70,0x3b70,
    0x3b70,0x3b70,0x3b70,0x3b70,0x3b70,0x3b70,0x3b70,0x3350,0x32ee,0x2a4c,0x1968,0x10e6,0x10c6,0x10c6,0x10c6,0x10c6,
    0x10c6,0x10c6,0x10c6,0x10c6,0x10c6,0x10c6,0x10c6,0x10c6,0x10c6,0x1127,0x21ca,0x32ee,0x4c74,0x5557,0x5557,0x4c74,
    0x32ee,0x21ca,0x1127,0x10c6,0x10c6,0x10c6,0x10c6,0x10c6,0x10c6,0x10c6,0x10c6,0x10c6,0x10c6,0x10c6,0x10c6,0x10c6,
    0x10c6,0x10c6,0x10c6,0x10c6,0x10c6,0x10c6,0x10c6,0x10c6,0x10c6,0x10c6,0x10c6,0x10c6,0x10c6,0x10c6,0x10c6,0x10c6,
    0x10c6,0x10c6,0x10c6,0x10c6,0x10c6,0x10c6,0x10c6,0x10c6,0x10c6,0x10e6,0x18e7,0x414a,0x71ef,0x71ef,0x3129,0x10e6,
    0xf81f,0x2908,0x518c,0x61ad,0x598c,0x416a,0x2107,0x10c6,0x10c6,0x10c6,0x10c6,0x10c6,0x10c6,0x10c6,0x10c6,0x10c6,
    0x10c6,0x10c6,0x10c6,0x10c6,0x10c6,0x10c6,0x10c6,0x10c6,0x10c6,0x10c6,0x10c6,0x1127,0x21ea,0x3b70,0x5d99,0x6ebd,
    0x6ebd,0x669c,0x661b,0x5dda,0x5db9,0x5db9,0x5db9,0x5db9,0x5db9,0x5db9,0x5db9,0x5db9,0x5db9,0x5db9,0x5db9,0x5db9,
    0x5db9,0x5db9,0x5db9,0x5db9,0x5db9,0x5db9,0x5db9,0x5d98,0x5558,0x4453,0x2a4c,0x1927,0x10e6,0x10c6,0x10c6,0x10c6,
    0x10c6,0x10c6,0x10c6,0x10c6,0x10c6,0x10c6,0x10c6,0x10c6,0x10c6,0x10e6,0x1127,0x19a9,0x2a6c,0x2aad,0x2aad,0x2a6c,
    0x19a9,0x1127,0x10e6,0x10c6,0x10c6,0x10c6,0x10c6,0x10c6,0x10c6,0x10c6,0x10c6,0x10c6,0x10c6,0x10c6,0x10c6,0x10c6,
    0x10c6,0x10c6,0x10c6,0x10c6,0x10c6,0x10c6,0x10c6,0x10c6,0x10c6,0x10c6,0x10c6,0x10c6,0x10c6,0x10c6,0x10c6,0x10c6,
    0x10c6,0x10c6,0x10c6,0x10c6,0x10c6,0x10c6,0x10c6,0x10c6,0x10c6,0x18e7,0x2928,0x496b,0x71ee,0x69ce,0x3128,0x10c6,
    0xf81f,0x2107,0x414a,0x598c,0x69cd,0x598c,0x2908,0x10c6,0x10c6,0x10c6,0x10c6,0x10c6,0x10c6,0x10c6,0x10c6,0x10c6,
    0x10c6,0x10c6,0x10c6,0x10c6,0x10c6,0x10c6,0x10c6,0x10c6,0x10c6,0x10c6,0x10c6,0x1127,0x21c9,0x332f,0x5d98,0x6ebd,
    0x6ebd,0x6ebd,0x6ebd,0x6ebd,0x6ebd,0x6ebd,0x6ebd,0x6ebd,0x6ebd,0x6ebd,0x6ebd,0x6ebd,0x6ebd,0x6ebd,0x6ebd,0x6ebd,
    0x6ebd,0x6ebd,0x6ebd,0x6ebd,0x6ebd,0x6ebd,0x6ebd,0x6ebd,0x669d,0x5537,0x2aad,0x1948,0x10e6,0x10c6,0x10c6,0x10c6,
    0x10c6,0x10c6,0x10c6,0x10c6,0x10c6,0x10c6,0x10c6,0x10c6,0x10c6,0x10c6,0x10c6,0x10e6,0x1927,0x1948,0x1948,0x1927,
    0x10e6,0x10c6,0x10c6,0x10c6,0x10c6,0x10c6,0x10c6,0x10c6,0x10c6,0x10c6,0x10c6,0x10c6,0x10c6,0x10c6,0x10c6,0x10c6,
    0x10c6,0x10c6,0x10c6,0x10c6,0x10c6,0x10c6,0x10c6,0x10c6,0x10c6,0x10c6,0x10c6,0x10c6,0x10c6,0x10c6,0x10c6,0x10c6,
    0x10c6,0x10c6,0x10c6,0x10c6,0x10c6,0x10c6,0x10c6,0x10c6,0x10c6,0x20e7,0x414a,0x598c,0x61cd,0x598c,0x2908,0xf81f,
    0xf81f,0x18e6,0x2908,0x496b,0x71ef,0x69ce,0x3149,0x18e6,0x10c6,0x10c6,0x10c6,0x10c6,0x10c6,0x10c6,0x10c6,0x10c6,
    0x10c6,0x10c6,0x10c6,0x10c6,0x10c6,0x10c6,0x10c6,0x10c6,0x10c6,0x10c6,0x10c6,0x1107,0x1968,0x32ee,0x5558,0x6e9d,
    0x6ebd,0x6ebd,0x6ebd,0x6ebd,0x6ebd,0x6ebd,0x6ebd,0x6ebd,0x6ebd,0x6ebd,0x6ebd,0x6ebd,0x6ebd,0x6ebd,0x6ebd,0x6ebd,
    0x6ebd,0x6ebd,0x6ebd,0x6ebd,0x6ebd,0x6ebd,0x6ebd,0x6ebd,0x669d,0x5537,0x2aad,0x1948,0x10e6,0x10c6,0x10c6,0x10c6,
    0x10c6,0x10c6,0x10c6,0x10c6,0x10c6,0x10c6,0x10c6,0x10c6,0x10c6,0x10c6,0x10c6,0x10c6,0x10e6,0x10e6,0x10e6,0x10e6,
    0x10c6,0x10c6,0x10c6,0x10c6,0x10c6,0x10c6,0x10c6,0x10c6,0x10c6,0x10c6,0x10c6,0x10c6,0x10c6,0x10c6,0x10c6,0x10c6,
    0x10c6,0x10c6,0x10c6,0x10c6,0x10c6,0x10c6,0x10c6,0x10c6,0x10c6,0x10c6,0x10c6,0x10c6,0x10c6,0x10c6,0x10c6,0x10c6,
    0x10c6,0x10c6,0x10c6,0x10c6,0x10c6,0x10c6,0x10c6,0x10c6,0x10c6,0x2908,0x518c,0x61cd,0x59ad,0x416a,0x2107,0xf81f,
    0xf81f,0x10c6,0x18e7,0x394a,0x71ee,0x71ef,0x416b,0x2908,0x18e6,0x10c6,0x10c6,0x10c6,0x10c6,0x10c6,0x10c6,0x10c6,
    0x10c6,0x10c6,0x10c6,0x10c6,0x10c6,0x10c6,0x10c6,0x10c6,0x10c6,0x10c6,0x10c6,0x10e6,0x1927,0x2a4c,0x4453,0x5558,
    0x5d98,0x5db9,0x5db9,0x5db9,0x5db9,0x5db9,0x5db9,0x5db9,0x5db9,0x5db9,0x5db9,0x5db9,0x5db9,0x5db9,0x5db9,0x5db9,
    0x5db9,0x5db9,0x5db9,0x5db9,0x5db9,0x5db9,0x5db9,0x5d98,0x5558,0x4453,0x2a4c,0x1927,0x10e6,0x10c6,0x10c6,0x10c6,
    0x10c6,0x10c6,0x10c6,0x10c6,0x10c6,0x10c6,0x10c6,0x10c6,0x10c6,0x10c6,0x10c6,0x10c6,0x10c6,0x10c6,0x10c6,0x10c6,
    0x10c6,0x10c6,0x10c6,0x10c6,0x10c6,0x10c6,0x10c6,0x10c6,0x10c6,0x10c6,0x10c6,0x10c6,0x10c6,0x10c6,0x10c6,0x10c6,
    0x10c6,0x10c6,0x10c6,0x10c6,0x10c6,0x10c6,0x10c6,0x10c6,0x10c6,0x10c6,0x10c6,0x10c6,0x10c6,0x10c6,0x10c6,0x10c6,
    0x10c6,0x10c6,0x10c6,0x10c6,0x10c6,0x10c6,0x10c6,0x10c6,0x18e6,0x3129,0x61cd,0x69ee,0x496b,0x3129,0x18e7,0xf81f,
    0xf81f,0x10c6,0x10c6,0x2928,0x59ac,0x69ce,0x59ac,0x416a,0x2107,0x10c6,0x10c6,0x10c6,0x10c6,0x10c6,0x10c6,0x10c6,
    0x10c6,0x10c6,0x10c6,0x10c6,0x10c6,0x10c6,0x10c6,0x10c6,0x10c6,0x10c6,0x10c6,0x10c6,0x10e6,0x1968,0x2a4c,0x32ee,
    0x3350,0x3b70,0x3b70,0x3b70,0x3b70,0x3b70,0x3b70,0x3b70,0x3b70,0x3b70,0x3b70,0x3b70,0x3b70,0x3b70,0x3b70,0x3b70,
    0x3b70,0x3b70,0x3b70,0x3b70,0x3b70,0x3b70,0x3b70,0x3350,0x32ee,0x2a4c,0x1968,0x10e6,0x10c6,0x10c6,0x10c6,0x10c6,
    0x10c6,0x10c6,0x10c6,0x10c6,0x10c6,0x10c6,0x10c6,0x10c6,0x10c6,0x10c6,0x10c6,0x10c6,0x10c6,0x10c6,0x10c6,0x10c6,
    0x10c6,0x10c6,0x10c6,0x10c6,0x10c6,0x10c6,0x10c6,0x10c6,0x10c6,0x10c6,0x10c6,0x10c6,0x10c6,0x10c6,0x10c6,0x10c6,
    0x10c6,0x10c6,0x10c6,0x10c6,0x10c6,0x10c6,0x10c6,0x10c6,0x10c6,0x10c6,0x10c6,0x10c6,0x10c6,0x10c6,0x10c6,0x10c6,
    0x10c6,0x10c6,0x10c6,0x10c6,0x10c6,0x10c6,0x10c6,0x18e6,0x2108,0x416a,0x71ef,0x71ee,0x394a,0x18e7,0x10e6,0xf81f,
    0xf81f,0xf81f,0xf81f,0x2107,0x416a,0x59ac,0x69ce,0x59ad,0x3129,0x18e6,0x10c6,0x10c6,0x10c6,0x10c6,0x10c6,0x10c6,
    0x10c6,0x10c6,0x10c6,0x10c6,0x10c6,0x10c6,0x10c6,0x10c6,0x10c6,0x10c6,0x10c6,0x10c6,0x10c6,0x10e6,0x1927,0x1968,
    0x21ca,0x220a,0x220a,0x220a,0x220a,0x220a,0x220a,0x220a,0x220a,0x220a,0x220a,0x220a,0x220a,0x220a,0x220a,0x220a,
    0x220a,0x220a,0x220a,0x220a,0x220a,0x220a,0x220a,0x21ca,0x1968,0x1927,0x10e6,0x10c6,0x10c6,0x10c6,0x10c6,0x10c6,
    0x10c6,0x10c6,0x10c6,0x10c6,0x10c6,0x10c6,0x10c6,0x10c6,0x10c6,0x10c6,0x10c6,0x10c6,0x10c6,0x10c6,0x10c6,0x10c6,
    0x10c6,0x10c6,0x10c6,0x10c6,0x10c6,0x10c6,0x10c6,0x10c6,0x10c6,0x10c6,0x10c6,0x10c6,0x10c6,0x10c6,0x10c6,0x10c6,
    0x10c6,0x10c6,0x10c6,0x10c6,0x10c6,0x10c6,0x10c6,0x10c6,0x10c6,0x10c6,0x10c6,0x10c6,0x10c6,0x10c6,0x10c6,0x10c6,
    0x10c6,0x10c6,0x10c6,0x10c6,0x10c6,0x10c6,0x10c6,0x2107,0x394a,0x598c,0x71ee,0x61ad,0x2928,0x10e6,0x10c6,0xf81f,
    0xf81f,0xf81f,0xf81f,0x18e6,0x2108,0x416a,0x71ef,0x71ef,0x416b,0x2908,0x18e6,0x10c6,0x10c6,0x10c6,0x10c6,0x10c6,
    0x10c6,0x10c6,0x10c6,0x10c6,0x10c6,0x10c6,0x10c6,0x10c6,0x10c6,0x10c6,0x10c6,0x10c6,0x10c6,0x10c6,0x10e6,0x1107,
    0x1127,0x1927,0x1927,0x1927,0x1927,0x1927,0x1927,0x1927,0x1927,0x1927,0x1927,0x1927,0x1927,0x1927,0x1927,0x1927,
    0x1927,0x1927,0x1927,0x1927,0x1927,0x1927,0x1927,0x1127,0x1107,0x10e6,0x10c6,0x10c6,0x10c6,0x10c6,0x10c6,0x10c6,
    0x10c6,0x10c6,0x10c6,0x10c6,0x10c6,0x10c6,0x10c6,0x10c6,0x10c6,0x10c6,0x10c6,0x10c6,0x10c6,0x10c6,0x10c6,0x10c6,
    0x10c6,0x10c6,0x10c6,0x10c6,0x10c6,0x10c6,0x10c6,0x10c6,0x10c6,0x10c6,0x10c6,0x10c6,0x10c6,0x10c6,0x10c6,0x10c6,
    0x10c6,0x10c6,0x10c6,0x10c6,0x10c6,0x10c6,0x10c6,0x10c6,0x10c6,0x10c6,0x10c6,0x10c6,0x10c6,0x10c6,0x10c6,0x10c6,
    0x10c6,0x10c6,0x10c6,0x10c6,0x10c6,0x10c6,0x10c6,0x2908,0x59ac,0x69ce,0x59ad,0x416b,0x2107,0x10c6,0x10c6,0xf81f,
    0xf81f,0xf81f,0xf81f,0x10e6,0x18e6,0x3129,0x61cd,0x71ef,0x59ad,0x416a,0x2108,0x10e6,0x10c6,0x10c6,0x10c6,0x10c6,
    0x10c6,0x10c6,0x10c6,0x10c6,0x10c6,0x10c6,0x10c6,0x10c6,0x10c6,0x10c6,0x10c6,0x10c6,0x10c6,0x10c6,0x10c6,0x10c6,
    0x10c6,0x10c6,0x10c6,0x10c6,0x10c6,0x10c6,0x10c6,0x10c6,0x10c6,0x10c6,0x10c6,0x10c6,0x10c6,0x10c6,0x10c6,0x10c6,
    0x10c6,0x10c6,0x10c6,0x10c6,0x10c6,0x10c6,0x10c6,0x10c6,0x10c6,0x10c6,0x10c6,0x10c6,0x10c6,0x10c6,0x10c6,0x10c6,
    0x10c6,0x10c6,0x10c6,0x10c6,0x10c6,0x10c6,0x10c6,0x10c6,0x10c6,0x10c6,0x10c6,0x10c6,0x10c6,0x10c6,0x10c6,0x10c6,
    0x10c6,0x10c6,0x10c6,0x10c6,0x10c6,0x10c6,0x10c6,0x10c6,0x10c6,0x10c6,0x10c6,0x10c6,0x10c6,0x10c6,0x10c6,0x10c6,
    0x10c6,0x10c6,0x10c6,0x10c6,0x10c6,0x10c6,0x10c6,0x10c6,0x10c6,0x10c6,0x10c6,0x10c6,0x10c6,0x10c6,0x10c6,0x10c6,
    0x10c6,0x10c6,0x10c6,0x10c6,0x10c6,0x18e6,0x2107,0x414a,0x69ce,0x71ce,0x496b,0x2928,0x18e7,0xf81f,0xf81f,0xf81f,
    0xf81f,0xf81f,0xf81f,0x10c6,0x10c6,0x2107,0x394a,0x59ac,0x71ef,0x69ce,0x3949,0x18e7,0x10e6,0x10c6,0x10c6,0x10c6,
    0x10c6,0x10c6,0x10c6,0x10c6,0x10c6,0x10c6,0x10c6,0x10c6,0x10c6,0x10c6,0x10c6,0x10c6,0x10c6,0x10c6,0x10c6,0x10c6,
    0x10c6,0x10c6,0x10c6,0x10c6,0x10c6,0x10c6,0x10c6,0x10c6,0x10c6,0x10c6,0x10c6,0x10c6,0x10c6,0x10c6,0x10c6,0x10c6,
    0x10c6,0x10c6,0x10c6,0x10c6,0x10c6,0x10c6,0x10c6,0x10c6,0x10c6,0x10c6,0x10c6,0x10c6,0x10c6,0x10c6,0x10c6,0x10c6,
    0x10c6,0x10c6,0x10c6,0x10c6,0x10c6,0x10c6,0x10c6,0x10c6,0x10c6,0x10c6,0x10c6,0x10c6,0x10c6,0x10c6,0x10c6,0x10c6,
    0x10c6,0x10c6,0x10c6,0x10c6,0x10c6,0x10c6,0x10c6,0x10c6,0x10c6,0x10c6,0x10c6,0x10c6,0x10c6,0x10c6,0x10c6,0x10c6,
    0x10c6,0x10c6,0x10c6,0x10c6,0x10c6,0x10c6,0x10c6,0x10c6,0x10c6,0x10c6,0x10c6,0x10c6,0x10c6,0x10c6,0x10c6,0x10c6,
    0x10c6,0x10c6,0x10c6,0x10c6,0x10c6,0x2107,0x416a,0x59ad,0x71ee,0x61ad,0x3129,0x18e7,0x10c6,0xf81f,0xf81f,0xf81f,
    0xf81f,0xf81f,0xf81f,0xf81f,0xf81f,0x18e6,0x2107,0x414a,0x69ce,0x71ef,0x518b,0x3129,0x2107,0x10c6,0x10c6,0x10c6,
    0x10c6,0x10c6,0x10c6,0x10c6,0x10c6,0x10c6,0x10c6,0x10c6,0x10c6,0x10c6,0x10c6,0x10c6,0x10c6,0x10c6,0x10c6,0x10c6,
    0x10c6,0x10c6,0x10c6,0x10c6,0x10c6,0x10c6,0x10c6,0x10c6,0x10c6,0x10c6,0x10c6,0x10c6,0x10c6,0x10c6,0x10c6,0x10c6,
    0x10c6,0x10c6,0x10c6,0x10c6,0x10c6,0x10c6,0x10c6,0x10c6,0x10c6,0x10c6,0x10c6,0x10c6,0x10c6,0x10c6,0x10c6,0x10c6,
    0x10c6,0x10c6,0x10c6,0x10c6,0x10c6,0x10c6,0x10c6,0x10c6,0x10c6,0x10c6,0x10c6,0x10c6,0x10c6,0x10c6,0x10c6,0x10c6,
    0x10c6,0x10c6,0x10c6,0x10c6,0x10c6,0x10c6,0x10c6,0x10c6,0x10c6,0x10c6,0x10c6,0x10c6,0x10c6,0x10c6,0x10c6,0x10c6,
    0x10c6,0x10c6,0x10c6,0x10c6,0x10c6,0x10c6,0x10c6,0x10c6,0x10c6,0x10c6,0x10c6,0x10c6,0x10c6,0x10c6,0x10c6,0x10c6,
    0x10c6,0x10c6,0x10c6,0x10e6,0x18e7,0x3129,0x61ad,0x69ee,0x61ad,0x496b,0x2108,0x10c6,0xf81f,0xf81f,0xf81f,0xf81f,
    0xf81f,0xf81f,0xf81f,0xf81f,0xf81f,0x10c6,0x18e6,0x2908,0x498b,0x61cd,0x71ee,0x61ad,0x3129,0x18e7,0x10e6,0x10c6,
    0x10c6,0x10c6,0x10c6,0x10c6,0x10c6,0x10c6,0x10c6,0x10c6,0x10c6,0x10c6,0x10c6,0x10c6,0x10c6,0x10c6,0x10c6,0x10c6,
    0x10c6,0x10c6,0x10c6,0x10c6,0x10c6,0x10c6,0x10c6,0x10c6,0x10c6,0x10c6,0x10c6,0x10c6,0x10c6,0x10c6,0x10c6,0x10c6,
    0x10c6,0x10c6,0x10c6,0x10c6,0x10c6,0x10c6,0x10c6,0x10c6,0x10c6,0x10c6,0x10c6,0x10c6,0x10c6,0x10c6,0x10c6,0x10c6,
    0x10c6,0x10c6,0x10c6,0x10c6,0x10c6,0x10c6,0x10c6,0x10c6,0x10c6,0x10c6,0x10c6,0x10c6,0x10c6,0x10c6,0x10c6,0x10c6,
    0x10c6,0x10c6,0x10c6,0x10c6,0x10c6,0x10c6,0x10c6,0x10c6,0x10c6,0x10c6,0x10c6,0x10c6,0x10c6,0x10c6,0x10c6,0x10c6,
    0x10c6,0x10c6,0x10c6,0x10c6,0x10c6,0x10c6,0x10c6,0x10c6,0x10c6,0x10c6,0x10c6,0x10c6,0x10c6,0x10c6,0x10c6,0x10c6,
    0x10c6,0x10c6,0x10c6,0x20e7,0x3949,0x518c,0x71ef,0x69ee,0x416a,0x2908,0x18e6,0xf81f,0xf81f,0xf81f,0xf81f,0xf81f,
    0xf81f,0xf81f,0xf81f,0xf81f,0xf81f,0xf81f,0xf81f,0x18e7,0x3129,0x498b,0x69ee,0x71ce,0x518b,0x3929,0x2107,0x18e6,
    0x10c6,0x10c6,0x10c6,0x10c6,0x10c6,0x10c6,0x10c6,0x10c6,0x10c6,0x10c6,0x10c6,0x10c6,0x10c6,0x10c6,0x10c6,0x10c6,
    0x10c6,0x10c6,0x10c6,0x10c6,0x10c6,0x10c6,0x10c6,0x10c6,0x10c6,0x10c6,0x10c6,0x10c6,0x10c6,0x10c6,0x10c6,0x10c6,
    0x10c6,0x10c6,0x10c6,0x10c6,0x10c6,0x10c6,0x10c6,0x10c6,0x10c6,0x10c6,0x10c6,0x10c6,0x10c6,0x10c6,0x10c6,0x10c6,
    0x10c6,0x10c6,0x10c6,0x10c6,0x10c6,0x10c6,0x10c6,0x10c6,0x10c6,0x10c6,0x10c6,0x10c6,0x10c6,0x10c6,0x10c6,0x10c6,
    0x10c6,0x10c6,0x10c6,0x10c6,0x10c6,0x10c6,0x10c6,0x10c6,0x10c6,0x10c6,0x10c6,0x10c6,0x10c6,0x10c6,0x10c6,0x10c6,
    0x10c6,0x10c6,0x10c6,0x10c6,0x10c6,0x10c6,0x10c6,0x10c6,0x10c6,0x10c6,0x10c6,0x10c6,0x10c6,0x10c6,0x10c6,0x10c6,
    0x10c6,0x18e6,0x2107,0x3129,0x518c,0x69cd,0x69ce,0x59ac,0x2928,0x10c6,0x10c6,0xf81f,0xf81f,0xf81f,0xf81f,0xf81f,
    0xf81f,0xf81f,0xf81f,0xf81f,0xf81f,0xf81f,0xf81f,0x10c6,0x18e7,0x3128,0x498b,0x61ad,0x71ee,0x61cd,0x394a,0x2107,
    0x18e6,0x10c6,0x10c6,0x10c6,0x10c6,0x10c6,0x10c6,0x10c6,0x10c6,0x10c6,0x10c6,0x10c6,0x10c6,0x10c6,0x10c6,0x10c6,
    0x10c6,0x10c6,0x10c6,0x10c6,0x10c6,0x10c6,0x10c6,0x10c6,0x10c6,0x10c6,0x10c6,0x10c6,0x10c6,0x10c6,0x10c6,0x10c6,
    0x10c6,0x10c6,0x10c6,0x10c6,0x10c6,0x10c6,0x10c6,0x10c6,0x10c6,0x10c6,0x10c6,0x10c6,0x10c6,0x10c6,0x10c6,0x10c6,
    0x10c6,0x10c6,0x10c6,0x10c6,0x10c6,0x10c6,0x10c6,0x10c6,0x10c6,0x10c6,0x10c6,0x10c6,0x10c6,0x10c6,0x10c6,0x10c6,
    0x10c6,0x10c6,0x10c6,0x10c6,0x10c6,0x10c6,0x10c6,0x10c6,0x10c6,0x10c6,0x10c6,0x10c6,0x10c6,0x10c6,0x10c6,0x10c6,
    0x10c6,0x10c6,0x10c6,0x10c6,0x10c6,0x10c6,0x10c6,0x10c6,0x10c6,0x10c6,0x10c6,0x10c6,0x10c6,0x10c6,0x10c6,0x10c6,
    0x10c6,0x2107,0x416a,0x61ad,0x71ef,0x69ce,0x496b,0x3129,0x18e7,0x10c6,0x10c6,0xf81f,0xf81f,0xf81f,0xf81f,0xf81f,
    0xf81f,0xf81f,0xf81f,0xf81f,0xf81f,0xf81f,0xf81f,0xf81f,0xf81f,0x18e7,0x3129,0x496b,0x69ee,0x71ef,0x518c,0x414a,
    0x2928,0x2107,0x18e6,0x10c6,0x10c6,0x10c6,0x10c6,0x10c6,0x10c6,0x10c6,0x10c6,0x10c6,0x10c6,0x10c6,0x10c6,0x10c6,
    0x10c6,0x10c6,0x10c6,0x10c6,0x10c6,0x10c6,0x10c6,0x10c6,0x10c6,0x10c6,0x10c6,0x10c6,0x10c6,0x10c6,0x10c6,0x10c6,
    0x10c6,0x10c6,0x10c6,0x10c6,0x10c6,0x10c6,0x10c6,0x10c6,0x10c6,0x10c6,0x10c6,0x10c6,0x10c6,0x10c6,0x10c6,0x10c6,
    0x10c6,0x10c6,0x10c6,0x10c6,0x10c6,0x10c6,0x10c6,0x10c6,0x10c6,0x10c6,0x10c6,0x10c6,0x10c6,0x10c6,0x10c6,0x10c6,
    0x10c6,0x10c6,0x10c6,0x10c6,0x10c6,0x10c6,0x10c6,0x10c6,0x10c6,0x10c6,0x10c6,0x10c6,0x10c6,0x10c6,0x10c6,0x10c6,
    0x10c6,0x10c6,0x10c6,0x10c6,0x10c6,0x10c6,0x10c6,0x10c6,0x10c6,0x10c6,0x10c6,0x10c6,0x10c6,0x10c6,0x18e6,0x20e7,
    0x2908,0x414a,0x59ad,0x69ee,0x69ce,0x59ac,0x3129,0x18e7,0x10c6,0xf81f,0xf81f,0xf81f,0xf81f,0xf81f,0xf81f,0xf81f,
    0xf81f,0xf81f,0xf81f,0xf81f,0xf81f,0xf81f,0xf81f,0xf81f,0xf81f,0x10c6,0x18e7,0x2928,0x416a,0x59ad,0x71ef,0x71ee,
    0x59ac,0x394a,0x2107,0x10e6,0x10c6,0x10c6,0x10c6,0x10c6,0x10c6,0x10c6,0x10c6,0x10c6,0x10c6,0x10c6,0x10c6,0x10c6,
    0x10c6,0x10c6,0x10c6,0x10c6,0x10c6,0x10c6,0x10c6,0x10c6,0x10c6,0x10c6,0x10c6,0x10c6,0x10c6,0x10c6,0x10c6,0x10c6,
    0x10c6,0x10c6,0x10c6,0x10c6,0x10c6,0x10c6,0x10c6,0x10c6,0x10c6,0x10c6,0x10c6,0x10c6,0x10c6,0x10c6,0x10c6,0x10c6,
    0x10c6,0x10c6,0x10c6,0x10c6,0x10c6,0x10c6,0x10c6,0x10c6,0x10c6,0x10c6,0x10c6,0x10c6,0x10c6,0x10c6,0x10c6,0x10c6,
    0x10c6,0x10c6,0x10c6,0x10c6,0x10c6,0x10c6,0x10c6,0x10c6,0x10c6,0x10c6,0x10c6,0x10c6,0x10c6,0x10c6,0x10c6,0x10c6,
    0x10c6,0x10c6,0x10c6,0x10c6,0x10c6,0x10c6,0x10c6,0x10c6,0x10c6,0x10c6,0x10c6,0x10c6,0x10c6,0x18e6,0x2108,0x394a,
    0x59ac,0x69ce,0x71ee,0x61cd,0x416a,0x2928,0x18e7,0x10c6,0x10c6,0xf81f,0xf81f,0xf81f,0xf81f,0xf81f,0xf81f,0xf81f,
    0xf81f,0xf81f,0xf81f,0xf81f,0xf81f,0xf81f,0xf81f,0xf81f,0xf81f,0xf81f,0xf81f,0x18e6,0x2908,0x416a,0x69ce,0x71ef,
    0x69ce,0x59ac,0x414a,0x3129,0x2908,0x18e7,0x18e6,0x10c6,0x10c6,0x10c6,0x10c6,0x10c6,0x10c6,0x10c6,0x10c6,0x10c6,
    0x10c6,0x10c6,0x10c6,0x10c6,0x10c6,0x10c6,0x10c6,0x10c6,0x10c6,0x10c6,0x10c6,0x10c6,0x10c6,0x10c6,0x10c6,0x10c6,
    0x10c6,0x10c6,0x10c6,0x10c6,0x10c6,0x10c6,0x10c6,0x10c6,0x10c6,0x10c6,0x10c6,0x10c6,0x10c6,0x10c6,0x10c6,0x10c6,
    0x10c6,0x10c6,0x10c6,0x10c6,0x10c6,0x10c6,0x10c6,0x10c6,0x10c6,0x10c6,0x10c6,0x10c6,0x10c6,0x10c6,0x10c6,0x10c6,
    0x10c6,0x10c6,0x10c6,0x10c6,0x10c6,0x10c6,0x10c6,0x10c6,0x10c6,0x10c6,0x10c6,0x10c6,0x10c6,0x10c6,0x10c6,0x10c6,
    0x10c6,0x10c6,0x10c6,0x10c6,0x10c6,0x10c6,0x10c6,0x10c6,0x10c6,0x10e6,0x18e7,0x2107,0x2908,0x3129,0x416a,0x598c,
    0x69ce,0x71ce,0x61ad,0x496b,0x2908,0x10c6,0x10c6,0xf81f,0xf81f,0xf81f,0xf81f,0xf81f,0xf81f,0xf81f,0xf81f,0xf81f,
    0xf81f,0xf81f,0xf81f,0xf81f,0xf81f,0xf81f,0xf81f,0xf81f,0xf81f,0xf81f,0xf81f,0x10c6,0x18e6,0x2107,0x3129,0x496b,
    0x61ad,0x69ce,0x71ef,0x69ce,0x498b,0x3949,0x2108,0x18e6,0x10c6,0x10c6,0x10c6,0x10c6,0x10c6,0x10c6,0x10c6,0x10c6,
    0x10c6,0x10c6,0x10c6,0x10c6,0x10c6,0x10c6,0x10c6,0x10c6,0x10c6,0x10c6,0x10c6,0x10c6,0x10c6,0x10c6,0x10c6,0x10c6,
    0x10c6,0x10c6,0x10c6,0x10c6,0x10c6,0x10c6,0x10c6,0x10c6,0x10c6,0x10c6,0x10c6,0x10c6,0x10c6,0x10c6,0x10c6,0x10c6,
    0x10c6,0x10c6,0x10c6,0x10c6,0x10c6,0x10c6,0x10c6,0x10c6,0x10c6,0x10c6,0x10c6,0x10c6,0x10c6,0x10c6,0x10c6,0x10c6,
    0x10c6,0x10c6,0x10c6,0x10c6,0x10c6,0x10c6,0x10c6,0x10c6,0x10c6,0x10c6,0x10c6,0x10c6,0x10c6,0x10c6,0x10c6,0x10c6,
    0x10c6,0x10c6,0x10c6,0x10c6,0x10c6,0x10c6,0x10c6,0x10c6,0x10e6,0x20e7,0x2928,0x414a,0x518c,0x61cd,0x71ef,0x71ee,
    0x59ad,0x496b,0x3129,0x2108,0x18e6,0x10c6,0x10c6,0xf81f,0xf81f,0xf81f,0xf81f,0xf81f,0xf81f,0xf81f,0xf81f,0xf81f,
    0xf81f,0xf81f,0xf81f,0xf81f,0xf81f,0xf81f,0xf81f,0xf81f,0xf81f,0xf81f,0xf81f,0xf81f,0xf81f,0x10e6,0x18e6,0x2908,
    0x496b,0x61ad,0x71ef,0x71ef,0x61ad,0x518c,0x416a,0x3949,0x3129,0x2928,0x2908,0x2908,0x2108,0x2107,0x2107,0x2107,
    0x2107,0x2107,0x2107,0x2107,0x2107,0x2107,0x2107,0x2107,0x2107,0x2107,0x2107,0x2107,0x2107,0x2107,0x2107,0x2107,
    0x2107,0x2107,0x2107,0x2107,0x2107,0x2107,0x2107,0x2107,0x2107,0x2107,0x2107,0x2107,0x2107,0x2107,0x2107,0x2107,
    0x2107,0x2107,0x2107,0x2107,0x2107,0x2107,0x2107,0x2107,0x2107,0x2107,0x2107,0x2107,0x2107,0x2107,0x2107,0x2107,
    0x2107,0x2107,0x2107,0x2107,0x2107,0x2107,0x2107,0x2107,0x2107,0x2107,0x2107,0x2107,0x2107,0x2107,0x2107,0x2107,
    0x2107,0x2107,0x2107,0x2108,0x2908,0x2908,0x2908,0x3128,0x3129,0x414a,0x496b,0x598c,0x61cd,0x69ee,0x71ee,0x61cd,
    0x416b,0x2928,0x18e7,0x10c6,0xf81f,0xf81f,0xf81f,0xf81f,0xf81f,0xf81f,0xf81f,0xf81f,0xf81f,0xf81f,0xf81f,0xf81f,
    0xf81f,0xf81f,0xf81f,0xf81f,0xf81f,0xf81f,0xf81f,0xf81f,0xf81f,0xf81f,0xf81f,0xf81f,0xf81f,0x10c6,0x10c6,0x18e6,
    0x2107,0x3129,0x414a,0x518c,0x61ad,0x69ce,0x71ef,0x71ef,0x69ee,0x61cd,0x59ac,0x518c,0x498b,0x496b,0x416b,0x416a,
    0x416a,0x416a,0x416a,0x416a,0x416a,0x416a,0x416a,0x416a,0x416a,0x416a,0x416a,0x416a,0x416a,0x416a,0x416a,0x416a,
    0x416a,0x416a,0x416a,0x416a,0x416a,0x416a,0x416a,0x416a,0x416a,0x416a,0x416a,0x416a,0x416a,0x416a,0x416a,0x416a,
    0x416a,0x416a,0x416a,0x416a,0x416a,0x416a,0x416a,0x416a,0x416a,0x416a,0x416a,0x416a,0x416a,0x416a,0x416a,0x416a,
    0x416a,0x416a,0x416a,0x416a,0x416a,0x416a,0x416a,0x416a,0x416a,0x416a,0x416a,0x416a,0x416a,0x416a,0x416a,0x416a,
    0x416a,0x496b,0x496b,0x518b,0x518c,0x59ad,0x61ad,0x69ce,0x71ef,0x71ef,0x71ee,0x61ce,0x59ad,0x496b,0x394a,0x2928,
    0x2107,0x18e7,0x10c6,0xf81f,0xf81f,0xf81f,0xf81f,0xf81f,0xf81f,0xf81f,0xf81f,0xf81f,0xf81f,0xf81f,0xf81f,0xf81f,
    0xf81f,0xf81f,0xf81f,0xf81f,0xf81f,0xf81f,0xf81f,0xf81f,0xf81f,0xf81f,0xf81f,0xf81f,0xf81f,0xf81f,0xf81f,0xf81f,
    0xf81f,0x18e6,0x2107,0x3129,0x496b,0x61ad,0x71ef,0x79ef,0x71ef,0x69ce,0x69ce,0x61ad,0x61ad,0x59ac,0x598c,0x59ac,
    0x59ac,0x59ac,0x59ac,0x59ac,0x59ac,0x59ac,0x59ac,0x59ac,0x59ac,0x59ac,0x59ac,0x59ac,0x59ac,0x59ac,0x59ac,0x59ac,
    0x59ac,0x59ac,0x59ac,0x59ac,0x59ac,0x59ac,0x59ac,0x59ac,0x59ac,0x59ac,0x59ac,0x59ac,0x59ac,0x59ac,0x59ac,0x59ac,
    0x59ac,0x59ac,0x59ac,0x59ac,0x59ac,0x59ac,0x59ac,0x59ac,0x59ac,0x59ac,0x59ac,0x59ac,0x59ac,0x59ac,0x59ac,0x59ac,
    0x59ac,0x59ac,0x59ac,0x59ac,0x59ac,0x59ac,0x59ac,0x59ac,0x59ac,0x59ac,0x59ac,0x59ac,0x59ac,0x59ac,0x59ac,0x59ac,
    0x59ac,0x59ac,0x59ad,0x61ad,0x61cd,0x61ce,0x69ce,0x71ee,0x79ef,0x71ef,0x69ce,0x518c,0x416a,0x3129,0x18e7,0x10e6,
    0x10c6,0xf81f,0xf81f,0xf81f,0xf81f,0xf81f,0xf81f,0xf81f,0xf81f,0xf81f,0xf81f,0xf81f,0xf81f,0xf81f,0xf81f,0xf81f,
    0xf81f,0xf81f,0xf81f,0xf81f,0xf81f,0xf81f,0xf81f,0xf81f,0xf81f,0xf81f,0xf81f,0xf81f,0xf81f,0xf81f,0xf81f,0xf81f,
    0xf81f,0x10c6,0x18e6,0x18e7,0x2107,0x2928,0x3129,0x3949,0x414a,0x496b,0x518b,0x518c,0x518c,0x59ac,0x59ac,0x59ad,
    0x59ad,0x59ad,0x59ad,0x59ad,0x59ad,0x59ad,0x59ad,0x59ad,0x59ad,0x59ad,0x59ad,0x59ad,0x59ad,0x59ad,0x59ad,0x59ad,
    0x59ad,0x59ad,0x59ad,0x59ad,0x59ad,0x59ad,0x59ad,0x59ad,0x59ad,0x59ad,0x59ad,0x59ad,0x59ad,0x59ad,0x59ad,0x59ad,
    0x59ad,0x59ad,0x59ad,0x59ad,0x59ad,0x59ad,0x59ad,0x59ad,0x59ad,0x59ad,0x59ad,0x59ad,0x59ad,0x59ad,0x59ad,0x59ad,
    0x59ad,0x59ad,0x59ad,0x59ad,0x59ad,0x59ad,0x59ad,0x59ad,0x59ad,0x59ad,0x59ad,0x59ad,0x59ad,0x59ad,0x59ad,0x59ad,
    0x59ad,0x59ad,0x598c,0x518c,0x518c,0x498b,0x496b,0x416a,0x394a,0x3129,0x3128,0x2908,0x2107,0x18e7,0x10c6,0x10c6,
    0x10c6,0xf81f,0xf81f,0xf81f,0xf81f,0xf81f,0xf81f,0xf81f,0xf81f,0xf81f,0xf81f,0xf81f,0xf81f,0xf81f,0xf81f,0xf81f,
    0xf81f,0xf81f,0xf81f,0xf81f,0xf81f,0xf81f,0xf81f,0xf81f,0xf81f,0xf81f,0xf81f,0xf81f,0xf81f,0xf81f,0xf81f,0xf81f,
    0xf81f,0xf81f,0xf81f,0xf81f,0xf81f,0x10c6,0x10c6,0x18e7,0x2908,0x3929,0x416a,0x496b,0x518c,0x598c,0x59ad,0x61ad,
    0x61ad,0x61ad,0x61ad,0x61ad,0x61ad,0x61ad,0x61ad,0x61ad,0x61ad,0x61ad,0x61ad,0x61ad,0x61ad,0x61ad,0x61ad,0x61ad,
    0x61ad,0x61ad,0x61ad,0x61ad,0x61ad,0x61ad,0x61ad,0x61ad,0x61ad,0x61ad,0x61ad,0x61ad,0x61ad,0x61ad,0x61ad,0x61ad,
    0x61ad,0x61ad,0x61ad,0x61ad,0x61ad,0x61ad,0x61ad,0x61ad,0x61ad,0x61ad,0x61ad,0x61ad,0x61ad,0x61ad,0x61ad,0x61ad,
    0x61ad,0x61ad,0x61ad,0x61ad,0x61ad,0x61ad,0x61ad,0x61ad,0x61ad,0x61ad,0x61ad,0x61ad,0x61ad,0x61ad,0x61ad,0x61ad,
    0x61ad,0x59ad,0x518c,0x498b,0x496b,0x414a,0x3949,0x2928,0x2107,0x10e6,0x10c6,0xf81f,0xf81f,0xf81f,0xf81f,0xf81f,
    0xf81f,0xf81f,0xf81f,0xf81f,0xf81f,0xf81f,0xf81f,0xf81f,0xf81f,0xf81f,0xf81f,0xf81f,0xf81f,0xf81f,0xf81f,0xf81f,
  },
  { /* settings */
    0xf81f,0xf81f,0xf81f,0xf81f,0xf81f,0xf81f,0xf81f,0xf81f,0xf81f,0xf81f,0xf81f,0xf81f,0xf81f,0xf81f,0xf81f,0xf81f,
    0xf81f,0xf81f,0xf81f,0xf81f,0xf81f,0x10c6,0x18e6,0x20e7,0x2928,0x3949,0x414a,0x496b,0x518b,0x518c,0x518c,0x518c,
    0x518c,0x518c,0x518c,0x518c,0x518c,0x518c,0x518c,0x518c,0x518c,0x518c,0x518c,0x518c,0x518c,0x518c,0x518c,0x518c,
    0x518c,0x518c,0x518c,0x518c,0x518c,0x518c,0x518c,0x518c,0x518c,0x518c,0x518c,0x518c,0x518c,0x518c,0x518c,0x518c,
    0x518c,0x518c,0x518c,0x518c,0x518c,0x518c,0x518c,0x518c,0x518c,0x518c,0x518c,0x518c,0x518c,0x518c,0x518c,0x518c,
    0x518c,0x518c,0x518c,0x518c,0x518c,0x518c,0x518c,0x518c,0x518c,0x518c,0x518c,0x518c,0x518c,0x518c,0x518c,0x518c,
    0x518c,0x518c,0x518c,0x518c,0x498b,0x416a,0x3949,0x2908,0x18e7,0x10c6,0x10c6,0xf81f,0xf81f,0xf81f,0xf81f,0xf81f,
    0xf81f,0xf81f,0xf81f,0xf81f,0xf81f,0xf81f,0xf81f,0xf81f,0xf81f,0xf81f,0xf81f,0xf81f,0xf81f,0xf81f,0xf81f,0xf81f,
    0xf81f,0xf81f,0xf81f,0xf81f,0xf81f,0xf81f,0xf81f,0xf81f,0xf81f,0xf81f,0xf81f,0xf81f,0xf81f,0xf81f,0xf81f,0x10c6,
    0x10c6,0x10c6,0x18e7,0x2107,0x2908,0x3128,0x3129,0x394a,0x416a,0x496b,0x498b,0x518c,0x518c,0x51ac,0x598c,0x598c,
    0x598c,0x598c,0x598c,0x598c,0x598c,0x598c,0x598c,0x598c,0x598c,0x598c,0x598c,0x598c,0x598c,0x598c,0x598c,0x598c,
    0x598c,0x598c,0x598c,0x598c,0x598c,0x598c,0x598c,0x598c,0x598c,0x598c,0x598c,0x598c,0x598c,0x598c,0x598c,0x598c,
    0x598c,0x598c,0x598c,0x598c,0x598c,0x598c,0x598c,0x598c,0x598c,0x598c,0x598c,0x598c,0x598c,0x598c,0x598c,0x598c,
    0x598c,0x598c,0x598c,0x598c,0x598c,0x598c,0x598c,0x598c,0x598c,0x598c,0x598c,0x598c,0x598c,0x598c,0x598c,0x598c,
    0x598c,0x598c,0x598c,0x51ac,0x518c,0x518b,0x496b,0x416a,0x3949,0x3129,0x2928,0x2108,0x18e7,0x18e6,0x10c6,0xf81f,
    0xf81f,0xf81f,0xf81f,0xf81f,0xf81f,0xf81f,0xf81f,0xf81f,0xf81f,0xf81f,0xf81f,0xf81f,0xf81f,0xf81f,0xf81f,0xf81f,
    0xf81f,0xf81f,0xf81f,0xf81f,0xf81f,0xf81f,0xf81f,0xf81f,0xf81f,0xf81f,0xf81f,0xf81f,0xf81f,0xf81f,0xf81f,0x10c6,
    0x10e6,0x18e7,0x3129,0x416b,0x598c,0x61ce,0x71ef,0x79ef,0x71ee,0x69ce,0x69ce,0x61ad,0x61ad,0x59ad,0x59ad,0x59ad,
    0x59ad,0x59ad,0x59ad,0x59ad,0x59ad,0x59ad,0x59ad,0x59ad,0x59ad,0x59ad,0x59ad,0x59ad,0x59ad,0x59ad,0x59ad,0x59ad,
    0x59ad,0x59ad,0x59ad,0x59ad,0x59ad,0x59ad,0x59ad,0x59ad,0x59ad,0x59ad,0x59ad,0x59ad,0x59ad,0x59ad,0x59ad,0x59ad,
    0x59ad,0x59ad,0x59ad,0x59ad,0x59ad,0x59ad,0x59ad,0x59ad,0x59ad,0x59ad,0x59ad,0x59ad,0x59ad,0x59ad,0x59ad,0x59ad,
    0x59ad,0x59ad,0x59ad,0x59ad,0x59ad,0x59ad,0x59ad,0x59ad,0x59ad,0x59ad,0x59ad,0x59ad,0x59ad,0x59ad,0x59ad,0x59ad,
    0x59ad,0x59ad,0x59ad,0x59ad,0x61ad,0x61cd,0x69ce,0x71ef,0x79ef,0x71ef,0x61ad,0x496b,0x3129,0x2107,0x18e6,0xf81f,
    0xf81f,0xf81f,0xf81f,0xf81f,0xf81f,0xf81f,0xf81f,0xf81f,0xf81f,0xf81f,0xf81f,0xf81f,0xf81f,0xf81f,0xf81f,0xf81f,
    0xf81f,0xf81f,0xf81f,0xf81f,0xf81f,0xf81f,0xf81f,0xf81f,0xf81f,0xf81f,0xf81f,0xf81f,0x10c6,0x10c6,0x18e7,0x2107,
    0x3128,0x394a,0x496b,0x59ac,0x61ce,0x71ce,0x71ef,0x71ef,0x69ce,0x61cd,0x59ad,0x518c,0x518b,0x498b,0x496b,0x496b,
    0x496b,0x496b,0x496b,0x496b,0x496b,0x496b,0x496b,0x496b,0x496b,0x496b,0x496b,0x496b,0x496b,0x496b,0x496b,0x496b,
    0x496b,0x496b,0x496b,0x496b,0x496b,0x496b,0x496b,0x496b,0x496b,0x496b,0x496b,0x496b,0x496b,0x496b,0x496b,0x496b,
    0x496b,0x496b,0x496b,0x496b,0x496b,0x496b,0x496b,0x496b,0x496b,0x496b,0x496b,0x496b,0x496b,0x496b,0x496b,0x496b,
    0x496b,0x496b,0x496b,0x496b,0x496b,0x496b,0x496b,0x496b,0x496b,0x496b,0x496b,0x496b,0x496b,0x496b,0x496b,0x496b,
    0x496b,0x496b,0x496b,0x498b,0x518c,0x59ac,0x61cd,0x69ee,0x71ef,0x71ef,0x69ce,0x61ad,0x518c,0x414a,0x3129,0x2107,
    0x18e6,0x10c6,0x10c6,0xf81f,0xf81f,0xf81f,0xf81f,0xf81f,0xf81f,0xf81f,0xf81f,0xf81f,0xf81f,0xf81f,0xf81f,0xf81f,
    0xf81f,0xf81f,0xf81f,0xf81f,0xf81f,0xf81f,0xf81f,0xf81f,0xf81f,0xf81f,0xf81f,0x10c6,0x10c6,0x18e7,0x3128,0x496b,
    0x61cd,0x71ee,0x69ce,0x61cd,0x518c,0x496b,0x394a,0x3129,0x3128,0x2928,0x2908,0x2908,0x2108,0x2108,0x2108,0x2108,
    0x2108,0x2108,0x2108,0x2108,0x2108,0x2108,0x2108,0x2108,0x2108,0x2108,0x2108,0x2108,0x2108,0x2108,0x2108,0x2108,
    0x2108,0x2108,0x2108,0x2108,0x2108,0x2108,0x2108,0x2108,0x2108,0x2108,0x2108,0x2108,0x2108,0x2108,0x2108,0x2108,
    0x2108,0x2108,0x2108,0x2108,0x2108,0x2108,0x2108,0x2108,0x2108,0x2108,0x2108,0x2108,0x2108,0x2108,0x2108,0x2108,
    0x2108,0x2108,0x2108,0x2108,0x2108,0x2108,0x2108,0x2108,0x2108,0x2108,0x2108,0x2108,0x2108,0x2108,0x2108,0x2108,
    0x2108,0x2108,0x2107,0x2108,0x2908,0x2908,0x2928,0x3129,0x3949,0x416a,0x518c,0x61ad,0x71ef,0x71ee,0x61ad,0x496b,
    0x2908,0x18e6,0x10e6,0xf81f,0xf81f,0xf81f,0xf81f,0xf81f,0xf81f,0xf81f,0xf81f,0xf81f,0xf81f,0xf81f,0xf81f,0xf81f,
    0xf81f,0xf81f,0xf81f,0xf81f,0xf81f,0xf81f,0xf81f,0xf81f,0xf81f,0x10c6,0x10c6,0x18e6,0x2108,0x3149,0x496b,0x59ad,
    0x71ee,0x71ef,0x61cd,0x518c,0x414a,0x2928,0x18e7,0x10e6,0x10c6,0x10c6,0x10c6,0x10c6,0x10c6,0x10c6,0x10c6,0x10c6,
    0x10c6,0x10c6,0x10c6,0x10c6,0x10c6,0x10c6,0x10c6,0x10c6,0x10c6,0x10c6,0x10c6,0x10c6,0x10c6,0x10c6,0x10c6,0x10c6,
    0x10c6,0x10c6,0x10c6,0x10c6,0x10c6,0x10c6,0x10c6,0x10c6,0x10c6,0x10c6,0x10c6,0x10c6,0x10c6,0x10c6,0x10c6,0x10c6,
    0x10c6,0x10c6,0x10c6,0x10c6,0x10c6,0x10c6,0x10c6,0x10c6,0x10c6,0x10c6,0x10c6,0x10c6,0x10c6,0x10c6,0x10c6,0x10c6,
    0x10c6,0x10c6,0x10c6,0x10c6,0x10c6,0x10c6,0x10c6,0x10c6,0x10c6,0x10c6,0x10c6,0x10c6,0x10c6,0x10c6,0x10c6,0x10c6,
    0x10c6,0x10c6,0x10c6,0x10c6,0x10c6,0x10c6,0x10c6,0x10c6,0x18e6,0x2107,0x3949,0x498b,0x61ce,0x71ee,0x69ce,0x61ad,
    0x496b,0x3129,0x2107,0x18e6,0x10c6,0xf81f,0xf81f,0xf81f,0xf81f,0xf81f,0xf81f,0xf81f,0xf81f,0xf81f,0xf81f,0xf81f,
    0xf81f,0xf81f,0xf81f,0xf81f,0xf81f,0xf81f,0xf81f,0xf81f,0xf81f,0x10c6,0x10c6,0x2908,0x498b,0x61ad,0x69ee,0x69ce,
    0x518c,0x414a,0x3129,0x2908,0x2107,0x18e7,0x10e6,0x10c6,0x10c6,0x10c6,0x10c6,0x10c6,0x10c6,0x10c6,0x10c6,0x10c6,
    0x10c6,0x10c6,0x10c6,0x10c6,0x10c6,0x10c6,0x10c6,0x10c6,0x10c6,0x10c6,0x10c6,0x10c6,0x10c6,0x10c6,0x10c6,0x10c6,
    0x10c6,0x10c6,0x10c6,0x10c6,0x10c6,0x10c6,0x10c6,0x10c6,0x10c6,0x10c6,0x10c6,0x10c6,0x10c6,0x10c6,0x10c6,0x10c6,
    0x10c6,0x10c6,0x10c6,0x10c6,0x10c6,0x10c6,0x10c6,0x10c6,0x10c6,0x10c6,0x10c6,0x10c6,0x10c6,0x10c6,0x10c6,0x10c6,
    0x10c6,0x10c6,0x10c6,0x10c6,0x10c6,0x10c6,0x10c6,0x10c6,0x10c6,0x10c6,0x10c6,0x10c6,0x10c6,0x10c6,0x10c6,0x10c6,
    0x10c6,0x10c6,0x10c6,0x10c6,0x10c6,0x10c6,0x10c6,0x10c6,0x10c6,0x18e6,0x18e7,0x2908,0x3129,0x414a,0x59ac,0x69ce,
    0x71ef,0x69ce,0x416a,0x2908,0x18e6,0xf81f,0xf81f,0xf81f,0xf81f,0xf81f,0xf81f,0xf81f,0xf81f,0xf81f,0xf81f,0xf81f,
    0xf81f,0xf81f,0xf81f,0xf81f,0xf81f,0xf81f,0xf81f,0x10c6,0x10c6,0x18e7,0x2928,0x416a,0x61ad,0x71ee,0x69ce,0x598c,
    0x3949,0x2107,0x18e6,0x10c6,0x10c6,0x10c6,0x10c6,0x10c6,0x10c6,0x10c6,0x10c6,0x10c6,0x10c6,0x10c6,0x10c6,0x10c6,
    0x10c6,0x10c6,0x10c6,0x10c6,0x10c6,0x10c6,0x10c6,0x10c6,0x10c6,0x10c6,0x10c6,0x10c6,0x10c6,0x10c6,0x10c6,0x10c6,
    0x10c6,0x10c6,0x10c6,0x10c6,0x10c6,0x10c6,0x10c6,0x10c6,0x10c6,0x10c6,0x10c6,0x10c6,0x10c6,0x10c6,0x10c6,0x10c6,
    0x10c6,0x10c6,0x10c6,0x10c6,0x10c6,0x10c6,0x10c6,0x10c6,0x10c6,0x10c6,0x10c6,0x10c6,0x10c6,0x10c6,0x10c6,0x10c6,
    0x10c6,0x10c6,0x10c6,0x10c6,0x10c6,0x10c6,0x10c6,0x10c6,0x10c6,0x10c6,0x10c6,0x10c6,0x10c6,0x10c6,0x10c6,0x10c6,
    0x10c6,0x10c6,0x10c6,0x10c6,0x10c6,0x10c6,0x10c6,0x10c6,0x10c6,0x10c6,0x10c6,0x10c6,0x10e6,0x2107,0x394a,0x59ac,
    0x71ee,0x71ef,0x59ad,0x416a,0x2928,0x18e7,0x10c6,0xf81f,0xf81f,0xf81f,0xf81f,0xf81f,0xf81f,0xf81f,0xf81f,0xf81f,
    0xf81f,0xf81f,0xf81f,0xf81f,0xf81f,0xf81f,0xf81f,0x10c6,0x18e7,0x3129,0x59ad,0x69ce,0x69ce,0x59ad,0x414a,0x2908,
    0x20e7,0x18e6,0x10c6,0x10c6,0x10c6,0x10c6,0x10c6,0x10c6,0x10c6,0x10c6,0x10c6,0x10c6,0x10c6,0x10c6,0x10c6,0x10c6,
    0x10c6,0x10c6,0x10c6,0x10c6,0x10c6,0x10c6,0x10c6,0x10c6,0x10c6,0x10c6,0x10c6,0x10c6,0x10c6,0x10c6,0x10c6,0x10c6,
    0x10c6,0x10c6,0x10c6,0x10c6,0x10c6,0x10c6,0x10c6,0x10c6,0x10c6,0x10c6,0x10c6,0x10c6,0x10c6,0x10c6,0x10c6,0x10c6,
    0x10c6,0x10c6,0x10c6,0x10c6,0x10c6,0x10c6,0x10c6,0x10c6,0x10c6,0x10c6,0x10c6,0x10c6,0x10c6,0x10c6,0x10c6,0x10c6,
    0x10c6,0x10c6,0x10c6,0x10c6,0x10c6,0x10c6,0x10c6,0x10c6,0x10c6,0x10c6,0x10c6,0x10c6,0x10c6,0x10c6,0x10c6,0x10c6,
    0x10c6,0x10c6,0x10c6,0x10c6,0x10c6,0x10c6,0x10c6,0x10c6,0x10c6,0x10c6,0x10c6,0x10c6,0x10c6,0x18e6,0x2107,0x2928,
    0x414a,0x518c,0x71ef,0x69ee,0x498b,0x3129,0x18e7,0xf81f,0xf81f,0xf81f,0xf81f,0xf81f,0xf81f,0xf81f,0xf81f,0xf81f,
    0xf81f,0xf81f,0xf81f,0xf81f,0xf81f,0x10c6,0x10c6,0x18e7,0x3129,0x498b,0x69ce,0x71ef,0x59ad,0x414a,0x2107,0x10c6,
    0x10c6,0x10c6,0x10c6,0x10c6,0x10c6,0x10c6,0x10c6,0x10c6,0x10c6,0x10c6,0x10c6,0x10c6,0x10c6,0x10c6,0x10c6,0x10c6,
    0x10c6,0x10c6,0x10c6,0x10c6,0x10c6,0x10c6,0x10c6,0x10c6,0x10c6,0x10c6,0x10c6,0x10c6,0x10c6,0x10c6,0x10c6,0x10c6,
    0x10c6,0x10c6,0x10c6,0x10c6,0x10c6,0x10c6,0x10c6,0x10c6,0x10c6,0x10c6,0x10c6,0x10c6,0x10c6,0x10c6,0x10c6,0x10c6,
    0x10c6,0x10c6,0x10c6,0x10c6,0x10c6,0x10c6,0x10c6,0x10c6,0x10c6,0x10c6,0x10c6,0x10c6,0x10c6,0x10c6,0x10c6,0x10c6,
    0x10c6,0x10c6,0x10c6,0x10c6,0x10c6,0x10c6,0x10c6,0x10c6,0x10c6,0x10c6,0x10c6,0x10c6,0x10c6,0x10c6,0x10c6,0x10c6,
    0x10c6,0x10c6,0x10c6,0x10c6,0x10c6,0x10c6,0x10c6,0x10c6,0x10c6,0x10c6,0x10c6,0x10c6,0x10c6,0x10c6,0x10c6,0x18e6,
    0x2107,0x394a,0x61cd,0x71ee,0x61cd,0x498b,0x3128,0x18e7,0x10c6,0xf81f,0xf81f,0xf81f,0xf81f,0xf81f,0xf81f,0xf81f,
    0xf81f,0xf81f,0xf81f,0xf81f,0xf81f,0x10c6,0x10c6,0x2928,0x59ac,0x69ce,0x61cd,0x518c,0x3129,0x2107,0x18e6,0x10c6,
    0x10c6,0x10c6,0x10c6,0x10c6,0x10c6,0x10c6,0x10c6,0x10c6,0x10c6,0x10c6,0x10c6,0x10c6,0x10c6,0x10c6,0x10c6,0x10c6,
    0x10c6,0x10c6,0x10c6,0x10c6,0x10c6,0x10c6,0x10c6,0x10c6,0x10c6,0x10c6,0x10c6,0x10c6,0x10c6,0x10c6,0x10c6,0x10c6,
    0x10c6,0x10c6,0x10c6,0x10c6,0x10c6,0x10c6,0x10c6,0x10c6,0x10c6,0x10c6,0x10c6,0x10c6,0x10c6,0x10c6,0x10c6,0x10c6,
    0x10c6,0x10c6,0x10c6,0x10c6,0x10c6,0x10c6,0x10c6,0x10c6,0x10c6,0x10c6,0x10c6,0x10c6,0x10c6,0x10c6,0x10c6,0x10c6,
    0x10c6,0x10c6,0x10c6,0x10c6,0x10c6,0x10c6,0x10c6,0x10c6,0x10c6,0x10c6,0x10c6,0x10c6,0x10c6,0x10c6,0x10c6,0x10c6,
    0x10c6,0x10c6,0x10c6,0x10c6,0x10c6,0x10c6,0x10c6,0x10c6,0x10c6,0x10c6,0x10c6,0x10c6,0x10c6,0x10c6,0x10c6,0x10c6,
    0x18e6,0x2107,0x3929,0x518b,0x71ce,0x69ce,0x498b,0x3129,0x18e7,0xf81f,0xf81f,0xf81f,0xf81f,0xf81f,0xf81f,0xf81f,
    0xf81f,0xf81f,0xf81f,0xf81f,0x10c6,0x18e6,0x2908,0x416a,0x69ce,0x71ef,0x518c,0x3949,0x18e7,0x10c6,0x10c6,0x10c6,
    0x10c6,0x10c6,0x10c6,0x10c6,0x10c6,0x10c6,0x10c6,0x10c6,0x10c6,0x10c6,0x10c6,0x10c6,0x10c6,0x10c6,0x10c6,0x10c6,
    0x10c6,0x10c6,0x10c6,0x10c6,0x10c6,0x10c6,0x10c6,0x10c6,0x10c6,0x10c6,0x10c6,0x10c6,0x10c6,0x10c6,0x10c6,0x10c6,
    0x10c6,0x10c6,0x10c6,0x10c6,0x10c6,0x10c6,0x10c6,0x10c6,0x10c6,0x10c6,0x10c6,0x10c6,0x10c6,0x10c6,0x10c6,0x10c6,
    0x10c6,0x10c6,0x10c6,0x10c6,0x10c6,0x10c6,0x10c6,0x10c6,0x10c6,0x10c6,0x10c6,0x10c6,0x10c6,0x10c6,0x10c6,0x10c6,
    0x10c6,0x10c6,0x10c6,0x10c6,0x10c6,0x10c6,0x10c6,0x10c6,0x10c6,0x10c6,0x10c6,0x10c6,0x10c6,0x10c6,0x10c6,0x10c6,
    0x10c6,0x10c6,0x10c6,0x10c6,0x10c6,0x10c6,0x10c6,0x10c6,0x10c6,0x10c6,0x10c6,0x10c6,0x10c6,0x10c6,0x10c6,0x10c6,
    0x10c6,0x10e6,0x18e7,0x3129,0x61ad,0x71ee,0x61cd,0x498b,0x2908,0x18e6,0x10c6,0xf81f,0xf81f,0xf81f,0xf81f,0xf81f,
    0xf81f,0xf81f,0xf81f,0x10c6,0x10c6,0x2108,0x496b,0x61ad,0x69ce,0x59ad,0x3129,0x18e7,0x10e6,0x10c6,0x10c6,0x10c6,
    0x10c6,0x10c6,0x10c6,0x10c6,0x10c6,0x10c6,0x10c6,0x10c6,0x10c6,0x10c6,0x10c6,0x10c6,0x10c6,0x10c6,0x10c6,0x10c6,
    0x10c6,0x10c6,0x10c6,0x10c6,0x10c6,0x10c6,0x10c6,0x10c6,0x10c6,0x10c6,0x10c6,0x10c6,0x10c6,0x10c6,0x10c6,0x10c6,
    0x10c6,0x10c6,0x10c6,0x10c6,0x10c6,0x10c6,0x10c6,0x10c6,0x10c6,0x10c6,0x10c6,0x10c6,0x10c6,0x10c6,0x10c6,0x10c6,
    0x10c6,0x10c6,0x10c6,0x10c6,0x10c6,0x10c6,0x10c6,0x10c6,0x10c6,0x10c6,0x10c6,0x10c6,0x10c6,0x10c6,0x10c6,0x10c6,
    0x10c6,0x10c6,0x10c6,0x10c6,0x10c6,0x10c6,0x10c6,0x10c6,0x10c6,0x10c6,0x10c6,0x10c6,0x10c6,0x10c6,0x10c6,0x10c6,
    0x10c6,0x10c6,0x10c6,0x10c6,0x10c6,0x10c6,0x10c6,0x10c6,0x10c6,0x10c6,0x10c6,0x10c6,0x10c6,0x10c6,0x10c6,0x10c6,
    0x10c6,0x10c6,0x10c6,0x2107,0x3129,0x518b,0x71ef,0x69ce,0x414a,0x2107,0x18e6,0xf81f,0xf81f,0xf81f,0xf81f,0xf81f,
    0xf81f,0xf81f,0xf81f,0x10c6,0x18e7,0x3149,0x61cd,0x71ee,0x59ad,0x416a,0x2107,0x10c6,0x10c6,0x10c6,0x10c6,0x10c6,
    0x10c6,0x10c6,0x10c6,0x10c6,0x10c6,0x10c6,0x10c6,0x10c6,0x10c6,0x10c6,0x10c6,0x10c6,0x10c6,0x10c6,0x10c6,0x10c6,
    0x10c6,0x10c6,0x10c6,0x10c6,0x10c6,0x10c6,0x10c6,0x10c6,0x10c6,0x10c6,0x10c6,0x10c6,0x10c6,0x10c6,0x10c6,0x10c6,
    0x10c6,0x10c6,0x10c6,0x10c6,0x10c6,0x10c6,0x10c6,0x10c6,0x10c6,0x10c6,0x10c6,0x10c6,0x10c6,0x10c6,0x10c6,0x10c6,
    0x10c6,0x10c6,0x10c6,0x10c6,0x10c6,0x10c6,0x10c6,0x10c6,0x10c6,0x10c6,0x10c6,0x10c6,0x10c6,0x10c6,0x10c6,0x10c6,
    0x10c6,0x10c6,0x10c6,0x10c6,0x10c6,0x10c6,0x10c6,0x10c6,0x10c6,0x10c6,0x10c6,0x10c6,0x10c6,0x10c6,0x10c6,0x10c6,
    0x10c6,0x10c6,0x10c6,0x10c6,0x10c6,0x10c6,0x10c6,0x10c6,0x10c6,0x10c6,0x10c6,0x10c6,0x10c6,0x10c6,0x10c6,0x10c6,
    0x10c6,0x10c6,0x10c6,0x10e6,0x18e7,0x3949,0x69ce,0x71ef,0x59ac,0x394a,0x2107,0x10c6,0x10c6,0xf81f,0xf81f,0xf81f,
    0xf81f,0xf81f,0xf81f,0x18e7,0x3129,0x496b,0x71ee,0x69ce,0x414a,0x2107,0x18e6,0x10c6,0x10c6,0x10c6,0x10c6,0x10c6,
    0x10c6,0x10c6,0x10c6,0x10c6,0x10c6,0x10c6,0x10c6,0x10c6,0x10c6,0x10c6,0x10c6,0x10c6,0x10c6,0x10c6,0x10c6,0x10c6,
    0x10c6,0x10c6,0x10c6,0x10c6,0x10c6,0x10c6,0x10c6,0x10c6,0x10c6,0x10c6,0x10c6,0x10c6,0x10c6,0x10c6,0x10c6,0x10c6,
    0x10c6,0x10c6,0x10c6,0x10c6,0x10c6,0x10c6,0x10c6,0x10c6,0x10c6,0x10c6,0x10c6,0x10c6,0x10c6,0x10c6,0x10c6,0x10c6,
    0x10c6,0x10c6,0x10c6,0x10c6,0x10c6,0x10c6,0x10c6,0x10c6,0x10c6,0x10c6,0x10c6,0x10c6,0x10c6,0x10c6,0x10c6,0x10c6,
    0x10c6,0x10c6,0x10c6,0x10c6,0x10c6,0x10c6,0x10c6,0x10c6,0x10c6,0x10c6,0x10c6,0x10c6,0x10c6,0x10c6,0x10c6,0x10c6,
    0x10c6,0x10c6,0x10c6,0x10c6,0x10c6,0x10c6,0x10c6,0x10c6,0x10c6,0x10c6,0x10c6,0x10c6,0x10c6,0x10c6,0x10c6,0x10c6,
    0x10c6,0x10c6,0x10c6,0x10c6,0x10e6,0x2108,0x416a,0x59ad,0x71ef,0x61cd,0x3129,0x18e6,0x10e6,0xf81f,0xf81f,0xf81f,
    0xf81f,0x10c6,0x10c6,0x2107,0x496b,0x59ad,0x69ce,0x598c,0x2908,0x10c6,0x10c6,0x10c6,0x10c6,0x10c6,0x10c6,0x10c6,
    0x10c6,0x10c6,0x10c6,0x10c6,0x10c6,0x10c6,0x10c6,0x10c6,0x10c6,0x10c6,0x10c6,0x10c6,0x10c6,0x10c6,0x10c6,0x10c6,
    0x10c6,0x10c6,0x10c6,0x10c6,0x10c6,0x10c6,0x10c6,0x10c6,0x10c6,0x10c6,0x10c6,0x10c6,0x10c6,0x10c6,0x10c6,0x10c6,
    0x10c6,0x10c6,0x10c6,0x10c6,0x10c6,0x10c6,0x10c6,0x10c6,0x10c6,0x10c6,0x10c6,0x10c6,0x10c6,0x10c6,0x10c6,0x10c6,
    0x10c6,0x10c6,0x10c6,0x10c6,0x10c6,0x10c6,0x10c6,0x10c6,0x10c6,0x10c6,0x10c6,0x10c6,0x10c6,0x10c6,0x10c6,0x10c6,
    0x10c6,0x10c6,0x10c6,0x10c6,0x10c6,0x10c6,0x10c6,0x10c6,0x10c6,0x10c6,0x10c6,0x10c6,0x10c6,0x10c6,0x10c6,0x10c6,
    0x10c6,0x10c6,0x10c6,0x10c6,0x10c6,0x10c6,0x10c6,0x10c6,0x10c6,0x10c6,0x10c6,0x10c6,0x10c6,0x10c6,0x10c6,0x10c6,
    0x10c6,0x10c6,0x10c6,0x10c6,0x10c6,0x18e6,0x2908,0x416b,0x71ef,0x71ef,0x416a,0x2108,0x18e6,0xf81f,0xf81f,0xf81f,
    0xf81f,0x10c6,0x10e6,0x3128,0x61ad,0x71ee,0x518c,0x3949,0x20e7,0x10c6,0x10c6,0x10c6,0x10c6,0x10c6,0x10c6,0x10c6,
    0x10c6,0x10c6,0x10c6,0x10c6,0x10c6,0x10c6,0x10c6,0x10c6,0x10c6,0x10c6,0x10c6,0x10c6,0x10c6,0x10c6,0x10c6,0x10c6,
    0x10c6,0x10c6,0x10c6,0x10c6,0x10c6,0x10c6,0x10c6,0x10c6,0x10c6,0x10c6,0x10c6,0x10c6,0x10c6,0x10c6,0x10c6,0x10c6,
    0x10c6,0x10c6,0x10c6,0x10c6,0x10c6,0x10c6,0x10c6,0x10c6,0x10c6,0x10c6,0x10c6,0x10c6,0x10c6,0x10c6,0x10c6,0x10c6,
    0x10c6,0x10c6,0x10c6,0x10c6,0x10c6,0x10c6,0x10c6,0x10c6,0x10c6,0x10c6,0x10c6,0x10c6,0x10c6,0x10c6,0x10c6,0x10c6,
    0x10c6,0x10c6,0x10c6,0x10c6,0x10c6,0x10c6,0x10c6,0x10c6,0x10c6,0x10c6,0x10c6,0x10c6,0x10c6,0x10c6,0x10c6,0x10c6,
    0x10c6,0x10c6,0x10c6,0x10c6,0x10c6,0x10c6,0x10c6,0x10c6,0x10c6,0x10c6,0x10c6,0x10c6,0x10c6,0x10c6,0x10c6,0x10c6,
    0x10c6,0x10c6,0x10c6,0x10c6,0x10c6,0x10c6,0x18e6,0x3129,0x59ad,0x69ce,0x59ac,0x414a,0x2107,0xf81f,0xf81f,0xf81f,
    0xf81f,0x10e6,0x18e7,0x394a,0x71ee,0x71ef,0x414a,0x2107,0x18e6,0x10c6,0x10c6,0x10c6,0x10c6,0x10c6,0x10c6,0x10c6,
    0x10c6,0x10c6,0x10c6,0x10c6,0x10c6,0x10c6,0x10c6,0x10c6,0x10c6,0x10c6,0x10c6,0x10c6,0x10c6,0x10c6,0x10c6,0x10c6,
    0x10c6,0x10c6,0x10c6,0x10c6,0x10c6,0x10c6,0x10c6,0x10c6,0x10c6,0x10c6,0x10c6,0x10c6,0x10c6,0x10c6,0x10c6,0x10c6,
    0x10c6,0x10c6,0x10c6,0x10c6,0x10c6,0x10c6,0x10c6,0x10c6,0x10c6,0x10c6,0x10c6,0x10c6,0x10c6,0x10c6,0x10c6,0x10c6,
    0x10c6,0x10c6,0x10c6,0x10c6,0x10c6,0x10c6,0x10c6,0x10c6,0x10c6,0x10c6,0x10c6,0x10c6,0x10c6,0x10c6,0x10c6,0x10c6,
    0x10c6,0x10c6,0x10c6,0x10c6,0x10c6,0x10c6,0x10c6,0x10c6,0x10c6,0x10c6,0x10c6,0x10c6,0x10c6,0x10c6,0x10c6,0x10c6,
    0x10c6,0x10c6,0x10c6,0x10c6,0x10c6,0x10c6,0x10c6,0x10c6,0x10c6,0x10c6,0x10c6,0x10c6,0x10c6,0x10c6,0x10c6,0x10c6,
    0x10c6,0x10c6,0x10c6,0x10c6,0x10c6,0x10c6,0x10c6,0x2107,0x416a,0x59ac,0x69ce,0x598c,0x2928,0x10c6,0x10c6,0xf81f,
    0xf81f,0x18e7,0x3129,0x496b,0x69ce,0x61cd,0x3129,0x18e6,0x10c6,0x10c6,0x10c6,0x10c6,0x10c6,0x10c6,0x10c6,0x10c6,
    0x10c6,0x10c6,0x10c6,0x10c6,0x10c6,0x10c6,0x10c6,0x10c6,0x10c6,0x10c6,0x10c6,0x10c6,0x10c6,0x10c6,0x10c6,0x10c6,
    0x10c6,0x10c6,0x10c6,0x10c6,0x10c6,0x10c6,0x10c6,0x10c6,0x10c6,0x10c6,0x10c6,0x10c6,0x10c6,0x10c6,0x10c6,0x10c6,
    0x10c6,0x10c6,0x10c6,0x10c6,0x10c6,0x10c6,0x10c6,0x10c6,0x10c6,0x10c6,0x10c6,0x10c6,0x10c6,0x10c6,0x10c6,0x10c6,
    0x10c6,0x10c6,0x10c6,0x10c6,0x10c6,0x10c6,0x10c6,0x10c6,0x10c6,0x10c6,0x10c6,0x10c6,0x10c6,0x10c6,0x10c6,0x10c6,
    0x10c6,0x10c6,0x10c6,0x10c6,0x10c6,0x10c6,0x10c6,0x10c6,0x10c6,0x10c6,0x10c6,0x10c6,0x10c6,0x10c6,0x10c6,0x10c6,
    0x10c6,0x10c6,0x10c6,0x10c6,0x10c6,0x10c6,0x10c6,0x10c6,0x10c6,0x10c6,0x10c6,0x10c6,0x10c6,0x10c6,0x10c6,0x10c6,
    0x10c6,0x10c6,0x10c6,0x10c6,0x10c6,0x10c6,0x10c6,0x18e6,0x2908,0x496b,0x71ef,0x71ee,0x394a,0x18e7,0x10c6,0xf81f,
    0xf81f,0x2107,0x416b,0x59ac,0x61cd,0x518c,0x2908,0x10c6,0x10c6,0x10c6,0x10c6,0x10c6,0x10c6,0x10c6,0x10c6,0x10c6,
    0x10c6,0x10c6,0x10c6,0x10c6,0x10c6,0x10c6,0x10c6,0x10c6,0x10c6,0x10c6,0x10c6,0x10c6,0x10c6,0x10c6,0x10c6,0x10c6,
    0x10c6,0x10c6,0x10c6,0x10c6,0x10c6,0x10c6,0x10c6,0x10c6,0x10c6,0x10c6,0x10c6,0x10c6,0x10c6,0x10c6,0x10c6,0x10c6,
    0x10c6,0x10c6,0x10c6,0x10c6,0x10c6,0x10c6,0x10c6,0x10c6,0x10c6,0x10c6,0x10c6,0x10c6,0x10c6,0x10c6,0x10c6,0x10c6,
    0x10c6,0x10c6,0x10c6,0x10c6,0x10c6,0x10c6,0x10c6,0x10c6,0x10c6,0x10c6,0x10c6,0x10c6,0x10c6,0x10c6,0x10c6,0x10c6,
    0x10c6,0x10c6,0x10c6,0x10c6,0x10c6,0x10c6,0x10c6,0x10c6,0x10c6,0x10c6,0x10c6,0x10c6,0x10c6,0x10c6,0x10c6,0x10c6,
    0x10c6,0x10c6,0x10c6,0x10c6,0x10c6,0x10c6,0x10c6,0x10c6,0x10c6,0x10c6,0x10c6,0x10c6,0x10c6,0x10c6,0x10c6,0x10c6,
    0x10c6,0x10c6,0x10c6,0x10c6,0x10c6,0x10c6,0x10c6,0x10c6,0x18e6,0x3949,0x71ce,0x71ef,0x496b,0x2908,0x18e6,0xf81f,
    0xf81f,0x2908,0x518c,0x61ce,0x518c,0x414a,0x20e7,0x10c6,0x10c6,0x10c6,0x10c6,0x10c6,0x10c6,0x10c6,0x10c6,0x10c6,
    0x10c6,0x10c6,0x10c6,0x10c6,0x10c6,0x10c6,0x10c6,0x10c6,0x10c6,0x10c6,0x10c6,0x10c6,0x10c6,0x10c6,0x10c6,0x10c6,
    0x10c6,0x10c6,0x10c6,0x10c6,0x10c6,0x10c6,0x10c6,0x10c6,0x10c6,0x10c6,0x10c6,0x10c6,0x10c6,0x10c6,0x10c6,0x10c6,
    0x10c6,0x10c6,0x10c6,0x10c6,0x10c6,0x10c6,0x10c6,0x10c6,0x10c6,0x10c6,0x10c6,0x10c6,0x10c6,0x10c6,0x10c6,0x10c6,
    0x10c6,0x10c6,0x10c6,0x10c6,0x10c6,0x10c6,0x10c6,0x10c6,0x10c6,0x10c6,0x10c6,0x10c6,0x10c6,0x10c6,0x10c6,0x10c6,
    0x10c6,0x10c6,0x10c6,0x10c6,0x10c6,0x10c6,0x10c6,0x10c6,0x10c6,0x10c6,0x10c6,0x10c6,0x10c6,0x10c6,0x10c6,0x10c6,
    0x10c6,0x10c6,0x10c6,0x10c6,0x10c6,0x10c6,0x10c6,0x10c6,0x10c6,0x10c6,0x10c6,0x10c6,0x10c6,0x10c6,0x10c6,0x10c6,
    0x10c6,0x10c6,0x10c6,0x10c6,0x10c6,0x10c6,0x10c6,0x10c6,0x10c6,0x2908,0x598c,0x69ce,0x598c,0x414a,0x2107,0xf81f,
    0x10c6,0x3128,0x61ce,0x71ce,0x496b,0x2928,0x18e7,0x10c6,0x10c6,0x10c6,0x10c6,0x10c6,0x10c6,0x10c6,0x10c6,0x10c6,
    0x10c6,0x10c6,0x10c6,0x10c6,0x10c6,0x10c6,0x10c6,0x10c6,0x10c6,0x10c6,0x10c6,0x10c6,0x10c6,0x10c6,0x10c6,0x10c6,
    0x10c6,0x10c6,0x10c6,0x10c6,0x10c6,0x10c6,0x10c6,0x10c6,0x10c6,0x10c6,0x10c6,0x10c6,0x10c6,0x10c6,0x10c6,0x10c6,
    0x10c6,0x10c6,0x10c6,0x10c6,0x10c6,0x10c6,0x10c6,0x10c6,0x10c6,0x10c6,0x10c6,0x10c6,0x10c6,0x10c6,0x10c6,0x10c6,
    0x10c6,0x10c6,0x10c6,0x10c6,0x10c6,0x10c6,0x10c6,0x10c6,0x10c6,0x10c6,0x10c6,0x10c6,0x10c6,0x10c6,0x10c6,0x10c6,
    0x10c6,0x10c6,0x10c6,0x10c6,0x10c6,0x10c6,0x10c6,0x10c6,0x10c6,0x10c6,0x10c6,0x10c6,0x10c6,0x10c6,0x10c6,0x10c6,
    0x10c6,0x10c6,0x10c6,0x10c6,0x10c6,0x10c6,0x10c6,0x10c6,0x10c6,0x10c6,0x10c6,0x10c6,0x10c6,0x10c6,0x10c6,0x10c6,
    0x10c6,0x10c6,0x10c6,0x10c6,0x10c6,0x10c6,0x10c6,0x10c6,0x10c6,0x2107,0x416a,0x59ac,0x61ad,0x518c,0x2908,0xf81f,
    0x18e6,0x3129,0x71ef,0x71ef,0x394a,0x18e7,0x10e6,0x10c6,0x10c6,0x10c6,0x10c6,0x10c6,0x10c6,0x10c6,0x10c6,0x10c6,
    0x10c6,0x10c6,0x10c6,0x10c6,0x10c6,0x10c6,0x10c6,0x10c6,0x10c6,0x10c6,0x10c6,0x10c6,0x10c6,0x10c6,0x10c6,0x10c6,
    0x10c6,0x10c6,0x10c6,0x10c6,0x10c6,0x10c6,0x10c6,0x10c6,0x10c6,0x10c6,0x10c6,0x10c6,0x10c6,0x10c6,0x10c6,0x10c6,
    0x10c6,0x10c6,0x10c6,0x10c6,0x10c6,0x10c6,0x10c6,0x10c6,0x10c6,0x10c6,0x10c6,0x10c6,0x10c6,0x10c6,0x10c6,0x10c6,
    0x10c6,0x10c6,0x10c6,0x10c6,0x10c6,0x10c6,0x10c6,0x10c6,0x10c6,0x10c6,0x10c6,0x10c6,0x10c6,0x10c6,0x10c6,0x10c6,
    0x10c6,0x10c6,0x10c6,0x10c6,0x10c6,0x10c6,0x10c6,0x10c6,0x10c6,0x10c6,0x10c6,0x10c6,0x10c6,0x10c6,0x10c6,0x10c6,
    0x10c6,0x10c6,0x10c6,0x10c6,0x10c6,0x10c6,0x10c6,0x10c6,0x10c6,0x10c6,0x10c6,0x10c6,0x10c6,0x10c6,0x10c6,0x10c6,
    0x10c6,0x10c6,0x10c6,0x10c6,0x10c6,0x10c6,0x10c6,0x10c6,0x10c6,0x18e7,0x3128,0x498b,0x71ef,0x69ce,0x2928,0x10c6,
    0x20e7,0x394a,0x79ef,0x71ef,0x3129,0x10e6,0x10c6,0x10c6,0x10c6,0x10c6,0x10c6,0x10c6,0x10c6,0x10c6,0x10c6,0x10c6,
    0x10c6,0x10c6,0x10c6,0x10c6,0x10c6,0x10c6,0x10c6,0x10c6,0x10c6,0x10c6,0x10c6,0x10c6,0x10c6,0x10c6,0x10c6,0x10c6,
    0x10c6,0x10c6,0x10c6,0x10c6,0x10c6,0x10c6,0x10c6,0x10c6,0x10c6,0x10c6,0x10c6,0x10c6,0x10c6,0x10c6,0x10c6,0x10c6,
    0x10c6,0x10c6,0x10c6,0x10c6,0x10c6,0x10c6,0x10c6,0x10c6,0x10c6,0x10c6,0x10c6,0x10c6,0x10c6,0x10c6,0x10c6,0x10c6,
    0x10c6,0x10c6,0x10c6,0x10c6,0x10c6,0x10c6,0x10c6,0x10c6,0x10c6,0x10c6,0x10c6,0x10c6,0x10c6,0x10c6,0x10c6,0x10c6,
    0x10c6,0x10c6,0x10c6,0x10c6,0x10c6,0x10c6,0x10c6,0x10c6,0x10c6,0x10c6,0x10c6,0x10c6,0x10c6,0x10c6,0x10c6,0x10c6,
    0x10c6,0x10c6,0x10c6,0x10c6,0x10c6,0x10c6,0x10c6,0x10c6,0x10c6,0x10c6,0x10c6,0x10c6,0x10c6,0x10c6,0x10c6,0x10c6,
    0x10c6,0x10c6,0x10c6,0x10c6,0x10c6,0x10c6,0x10c6,0x10c6,0x10c6,0x10e6,0x2107,0x414a,0x71ef,0x71ef,0x3149,0x18e6,
    0x2928,0x416a,0x71ee,0x69ce,0x3128,0x10c6,0x10c6,0x10c6,0x10c6,0x10c6,0x10c6,0x10c6,0x10c6,0x10c6,0x10c6,0x10c6,
    0x10c6,0x10c6,0x10c6,0x10c6,0x10c6,0x10c6,0x10c6,0x10c6,0x10c6,0x10c6,0x10c6,0x10c6,0x10c6,0x10c6,0x10c6,0x10c6,
    0x10c6,0x10c6,0x10c6,0x10c6,0x10c6,0x10c6,0x10c6,0x10c6,0x10c6,0x10c6,0x10c6,0x10c6,0x10c6,0x10c6,0x10c6,0x10c6,
    0x10c6,0x10c6,0x10c6,0x10c6,0x10c6,0x10c6,0x10c6,0x10c6,0x10c6,0x10c6,0x10c6,0x10c6,0x10c6,0x10c6,0x10c6,0x10c6,
    0x10c6,0x10c6,0x10c6,0x10c6,0x10c6,0x10c6,0x10c6,0x10c6,0x10c6,0x10c6,0x10c6,0x10c6,0x10c6,0x10c6,0x10c6,0x10c6,
    0x10c6,0x10c6,0x10c6,0x10c6,0x10c6,0x10c6,0x10c6,0x10c6,0x10c6,0x10c6,0x10c6,0x10c6,0x10c6,0x10c6,0x10c6,0x10c6,
    0x10c6,0x10c6,0x10c6,0x10c6,0x10c6,0x10c6,0x10c6,0x10c6,0x10c6,0x10c6,0x10c6,0x10c6,0x10c6,0x10c6,0x10c6,0x10c6,
    0x10c6,0x10c6,0x10c6,0x10c6,0x10c6,0x10c6,0x10c6,0x10c6,0x10c6,0x10c6,0x10e6,0x3129,0x71ef,0x71ef,0x414a,0x2107,
    0x3949,0x496b,0x69ce,0x61ad,0x2928,0x10c6,0x10c6,0x10c6,0x10c6,0x10c6,0x10c6,0x10c6,0x10c6,0x10c6,0x10c6,0x10c6,
    0x10c6,0x10c6,0x10c6,0x10c6,0x10c6,0x10c6,0x10c6,0x10c6,0x10c6,0x10c6,0x10c6,0x10c6,0x10c6,0x10c6,0x10c6,0x10c6,
    0x10c6,0x10c6,0x10c6,0x10c6,0x10c6,0x10c6,0x10c6,0x10c6,0x10c6,0x10c6,0x10c6,0x10c6,0x10c6,0x10c6,0x10c6,0x10c6,
    0x10c6,0x10c6,0x10c6,0x10c6,0x10c6,0x10c6,0x10c6,0x10c6,0x10c6,0x10c6,0x10c6,0x10c6,0x10c6,0x10c6,0x10c6,0x10c6,
    0x10c6,0x10c6,0x10c6,0x10c6,0x10c6,0x10c6,0x10c6,0x10c6,0x10c6,0x10c6,0x10c6,0x10c6,0x10c6,0x10c6,0x10c6,0x10c6,
    0x10c6,0x10c6,0x10c6,0x10c6,0x10c6,0x10c6,0x10c6,0x10c6,0x10c6,0x10c6,0x10c6,0x10c6,0x10c6,0x10c6,0x10c6,0x10c6,
    0x10c6,0x10c6,0x10c6,0x10c6,0x10c6,0x10c6,0x10c6,0x10c6,0x10c6,0x10c6,0x10c6,0x10c6,0x10c6,0x10c6,0x10c6,0x10c6,
    0x10c6,0x10c6,0x10c6,0x10c6,0x10c6,0x10c6,0x10c6,0x10c6,0x10c6,0x10c6,0x10c6,0x3128,0x69ce,0x71ef,0x496b,0x3129,
    0x414a,0x498b,0x69ce,0x59ac,0x2908,0x10c6,0x10c6,0x10c6,0x10c6,0x10c6,0x10c6,0x10c6,0x10c6,0x10c6,0x10c6,0x10c6,
    0x10c6,0x10c6,0x10c6,0x10c6,0x10c6,0x10c6,0x10c6,0x10c6,0x10c6,0x10c6,0x10c6,0x10c6,0x10c6,0x10c6,0x10c6,0x10c6,
    0x10c6,0x10c6,0x10c6,0x10c6,0x10c6,0x10c6,0x10c6,0x10c6,0x10c6,0x10c6,0x10c6,0x10c6,0x10c6,0x10c6,0x10c6,0x10c6,
    0x10c6,0x10c6,0x10c6,0x10c6,0x10c6,0x10c6,0x10c6,0x10c6,0x10c6,0x10c6,0x10c6,0x10c6,0x10c6,0x10c6,0x10c6,0x10c6,
    0x10c6,0x10c6,0x10c6,0x10c6,0x10c6,0x10c6,0x10c6,0x10c6,0x10c6,0x10c6,0x10c6,0x10c6,0x10c6,0x10c6,0x10c6,0x10c6,
    0x10c6,0x10c6,0x10c6,0x10c6,0x10c6,0x10c6,0x10c6,0x10c6,0x10c6,0x10c6,0x10c6,0x10c6,0x10c6,0x10c6,0x10c6,0x10c6,
    0x10c6,0x10c6,0x10c6,0x10c6,0x10c6,0x10c6,0x10c6,0x10c6,0x10c6,0x10c6,0x10c6,0x10c6,0x10c6,0x10c6,0x10c6,0x10c6,
    0x10c6,0x10c6,0x10c6,0x10c6,0x10c6,0x10c6,0x10c6,0x10c6,0x10c6,0x10c6,0x10c6,0x2928,0x61ad,0x69ce,0x496b,0x394a,
    0x496b,0x518c,0x61ad,0x518c,0x2908,0x10c6,0x10c6,0x10c6,0x10c6,0x10c6,0x10c6,0x10c6,0x10c6,0x10c6,0x10c6,0x10c6,
    0x10c6,0x10c6,0x10c6,0x10c6,0x10c6,0x10c6,0x10c6,0x10c6,0x10c6,0x10c6,0x10c6,0x10c6,0x10c6,0x10c6,0x10c6,0x10c6,
    0x10c6,0x10c6,0x10c6,0x10c6,0x10c6,0x10c6,0x10c6,0x10c6,0x10c6,0x10c6,0x10c6,0x10c6,0x10c6,0x10c6,0x10c6,0x10e6,
    0x10e6,0x1907,0x1927,0x1927,0x1927,0x1927,0x1106,0x10e6,0x10e6,0x10c6,0x10c6,0x10c6,0x10c6,0x10c6,0x10c6,0x10c6,
    0x10c6,0x10c6,0x10c6,0x10c6,0x10c6,0x10c6,0x10c6,0x10c6,0x10c6,0x10c6,0x10c6,0x10c6,0x10c6,0x10c6,0x10c6,0x10c6,
    0x10c6,0x10c6,0x10c6,0x10c6,0x10c6,0x10c6,0x10c6,0x10c6,0x10c6,0x10c6,0x10c6,0x10c6,0x10c6,0x10c6,0x10c6,0x10c6,
    0x10c6,0x10c6,0x10c6,0x10c6,0x10c6,0x10c6,0x10c6,0x10c6,0x10c6,0x10c6,0x10c6,0x10c6,0x10c6,0x10c6,0x10c6,0x10c6,
    0x10c6,0x10c6,0x10c6,0x10c6,0x10c6,0x10c6,0x10c6,0x10c6,0x10c6,0x10c6,0x10c6,0x2908,0x598c,0x69cd,0x518b,0x416a,
    0x518b,0x518c,0x61ad,0x518b,0x2108,0x10c6,0x10c6,0x10c6,0x10c6,0x10c6,0x10c6,0x10c6,0x10c6,0x10c6,0x10c6,0x10c6,
    0x10c6,0x10c6,0x10c6,0x10c6,0x10c6,0x10c6,0x10c6,0x10c6,0x10c6,0x10c6,0x10c6,0x10c6,0x10c6,0x10c6,0x10c6,0x10c6,
    0x10c6,0x10c6,0x10c6,0x10c6,0x10c6,0x10c6,0x10c6,0x10c6,0x10c6,0x10c6,0x10c6,0x10c6,0x10c6,0x10c6,0x10c6,0x10e6,
    0x1947,0x2188,0x29a9,0x29ca,0x29ca,0x29a9,0x2168,0x1927,0x10e6,0x10c6,0x10c6,0x10c6,0x10c6,0x10c6,0x10c6,0x10c6,
    0x10c6,0x10c6,0x10c6,0x10c6,0x10c6,0x10c6,0x10c6,0x10c6,0x10c6,0x10c6,0x10c6,0x10c6,0x10c6,0x10c6,0x10c6,0x10c6,
    0x10c6,0x10c6,0x10c6,0x10c6,0x10c6,0x10c6,0x10c6,0x10c6,0x10c6,0x10c6,0x10c6,0x10c6,0x10c6,0x10c6,0x10c6,0x10c6,
    0x10c6,0x10c6,0x10c6,0x10c6,0x10c6,0x10c6,0x10c6,0x10c6,0x10c6,0x10c6,0x10c6,0x10c6,0x10c6,0x10c6,0x10c6,0x10c6,
    0x10c6,0x10c6,0x10c6,0x10c6,0x10c6,0x10c6,0x10c6,0x10c6,0x10c6,0x10c6,0x10c6,0x2908,0x518c,0x61ad,0x518c,0x498b,
    0x518c,0x59ac,0x59ad,0x496b,0x2108,0x10c6,0x10c6,0x10c6,0x10c6,0x10c6,0x10c6,0x10c6,0x10c6,0x10c6,0x10c6,0x10c6,
    0x10c6,0x10c6,0x10c6,0x10c6,0x10c6,0x10c6,0x10c6,0x10c6,0x10c6,0x10c6,0x10c6,0x10c6,0x10c6,0x10c6,0x10c6,0x10c6,
    0x10c6,0x10c6,0x10c6,0x10c6,0x10c6,0x10c6,0x10c6,0x10c6,0x10c6,0x10c6,0x10c6,0x10e6,0x10e6,0x1927,0x29a9,0x320b,
    0x3a6c,0x42cd,0x4aee,0x4b0e,0x4b0e,0x4aee,0x42ad,0x3a6c,0x320a,0x2189,0x1927,0x10e6,0x10c6,0x10c6,0x10c6,0x10c6,
    0x10c6,0x10c6,0x10c6,0x10c6,0x10c6,0x10c6,0x10c6,0x10c6,0x10c6,0x10c6,0x10c6,0x10c6,0x10c6,0x10c6,0x10c6,0x10c6,
    0x10c6,0x10c6,0x10c6,0x10c6,0x10c6,0x10c6,0x10c6,0x10c6,0x10c6,0x10c6,0x10c6,0x10c6,0x10c6,0x10c6,0x10c6,0x10c6,
    0x10c6,0x10c6,0x10c6,0x10c6,0x10c6,0x10c6,0x10c6,0x10c6,0x10c6,0x10c6,0x10c6,0x10c6,0x10c6,0x10c6,0x10c6,0x10c6,
    0x10c6,0x10c6,0x10c6,0x10c6,0x10c6,0x10c6,0x10c6,0x10c6,0x10c6,0x10c6,0x10c6,0x2108,0x498b,0x59ad,0x598c,0x518c,
    0x59ac,0x59ac,0x59ac,0x496b,0x2107,0x10c6,0x10c6,0x10c6,0x10c6,0x10c6,0x10c6,0x10c6,0x10c6,0x10c6,0x10c6,0x10c6,
    0x10c6,0x10c6,0x10c6,0x10c6,0x10c6,0x10c6,0x10c6,0x10c6,0x10c6,0x10c6,0x10c6,0x10c6,0x10c6,0x10c6,0x10c6,0x10c6,
    0x10c6,0x10c6,0x10c6,0x10c6,0x10c6,0x10c6,0x10c6,0x10c6,0x10c6,0x10c6,0x10c6,0x10e6,0x1947,0x320a,0x534f,0x6412,
    0x7494,0x74d5,0x7cf5,0x7cf5,0x7cf5,0x7cf5,0x74d5,0x6c94,0x6412,0x4b2f,0x29ea,0x1927,0x10e6,0x10c6,0x10c6,0x10c6,
    0x10c6,0x10c6,0x10c6,0x10c6,0x10c6,0x10c6,0x10c6,0x10c6,0x10c6,0x10c6,0x10c6,0x10c6,0x10c6,0x10c6,0x10c6,0x10c6,
    0x10c6,0x10c6,0x10c6,0x10c6,0x10c6,0x10c6,0x10c6,0x10c6,0x10c6,0x10c6,0x10c6,0x10c6,0x10c6,0x10c6,0x10c6,0x10c6,
    0x10c6,0x10c6,0x10c6,0x10c6,0x10c6,0x10c6,0x10c6,0x10c6,0x10c6,0x10c6,0x10c6,0x10c6,0x10c6,0x10c6,0x10c6,0x10c6,
    0x10c6,0x10c6,0x10c6,0x10c6,0x10c6,0x10c6,0x10c6,0x10c6,0x10c6,0x10c6,0x10c6,0x2107,0x496b,0x59ac,0x59ac,0x59ac,
    0x59ac,0x59ac,0x59ac,0x496b,0x2107,0x10c6,0x10c6,0x10c6,0x10c6,0x10c6,0x10c6,0x10c6,0x10c6,0x10c6,0x10c6,0x10c6,
    0x10c6,0x10c6,0x10c6,0x10c6,0x10c6,0x10c6,0x10c6,0x10c6,0x10c6,0x10c6,0x10c6,0x10c6,0x10c6,0x10c6,0x10c6,0x10c6,
    0x10c6,0x10c6,0x10c6,0x10c6,0x10c6,0x10c6,0x10c6,0x10c6,0x10c6,0x10c6,0x10c6,0x1927,0x320a,0x4b0f,0x6c74,0x8557,
    0x8db8,0x95d9,0x95d9,0x95d9,0x95d9,0x95d9,0x95d9,0x8d98,0x8537,0x6c53,0x42ee,0x29ea,0x1927,0x10c6,0x10c6,0x10c6,
    0x10c6,0x10c6,0x10c6,0x10c6,0x10c6,0x10c6,0x10c6,0x10c6,0x10c6,0x10c6,0x10c6,0x10c6,0x10c6,0x10c6,0x10c6,0x10c6,
    0x10c6,0x10c6,0x10c6,0x10c6,0x10c6,0x10c6,0x10c6,0x10c6,0x10c6,0x10c6,0x10c6,0x10c6,0x10c6,0x10c6,0x10c6,0x10c6,
    0x10c6,0x10c6,0x10c6,0x10c6,0x10c6,0x10c6,0x10c6,0x10c6,0x10c6,0x10c6,0x10c6,0x10c6,0x10c6,0x10c6,0x10c6,0x10c6,
    0x10c6,0x10c6,0x10c6,0x10c6,0x10c6,0x10c6,0x10c6,0x10c6,0x10c6,0x10c6,0x10c6,0x2107,0x496b,0x59ac,0x59ac,0x59ac,
    0x59ac,0x59ac,0x59ac,0x496b,0x2107,0x10c6,0x10c6,0x10c6,0x10c6,0x10c6,0x10c6,0x10c6,0x10c6,0x10c6,0x10c6,0x10c6,
    0x10c6,0x10c6,0x10c6,0x10c6,0x10c6,0x10c6,0x10c6,0x10c6,0x10c6,0x10c6,0x10c6,0x10c6,0x10c6,0x10c6,0x10c6,0x10c6,
    0x10c6,0x10c6,0x10c6,0x10c6,0x10c6,0x10c6,0x10c6,0x10c6,0x10c6,0x10c6,0x10c6,0x29a9,0x534f,0x6c74,0x8537,0x8db8,
    0x95d9,0x95d9,0x95d9,0x95d9,0x95d9,0x95d9,0x95d9,0x8dd9,0x8db8,0x8536,0x6c53,0x4b0e,0x2189,0x10c6,0x10c6,0x10c6,
    0x10c6,0x10c6,0x10c6,0x10c6,0x10c6,0x10c6,0x10c6,0x10c6,0x10c6,0x10c6,0x10c6,0x10c6,0x10c6,0x10c6,0x10c6,0x10c6,
    0x10c6,0x10c6,0x10c6,0x10c6,0x10c6,0x10c6,0x10c6,0x10c6,0x10c6,0x10c6,0x10c6,0x10c6,0x10c6,0x10c6,0x10c6,0x10c6,
    0x10c6,0x10c6,0x10c6,0x10c6,0x10c6,0x10c6,0x10c6,0x10c6,0x10c6,0x10c6,0x10c6,0x10c6,0x10c6,0x10c6,0x10c6,0x10c6,
    0x10c6,0x10c6,0x10c6,0x10c6,0x10c6,0x10c6,0x10c6,0x10c6,0x10c6,0x10c6,0x10c6,0x2107,0x496b,0x59ac,0x59ac,0x59ac,
    0x59ac,0x59ac,0x59ac,0x496b,0x2107,0x10c6,0x10c6,0x10c6,0x10c6,0x10c6,0x10c6,0x10c6,0x10c6,0x10c6,0x10c6,0x10c6,
    0x10c6,0x10c6,0x10c6,0x10c6,0x10c6,0x10c6,0x10c6,0x10c6,0x10c6,0x10c6,0x10c6,0x10c6,0x10c6,0x10c6,0x10c6,0x10c6,
    0x10c6,0x10c6,0x10c6,0x10c6,0x10c6,0x10c6,0x10c6,0x10c6,0x10c6,0x10e6,0x10e6,0x320b,0x6432,0x8557,0x8db8,0x8db8,
    0x8577,0x8537,0x7d16,0x7cf5,0x7cf5,0x7d16,0x8537,0x8d78,0x8db8,0x8d98,0x8537,0x63f2,0x320a,0x10e6,0x10e6,0x10c6,
    0x10c6,0x10c6,0x10c6,0x10c6,0x10c6,0x10c6,0x10c6,0x10c6,0x10c6,0x10c6,0x10c6,0x10c6,0x10c6,0x10c6,0x10c6,0x10c6,
    0x10c6,0x10c6,0x10c6,0x10c6,0x10c6,0x10c6,0x10c6,0x10c6,0x10c6,0x10c6,0x10c6,0x10c6,0x10c6,0x10c6,0x10c6,0x10c6,
    0x10c6,0x10c6,0x10c6,0x10c6,0x10c6,0x10c6,0x10c6,0x10c6,0x10c6,0x10c6,0x10c6,0x10c6,0x10c6,0x10c6,0x10c6,0x10c6,
    0x10c6,0x10c6,0x10c6,0x10c6,0x10c6,0x10c6,0x10c6,0x10c6,0x10c6,0x10c6,0x10c6,0x2107,0x496b,0x59ac,0x59ac,0x59ac,
    0x59ac,0x59ac,0x59ac,0x496b,0x2107,0x10c6,0x10c6,0x10c6,0x10c6,0x10c6,0x10c6,0x10c6,0x10c6,0x10c6,0x10c6,0x10c6,
    0x10c6,0x10c6,0x10c6,0x10c6,0x10c6,0x10c6,0x10c6,0x10c6,0x10c6,0x10c6,0x10c6,0x10c6,0x10c6,0x10c6,0x10c6,0x10c6,
    0x10c6,0x10c6,0x10c6,0x10c6,0x10c6,0x10c6,0x10c6,0x10c6,0x10c6,0x10e6,0x1947,0x3a6c,0x7494,0x8db8,0x95d9,0x8577,
    0x7494,0x63f2,0x534f,0x4b0e,0x4b0e,0x5370,0x6412,0x74b5,0x8d78,0x8dd9,0x8d98,0x7494,0x3a6c,0x1927,0x10e6,0x10c6,
    0x10c6,0x10c6,0x10c6,0x10c6,0x10c6,0x10c6,0x10c6,0x10c6,0x10c6,0x10c6,0x10c6,0x10c6,0x10c6,0x10c6,0x10c6,0x10c6,
    0x10c6,0x10c6,0x10c6,0x10c6,0x10c6,0x10c6,0x10c6,0x10c6,0x10c6,0x10c6,0x10c6,0x10c6,0x10c6,0x10c6,0x10c6,0x10c6,
    0x10c6,0x10c6,0x10c6,0x10c6,0x10c6,0x10c6,0x10c6,0x10c6,0x10c6,0x10c6,0x10c6,0x10c6,0x10c6,0x10c6,0x10c6,0x10c6,
    0x10c6,0x10c6,0x10c6,0x10c6,0x10c6,0x10c6,0x10c6,0x10c6,0x10c6,0x10c6,0x10c6,0x2107,0x496b,0x59ac,0x59ac,0x59ac,
    0x59ac,0x59ac,0x59ac,0x496b,0x2107,0x10c6,0x10c6,0x10c6,0x10c6,0x10c6,0x10c6,0x10c6,0x10c6,0x10c6,0x10c6,0x10c6,
    0x10c6,0x10c6,0x10c6,0x10c6,0x10c6,0x10c6,0x10c6,0x10c6,0x10c6,0x10c6,0x10c6,0x10c6,0x10c6,0x10c6,0x10c6,0x10c6,
    0x10c6,0x10c6,0x10c6,0x10c6,0x10c6,0x10c6,0x10c6,0x10c6,0x10c6,0x1907,0x2168,0x42ad,0x74d5,0x95d9,0x95d9,0x8536,
    0x63f2,0x42ee,0x322b,0x29ca,0x29ca,0x322b,0x4b0e,0x6412,0x8537,0x95d9,0x95d9,0x74d5,0x42ad,0x2168,0x1107,0x10c6,
    0x10c6,0x10c6,0x10c6,0x10c6,0x10c6,0x10c6,0x10c6,0x10c6,0x10c6,0x10c6,0x10c6,0x10c6,0x10c6,0x10c6,0x10c6,0x10c6,
    0x10c6,0x10c6,0x10c6,0x10c6,0x10c6,0x10c6,0x10c6,0x10c6,0x10c6,0x10c6,0x10c6,0x10c6,0x10c6,0x10c6,0x10c6,0x10c6,
    0x10c6,0x10c6,0x10c6,0x10c6,0x10c6,0x10c6,0x10c6,0x10c6,0x10c6,0x10c6,0x10c6,0x10c6,0x10c6,0x10c6,0x10c6,0x10c6,
    0x10c6,0x10c6,0x10c6,0x10c6,0x10c6,0x10c6,0x10c6,0x10c6,0x10c6,0x10c6,0x10c6,0x2107,0x496b,0x59ac,0x59ac,0x59ac,
    0x59ac,0x59ac,0x59ac,0x496b,0x2107,0x10c6,0x10c6,0x10c6,0x10c6,0x10c6,0x10c6,0x10c6,0x10c6,0x10c6,0x10c6,0x10c6,
    0x10c6,0x10c6,0x10c6,0x10c6,0x10c6,0x10c6,0x10c6,0x10c6,0x10c6,0x10c6,0x10c6,0x10c6,0x10c6,0x10c6,0x10c6,0x10c6,
    0x10c6,0x10c6,0x10c6,0x10c6,0x10c6,0x10c6,0x10c6,0x10c6,0x10c6,0x1907,0x21a9,0x42ee,0x7cd5,0x95d9,0x95d9,0x7cf6,
    0x534f,0x322b,0x2168,0x1927,0x1927,0x2188,0x322b,0x534f,0x7d16,0x95d9,0x95d9,0x7cd5,0x42ee,0x21a9,0x1907,0x10c6,
    0x10c6,0x10c6,0x10c6,0x10c6,0x10c6,0x10c6,0x10c6,0x10c6,0x10c6,0x10c6,0x10c6,0x10c6,0x10c6,0x10c6,0x10c6,0x10c6,
    0x10c6,0x10c6,0x10c6,0x10c6,0x10c6,0x10c6,0x10c6,0x10c6,0x10c6,0x10c6,0x10c6,0x10c6,0x10c6,0x10c6,0x10c6,0x10c6,
    0x10c6,0x10c6,0x10c6,0x10c6,0x10c6,0x10c6,0x10c6,0x10c6,0x10c6,0x10c6,0x10c6,0x10c6,0x10c6,0x10c6,0x10c6,0x10c6,
    0x10c6,0x10c6,0x10c6,0x10c6,0x10c6,0x10c6,0x10c6,0x10c6,0x10c6,0x10c6,0x10c6,0x2107,0x496b,0x59ac,0x59ac,0x59ac,
    0x59ac,0x59ac,0x59ac,0x496b,0x2107,0x10c6,0x10c6,0x10c6,0x10c6,0x10c6,0x10c6,0x10c6,0x10c6,0x10c6,0x10c6,0x10c6,
    0x10c6,0x10c6,0x10c6,0x10c6,0x10c6,0x10c6,0x10c6,0x10c6,0x10c6,0x10c6,0x10c6,0x10c6,0x10e6,0x1106,0x1907,0x1927,
    0x1927,0x1927,0x1927,0x1927,0x1927,0x1927,0x1927,0x1927,0x1927,0x2168,0x320a,0x4b2f,0x7cf6,0x95d9,0x95d9,0x7cf5,
    0x4b0e,0x29c9,0x1927,0x10c6,0x10c6,0x1927,0x29c9,0x4b0e,0x7cf5,0x95d9,0x95d9,0x7cf6,0x4b2f,0x320a,0x2168,0x1927,
    0x1927,0x1927,0x1927,0x1927,0x1927,0x1927,0x1927,0x1927,0x1927,0x1927,0x1927,0x1927,0x1927,0x1927,0x1927,0x1927,
    0x1927,0x1927,0x1927,0x1927,0x1927,0x1927,0x1927,0x1927,0x1927,0x1927,0x1927,0x1927,0x1927,0x1927,0x1927,0x1927,
    0x1927,0x1907,0x1106,0x10e6,0x10c6,0x10c6,0x10c6,0x10c6,0x10c6,0x10c6,0x10c6,0x10c6,0x10c6,0x10c6,0x10c6,0x10c6,
    0x10c6,0x10c6,0x10c6,0x10c6,0x10c6,0x10c6,0x10c6,0x10c6,0x10c6,0x10c6,0x10c6,0x2107,0x496b,0x59ac,0x59ac,0x59ac,
    0x59ac,0x59ac,0x59ac,0x496b,0x2107,0x10c6,0x10c6,0x10c6,0x10c6,0x10c6,0x10c6,0x10c6,0x10c6,0x10c6,0x10c6,0x10c6,
    0x10c6,0x10c6,0x10c6,0x10c6,0x10c6,0x10c6,0x10c6,0x10c6,0x10c6,0x10c6,0x10c6,0x10e6,0x1927,0x2168,0x29a9,0x29ca,
    0x29ca,0x29ca,0x29ca,0x29ca,0x29ca,0x29ca,0x29ca,0x29ca,0x29ca,0x320b,0x3a8c,0x5b90,0x7d16,0x95d9,0x95d9,0x7cf5,
    0x4b0e,0x29c9,0x1927,0x10c6,0x10c6,0x1927,0x29c9,0x4b0e,0x7cf5,0x95d9,0x95d9,0x7d16,0x5b90,0x3a8c,0x320b,0x29ca,
    0x29ca,0x29ca,0x29ca,0x29ca,0x29ca,0x29ca,0x29ca,0x29ca,0x29ca,0x29ca,0x29ca,0x29ca,0x29ca,0x29ca,0x29ca,0x29ca,
    0x29ca,0x29ca,0x29ca,0x29ca,0x29ca,0x29ca,0x29ca,0x29ca,0x29ca,0x29ca,0x29ca,0x29ca,0x29ca,0x29ca,0x29ca,0x29ca,
    0x29ca,0x29a9,0x2168,0x1927,0x10e6,0x10c6,0x10c6,0x10c6,0x10c6,0x10c6,0x10c6,0x10c6,0x10c6,0x10c6,0x10c6,0x10c6,
    0x10c6,0x10c6,0x10c6,0x10c6,0x10c6,0x10c6,0x10c6,0x10c6,0x10c6,0x10c6,0x10c6,0x2107,0x496b,0x59ac,0x59ac,0x59ac,
    0x59ac,0x59ac,0x59ac,0x496b,0x2107,0x10c6,0x10c6,0x10c6,0x10c6,0x10c6,0x10c6,0x10c6,0x10c6,0x10c6,0x10c6,0x10c6,
    0x10c6,0x10c6,0x10c6,0x10c6,0x10c6,0x10c6,0x10c6,0x10c6,0x10c6,0x10c6,0x10e6,0x1948,0x320b,0x3a8d,0x42ee,0x4b0e,
    0x4b0e,0x4b0e,0x4b0e,0x4b0e,0x4b0e,0x4b0e,0x4b0e,0x4b0e,0x4b0e,0x534f,0x5bb0,0x6c53,0x8557,0x95d9,0x95d9,0x7cf5,
    0x4b0e,0x29c9,0x1927,0x10c6,0x10c6,0x1927,0x29c9,0x4b0e,0x7cf5,0x95d9,0x95d9,0x8557,0x6c53,0x5bb0,0x534f,0x4b0e,
    0x4b0e,0x4b0e,0x4b0e,0x4b0e,0x4b0e,0x4b0e,0x4b0e,0x4b0e,0x4b0e,0x4b0e,0x4b0e,0x4b0e,0x4b0e,0x4b0e,0x4b0e,0x4b0e,
    0x4b0e,0x4b0e,0x4b0e,0x4b0e,0x4b0e,0x4b0e,0x4b0e,0x4b0e,0x4b0e,0x4b0e,0x4b0e,0x4b0e,0x4b0e,0x4b0e,0x4b0e,0x4b0e,
    0x4b0e,0x42ee,0x3a8d,0x320b,0x1948,0x10e6,0x10c6,0x10c6,0x10c6,0x10c6,0x10c6,0x10c6,0x10c6,0x10c6,0x10c6,0x10c6,
    0x10c6,0x10c6,0x10c6,0x10c6,0x10c6,0x10c6,0x10c6,0x10c6,0x10c6,0x10c6,0x10c6,0x2107,0x496b,0x59ac,0x59ac,0x59ac,
    0x59ac,0x59ac,0x59ac,0x496b,0x2107,0x10c6,0x10c6,0x10c6,0x10c6,0x10c6,0x10c6,0x10c6,0x10c6,0x10c6,0x10c6,0x10c6,
    0x10c6,0x10c6,0x10c6,0x10c6,0x10c6,0x10c6,0x10c6,0x10c6,0x10c6,0x10e6,0x1927,0x320b,0x5bd1,0x74b4,0x7cd5,0x7cf5,
    0x7cf5,0x7cf5,0x7cf5,0x7cf5,0x7cf5,0x7cf5,0x7cf5,0x7cf5,0x7cf5,0x7cf6,0x7d16,0x8557,0x8db8,0x95d9,0x95d9,0x7cf5,
    0x4b0e,0x29c9,0x1927,0x10c6,0x10c6,0x1927,0x29c9,0x4b0e,0x7cf5,0x95d9,0x95d9,0x8db8,0x8557,0x7d16,0x7cf6,0x7cf5,
    0x7cf5,0x7cf5,0x7cf5,0x7cf5,0x7cf5,0x7cf5,0x7cf5,0x7cf5,0x7cf5,0x7cf5,0x7cf5,0x7cf5,0x7cf5,0x7cf5,0x7cf5,0x7cf5,
    0x7cf5,0x7cf5,0x7cf5,0x7cf5,0x7cf5,0x7cf5,0x7cf5,0x7cf5,0x7cf5,0x7cf5,0x7cf5,0x7cf5,0x7cf5,0x7cf5,0x7cf5,0x7cf5,
    0x7cf5,0x7cd5,0x74b4,0x5bd1,0x320b,0x1927,0x10e6,0x10c6,0x10c6,0x10c6,0x10c6,0x10c6,0x10c6,0x10c6,0x10c6,0x10c6,
    0x10c6,0x10c6,0x10c6,0x10c6,0x10c6,0x10c6,0x10c6,0x10c6,0x10c6,0x10c6,0x10c6,0x2107,0x496b,0x59ac,0x59ac,0x59ac,
    0x59ac,0x59ac,0x59ac,0x496b,0x2107,0x10c6,0x10c6,0x10c6,0x10c6,0x10c6,0x10c6,0x10c6,0x10c6,0x10c6,0x10c6,0x10c6,
    0x10c6,0x10c6,0x10c6,0x10c6,0x10c6,0x10c6,0x10c6,0x10c6,0x10c6,0x10e6,0x1947,0x3a6c,0x7494,0x8db8,0x95d9,0x95d9,
    0x95d9,0x95d9,0x95d9,0x95d9,0x95d9,0x95d9,0x95d9,0x95d9,0x95d9,0x95d9,0x95d9,0x95d9,0x95d9,0x95d9,0x95d9,0x7cf5,
    0x4b0e,0x29c9,0x1927,0x10c6,0x10c6,0x1927,0x29c9,0x4b0e,0x7cf5,0x95d9,0x95d9,0x95d9,0x95d9,0x95d9,0x95d9,0x95d9,
    0x95d9,0x95d9,0x95d9,0x95d9,0x95d9,0x95d9,0x95d9,0x95d9,0x95d9,0x95d9,0x95d9,0x95d9,0x95d9,0x95d9,0x95d9,0x95d9,
    0x95d9,0x95d9,0x95d9,0x95d9,0x95d9,0x95d9,0x95d9,0x95d9,0x95d9,0x95d9,0x95d9,0x95d9,0x95d9,0x95d9,0x95d9,0x95d9,
    0x95d9,0x95d9,0x8db8,0x7494,0x3a6c,0x1947,0x10e6,0x10c6,0x10c6,0x10c6,0x10c6,0x10c6,0x10c6,0x10c6,0x10c6,0x10c6,
    0x10c6,0x10c6,0x10c6,0x10c6,0x10c6,0x10c6,0x10c6,0x10c6,0x10c6,0x10c6,0x10c6,0x2107,0x496b,0x59ac,0x59ac,0x59ac,
    0x59ac,0x59ac,0x59ac,0x496b,0x2107,0x10c6,0x10c6,0x10c6,0x10c6,0x10c6,0x10c6,0x10c6,0x10c6,0x10c6,0x10c6,0x10c6,
    0x10c6,0x10c6,0x10c6,0x10c6,0x10c6,0x10c6,0x10c6,0x10c6,0x10c6,0x10e6,0x1947,0x3a6c,0x7494,0x8db8,0x95d9,0x95d9,
    0x95d9,0x95d9,0x95d9,0x95d9,0x95d9,0x95d9,0x95d9,0x95d9,0x95d9,0x95d9,0x95d9,0x95d9,0x95d9,0x95d9,0x95d9,0x7cf5,
    0x4b0e,0x29c9,0x1927,0x10c6,0x10c6,0x1927,0x29c9,0x4b0e,0x7cf5,0x95d9,0x95d9,0x95d9,0x95d9,0x95d9,0x95d9,0x95d9,
    0x95d9,0x95d9,0x95d9,0x95d9,0x95d9,0x95d9,0x95d9,0x95d9,0x95d9,0x95d9,0x95d9,0x95d9,0x95d9,0x95d9,0x95d9,0x95d9,
    0x95d9,0x95d9,0x95d9,0x95d9,0x95d9,0x95d9,0x95d9,0x95d9,0x95d9,0x95d9,0x95d9,0x95d9,0x95d9,0x95d9,0x95d9,0x95d9,
    0x95d9,0x95d9,0x8db8,0x7494,0x3a6c,0x1947,0x10e6,0x10c6,0x10c6,0x10c6,0x10c6,0x10c6,0x10c6,0x10c6,0x10c6,0x10c6,
    0x10c6,0x10c6,0x10c6,0x10c6,0x10c6,0x10c6,0x10c6,0x10c6,0x10c6,0x10c6,0x10c6,0x2107,0x496b,0x59ac,0x59ac,0x59ac,
    0x59ac,0x59ac,0x59ac,0x496b,0x2107,0x10c6,0x10c6,0x10c6,0x10c6,0x10c6,0x10c6,0x10c6,0x10c6,0x10c6,0x10c6,0x10c6,
    0x10c6,0x10c6,0x10c6,0x10c6,0x10c6,0x10c6,0x10c6,0x10c6,0x10c6,0x10e6,0x1927,0x320b,0x5bd1,0x74b4,0x7cd5,0x7cf5,
    0x7cf5,0x7cf5,0x7cf5,0x7cf5,0x7cf5,0x7cf5,0x7cf5,0x7cf5,0x7cf5,0x7cf6,0x7d16,0x8557,0x8db8,0x95d9,0x95d9,0x7cf5,
    0x4b0e,0x29c9,0x1927,0x10c6,0x10c6,0x1927,0x29c9,0x4b0e,0x7cf5,0x95d9,0x95d9,0x8db8,0x8557,0x7d16,0x7cf6,0x7cf5,
    0x7cf5,0x7cf5,0x7cf5,0x7cf5,0x7cf5,0x7cf5,0x7cf5,0x7cf5,0x7cf5,0x7cf5,0x7cf5,0x7cf5,0x7cf5,0x7cf5,0x7cf5,0x7cf5,
    0x7cf5,0x7cf5,0x7cf5,0x7cf5,0x7cf5,0x7cf5,0x7cf5,0x7cf5,0x7cf5,0x7cf5,0x7cf5,0x7cf5,0x7cf5,0x7cf5,0x7cf5,0x7cf5,
    0x7cf5,0x7cd5,0x74b4,0x5bd1,0x320b,0x1927,0x10e6,0x10c6,0x10c6,0x10c6,0x10c6,0x10c6,0x10c6,0x10c6,0x10c6,0x10c6,
    0x10c6,0x10c6,0x10c6,0x10c6,0x10c6,0x10c6,0x10c6,0x10c6,0x10c6,0x10c6,0x10c6,0x2107,0x496b,0x59ac,0x59ac,0x59ac,
    0x59ac,0x59ac,0x59ac,0x496b,0x2107,0x10c6,0x10c6,0x10c6,0x10c6,0x10c6,0x10c6,0x10c6,0x10c6,0x10c6,0x10c6,0x10c6,
    0x10c6,0x10c6,0x10c6,0x10c6,0x10c6,0x10c6,0x10c6,0x10c6,0x10c6,0x10c6,0x10e6,0x1948,0x320b,0x3a8d,0x42ee,0x4b0e,
    0x4b0e,0x4b0e,0x4b0e,0x4b0e,0x4b0e,0x4b0e,0x4b0e,0x4b0e,0x4b0e,0x534f,0x5bb0,0x6c53,0x8557,0x95d9,0x95d9,0x7cf5,
    0x4b0e,0x29c9,0x1927,0x10c6,0x10c6,0x1927,0x29c9,0x4b0e,0x7cf5,0x95d9,0x95d9,0x8557,0x6c53,0x5bb0,0x534f,0x4b0e,
    0x4b0e,0x4b0e,0x4b0e,0x4b0e,0x4b0e,0x4b0e,0x4b0e,0x4b0e,0x4b0e,0x4b0e,0x4b0e,0x4b0e,0x4b0e,0x4b0e,0x4b0e,0x4b0e,
    0x4b0e,0x4b0e,0x4b0e,0x4b0e,0x4b0e,0x4b0e,0x4b0e,0x4b0e,0x4b0e,0x4b0e,0x4b0e,0x4b0e,0x4b0e,0x4b0e,0x4b0e,0x4b0e,
    0x4b0e,0x42ee,0x3a8d,0x320b,0x1948,0x10e6,0x10c6,0x10c6,0x10c6,0x10c6,0x10c6,0x10c6,0x10c6,0x10c6,0x10c6,0x10c6,
    0x10c6,0x10c6,0x10c6,0x10c6,0x10c6,0x10c6,0x10c6,0x10c6,0x10c6,0x10c6,0x10c6,0x2107,0x496b,0x59ac,0x59ac,0x59ac,
    0x59ac,0x59ac,0x59ac,0x496b,0x2107,0x10c6,0x10c6,0x10c6,0x10c6,0x10c6,0x10c6,0x10c6,0x10c6,0x10c6,0x10c6,0x10c6,
    0x10c6,0x10c6,0x10c6,0x10c6,0x10c6,0x10c6,0x10c6,0x10c6,0x10c6,0x10c6,0x10c6,0x10e6,0x1927,0x2168,0x29a9,0x29ca,
    0x29ca,0x29ca,0x29ca,0x29ca,0x29ca,0x29ca,0x29ca,0x29ca,0x29ca,0x320b,0x3a8c,0x5b90,0x7d16,0x95d9,0x95d9,0x7cf5,
    0x4b0e,0x29c9,0x1927,0x10c6,0x10c6,0x1927,0x29c9,0x4b0e,0x7cf5,0x95d9,0x95d9,0x7d16,0x5b90,0x3a8c,0x320b,0x29ca,
    0x29ca,0x29ca,0x29ca,0x29ca,0x29ca,0x29ca,0x29ca,0x29ca,0x29ca,0x29ca,0x29ca,0x29ca,0x29ca,0x29ca,0x29ca,0x29ca,
    0x29ca,0x29ca,0x29ca,0x29ca,0x29ca,0x29ca,0x29ca,0x29ca,0x29ca,0x29ca,0x29ca,0x29ca,0x29ca,0x29ca,0x29ca,0x29ca,
    0x29ca,0x29a9,0x2168,0x1927,0x10e6,0x10c6,0x10c6,0x10c6,0x10c6,0x10c6,0x10c6,0x10c6,0x10c6,0x10c6,0x10c6,0x10c6,
    0x10c6,0x10c6,0x10c6,0x10c6,0x10c6,0x10c6,0x10c6,0x10c6,0x10c6,0x10c6,0x10c6,0x2107,0x496b,0x59ac,0x59ac,0x59ac,
    0x59ac,0x59ac,0x59ac,0x496b,0x2107,0x10c6,0x10c6,0x10c6,0x10c6,0x10c6,0x10c6,0x10c6,0x10c6,0x10c6,0x10c6,0x10c6,
    0x10c6,0x10c6,0x10c6,0x10c6,0x10c6,0x10c6,0x10c6,0x10c6,0x10c6,0x10c6,0x10c6,0x10c6,0x10e6,0x1106,0x1907,0x1927,
    0x1927,0x1927,0x1927,0x1927,0x1927,0x1927,0x1927,0x1927,0x1927,0x2168,0x320a,0x4b2f,0x7cf6,0x95d9,0x95d9,0x7cf5,
    0x4b0e,0x29c9,0x1927,0x10c6,0x10c6,0x1927,0x29c9,0x4b0e,0x7cf5,0x95d9,0x95d9,0x7cf6,0x4b2f,0x320a,0x2168,0x1927,
    0x1927,0x1927,0x1927,0x1927,0x1927,0x1927,0x1927,0x1927,0x1927,0x1927,0x1927,0x1927,0x1927,0x1927,0x1927,0x1927,
    0x1927,0x1927,0x1927,0x1927,0x1927,0x1927,0x1927,0x1927,0x1927,0x1927,0x1927,0x1927,0x1927,0x1927,0x1927,0x1927,
    0x1927,0x1907,0x1106,0x10e6,0x10c6,0x10c6,0x10c6,0x10c6,0x10c6,0x10c6,0x10c6,0x10c6,0x10c6,0x10c6,0x10c6,0x10c6,
    0x10c6,0x10c6,0x10c6,0x10c6,0x10c6,0x10c6,0x10c6,0x10c6,0x10c6,0x10c6,0x10c6,0x2107,0x496b,0x59ac,0x59ac,0x59ac,
    0x59ac,0x59ac,0x59ac,0x496b,0x2107,0x10c6,0x10c6,0x10c6,0x10c6,0x10c6,0x10c6,0x10c6,0x10c6,0x10c6,0x10c6,0x10c6,
    0x10c6,0x10c6,0x10c6,0x10c6,0x10c6,0x10c6,0x10c6,0x10c6,0x10c6,0x10c6,0x10c6,0x10c6,0x10c6,0x10c6,0x10c6,0x10c6,
    0x10c6,0x10c6,0x10c6,0x10c6,0x10c6,0x10c6,0x10c6,0x10c6,0x10c6,0x1907,0x21a9,0x42ee,0x7cd5,0x95d9,0x95d9,0x7d16,
    0x534f,0x322b,0x2188,0x1927,0x1927,0x2168,0x322b,0x534f,0x7cf6,0x95d9,0x95d9,0x7cd5,0x42ee,0x21a9,0x1907,0x10c6,
    0x10c6,0x10c6,0x10c6,0x10c6,0x10c6,0x10c6,0x10c6,0x10c6,0x10c6,0x10c6,0x10c6,0x10c6,0x10c6,0x10c6,0x10c6,0x10c6,
    0x10c6,0x10c6,0x10c6,0x10c6,0x10c6,0x10c6,0x10c6,0x10c6,0x10c6,0x10c6,0x10c6,0x10c6,0x10c6,0x10c6,0x10c6,0x10c6,
    0x10c6,0x10c6,0x10c6,0x10c6,0x10c6,0x10c6,0x10c6,0x10c6,0x10c6,0x10c6,0x10c6,0x10c6,0x10c6,0x10c6,0x10c6,0x10c6,
    0x10c6,0x10c6,0x10c6,0x10c6,0x10c6,0x10c6,0x10c6,0x10c6,0x10c6,0x10c6,0x10c6,0x2107,0x496b,0x59ac,0x59ac,0x59ac,
    0x59ac,0x59ac,0x59ac,0x496b,0x2107,0x10c6,0x10c6,0x10c6,0x10c6,0x10c6,0x10c6,0x10c6,0x10c6,0x10c6,0x10c6,0x10c6,
    0x10c6,0x10c6,0x10c6,0x10c6,0x10c6,0x10c6,0x10c6,0x10c6,0x10c6,0x10c6,0x10c6,0x10c6,0x10c6,0x10c6,0x10c6,0x10c6,
    0x10c6,0x10c6,0x10c6,0x10c6,0x10c6,0x10c6,0x10c6,0x10c6,0x10c6,0x1107,0x2168,0x42ad,0x74d5,0x95d9,0x95d9,0x8537,
    0x6412,0x4b0e,0x322b,0x29ca,0x29ca,0x322b,0x42ee,0x63f2,0x8537,0x95d9,0x95d9,0x74d5,0x42ad,0x2168,0x1907,0x10c6,
    0x10c6,0x10c6,0x10c6,0x10c6,0x10c6,0x10c6,0x10c6,0x10c6,0x10c6,0x10c6,0x10c6,0x10c6,0x10c6,0x10c6,0x10c6,0x10c6,
    0x10c6,0x10c6,0x10c6,0x10c6,0x10c6,0x10c6,0x10c6,0x10c6,0x10c6,0x10c6,0x10c6,0x10c6,0x10c6,0x10c6,0x10c6,0x10c6,
    0x10c6,0x10c6,0x10c6,0x10c6,0x10c6,0x10c6,0x10c6,0x10c6,0x10c6,0x10c6,0x10c6,0x10c6,0x10c6,0x10c6,0x10c6,0x10c6,
    0x10c6,0x10c6,0x10c6,0x10c6,0x10c6,0x10c6,0x10c6,0x10c6,0x10c6,0x10c6,0x10c6,0x2107,0x496b,0x59ac,0x59ac,0x59ac,
    0x59ac,0x59ac,0x59ac,0x496b,0x2107,0x10c6,0x10c6,0x10c6,0x10c6,0x10c6,0x10c6,0x10c6,0x10c6,0x10c6,0x10c6,0x10c6,
    0x10c6,0x10c6,0x10c6,0x10c6,0x10c6,0x10c6,0x10c6,0x10c6,0x10c6,0x10c6,0x10c6,0x10c6,0x10c6,0x10c6,0x10c6,0x10c6,
    0x10c6,0x10c6,0x10c6,0x10c6,0x10c6,0x10c6,0x10c6,0x10c6,0x10c6,0x10e6,0x1927,0x3a6c,0x7494,0x8d98,0x8dd9,0x8d78,
    0x74b5,0x6412,0x5370,0x4b0e,0x4b0e,0x534f,0x63f2,0x7494,0x8577,0x95d9,0x8db8,0x7494,0x3a6c,0x1947,0x10e6,0x10c6,
    0x10c6,0x10c6,0x10c6,0x10c6,0x10c6,0x10c6,0x10c6,0x10c6,0x10c6,0x10c6,0x10c6,0x10e6,0x10e6,0x1907,0x1927,0x1927,
    0x1927,0x1927,0x1106,0x10e6,0x10e6,0x10c6,0x10c6,0x10c6,0x10c6,0x10c6,0x10c6,0x10c6,0x10c6,0x10c6,0x10c6,0x10c6,
    0x10c6,0x10c6,0x10c6,0x10c6,0x10c6,0x10c6,0x10c6,0x10c6,0x10c6,0x10c6,0x10c6,0x10c6,0x10c6,0x10c6,0x10c6,0x10c6,
    0x10c6,0x10c6,0x10c6,0x10c6,0x10c6,0x10c6,0x10c6,0x10c6,0x10c6,0x10c6,0x10c6,0x2107,0x496b,0x59ac,0x59ac,0x59ac,
    0x59ac,0x59ac,0x59ac,0x496b,0x2107,0x10c6,0x10c6,0x10c6,0x10c6,0x10c6,0x10c6,0x10c6,0x10c6,0x10c6,0x10c6,0x10c6,
    0x10c6,0x10c6,0x10c6,0x10c6,0x10c6,0x10c6,0x10c6,0x10c6,0x10c6,0x10c6,0x10c6,0x10c6,0x10c6,0x10c6,0x10c6,0x10c6,
    0x10c6,0x10c6,0x10c6,0x10c6,0x10c6,0x10c6,0x10c6,0x10c6,0x10c6,0x10e6,0x10e6,0x320a,0x63f2,0x8537,0x8d98,0x8db8,
    0x8d78,0x8537,0x7d16,0x7cf5,0x7cf5,0x7d16,0x8537,0x8577,0x8db8,0x8db8,0x8557,0x6412,0x320a,0x10e6,0x10e6,0x10c6,
    0x10c6,0x10c6,0x10c6,0x10c6,0x10c6,0x10c6,0x10c6,0x10c6,0x10c6,0x10c6,0x10c6,0x10e6,0x1947,0x2188,0x29a9,0x29ca,
    0x29ca,0x29a9,0x2168,0x1927,0x10e6,0x10c6,0x10c6,0x10c6,0x10c6,0x10c6,0x10c6,0x10c6,0x10c6,0x10c6,0x10c6,0x10c6,
    0x10c6,0x10c6,0x10c6,0x10c6,0x10c6,0x10c6,0x10c6,0x10c6,0x10c6,0x10c6,0x10c6,0x10c6,0x10c6,0x10c6,0x10c6,0x10c6,
    0x10c6,0x10c6,0x10c6,0x10c6,0x10c6,0x10c6,0x10c6,0x10c6,0x10c6,0x10c6,0x10c6,0x2107,0x496b,0x59ac,0x59ac,0x59ac,
    0x59ac,0x59ac,0x59ac,0x496b,0x2107,0x10c6,0x10c6,0x10c6,0x10c6,0x10c6,0x10c6,0x10c6,0x10c6,0x10c6,0x10c6,0x10c6,
    0x10c6,0x10c6,0x10c6,0x10c6,0x10c6,0x10c6,0x10c6,0x10c6,0x10c6,0x10c6,0x10c6,0x10c6,0x10c6,0x10c6,0x10c6,0x10c6,
    0x10c6,0x10c6,0x10c6,0x10c6,0x10c6,0x10c6,0x10c6,0x10c6,0x10c6,0x10c6,0x10c6,0x2189,0x4b0f,0x6c53,0x8536,0x8d98,
    0x8dd9,0x95d9,0x95d9,0x95d9,0x95d9,0x95d9,0x95d9,0x95d9,0x8db8,0x8537,0x6c74,0x4b2f,0x21a9,0x10c6,0x10c6,0x10c6,
    0x10c6,0x10c6,0x10c6,0x10c6,0x10c6,0x10c6,0x10c6,0x10e6,0x10e6,0x1927,0x29a9,0x320b,0x3a6c,0x42cd,0x4aee,0x4b0e,
    0x4b0e,0x4aee,0x42ad,0x3a6c,0x320a,0x2189,0x1927,0x10e6,0x10c6,0x10c6,0x10c6,0x10c6,0x10c6,0x10c6,0x10c6,0x10c6,
    0x10c6,0x10c6,0x10c6,0x10c6,0x10c6,0x10c6,0x10c6,0x10c6,0x10c6,0x10c6,0x10c6,0x10c6,0x10c6,0x10c6,0x10c6,0x10c6,
    0x10c6,0x10c6,0x10c6,0x10c6,0x10c6,0x10c6,0x10c6,0x10c6,0x10c6,0x10c6,0x10c6,0x2107,0x496b,0x59ac,0x59ac,0x59ac,
    0x59ac,0x59ac,0x59ac,0x496b,0x2107,0x10c6,0x10c6,0x10c6,0x10c6,0x10c6,0x10c6,0x10c6,0x10c6,0x10c6,0x10c6,0x10c6,
    0x10c6,0x10c6,0x10c6,0x10c6,0x10c6,0x10c6,0x10c6,0x10c6,0x10c6,0x10c6,0x10c6,0x10c6,0x10c6,0x10c6,0x10c6,0x10c6,
    0x10c6,0x10c6,0x10c6,0x10c6,0x10c6,0x10c6,0x10c6,0x10c6,0x10c6,0x10c6,0x10c6,0x1927,0x29ea,0x42ee,0x6c53,0x8537,
    0x8d98,0x95d9,0x95d9,0x95d9,0x95d9,0x95d9,0x95d9,0x8db8,0x8557,0x6c74,0x4b0e,0x31ea,0x1927,0x10c6,0x10c6,0x10c6,
    0x10c6,0x10c6,0x10c6,0x10c6,0x10c6,0x10c6,0x10c6,0x10e6,0x1947,0x320a,0x534f,0x6412,0x7494,0x74d5,0x7cf5,0x7cf5,
    0x7cf5,0x7cf5,0x74d5,0x6c94,0x6412,0x4b2f,0x29ea,0x1927,0x10e6,0x10c6,0x10c6,0x10c6,0x10c6,0x10c6,0x10c6,0x10c6,
    0x10c6,0x10c6,0x10c6,0x10c6,0x10c6,0x10c6,0x10c6,0x10c6,0x10c6,0x10c6,0x10c6,0x10c6,0x10c6,0x10c6,0x10c6,0x10c6,
    0x10c6,0x10c6,0x10c6,0x10c6,0x10c6,0x10c6,0x10c6,0x10c6,0x10c6,0x10c6,0x10c6,0x2107,0x496b,0x59ac,0x59ac,0x59ac,
    0x59ac,0x59ac,0x59ac,0x496b,0x2107,0x10c6,0x10c6,0x10c6,0x10c6,0x10c6,0x10c6,0x10c6,0x10c6,0x10c6,0x10c6,0x10c6,
    0x10c6,0x10c6,0x10c6,0x10c6,0x10c6,0x10c6,0x10c6,0x10c6,0x10c6,0x10c6,0x10c6,0x10c6,0x10c6,0x10c6,0x10c6,0x10c6,
    0x10c6,0x10c6,0x10c6,0x10c6,0x10c6,0x10c6,0x10c6,0x10c6,0x10c6,0x10c6,0x10c6,0x10e6,0x1927,0x29ea,0x4b2f,0x63f2,
    0x6c74,0x74d5,0x7cf5,0x7cf5,0x7cf5,0x7cf5,0x74d5,0x7494,0x6412,0x4b4f,0x2a0a,0x1927,0x10e6,0x10c6,0x10c6,0x10c6,
    0x10c6,0x10c6,0x10c6,0x10c6,0x10c6,0x10c6,0x10c6,0x1927,0x320a,0x4b0f,0x6c74,0x8557,0x8db8,0x95d9,0x95d9,0x95d9,
    0x95d9,0x95d9,0x95d9,0x8d98,0x8537,0x6c53,0x42ee,0x29ea,0x1927,0x10c6,0x10c6,0x10c6,0x10c6,0x10c6,0x10c6,0x10c6,
    0x10c6,0x10c6,0x10c6,0x10c6,0x10c6,0x10c6,0x10c6,0x10c6,0x10c6,0x10c6,0x10c6,0x10c6,0x10c6,0x10c6,0x10c6,0x10c6,
    0x10c6,0x10c6,0x10c6,0x10c6,0x10c6,0x10c6,0x10c6,0x10c6,0x10c6,0x10c6,0x10c6,0x2107,0x496b,0x59ac,0x59ac,0x59ac,
    0x59ac,0x59ac,0x59ac,0x496b,0x2107,0x10c6,0x10c6,0x10c6,0x10c6,0x10c6,0x10c6,0x10c6,0x10c6,0x10c6,0x10c6,0x10c6,
    0x10c6,0x10c6,0x10c6,0x10c6,0x10c6,0x10c6,0x10c6,0x10c6,0x10c6,0x10c6,0x10c6,0x10c6,0x10c6,0x10c6,0x10c6,0x10c6,
    0x10c6,0x10c6,0x10c6,0x10c6,0x10c6,0x10c6,0x10c6,0x10c6,0x10c6,0x10c6,0x10c6,0x10c6,0x10e6,0x1927,0x2189,0x31ea,
    0x3a6c,0x42ad,0x4aee,0x4b0e,0x4b0e,0x4aee,0x42cd,0x3a6c,0x320a,0x21a9,0x1927,0x10e6,0x10e6,0x10c6,0x10c6,0x10c6,
    0x10c6,0x10c6,0x10c6,0x10c6,0x10c6,0x10c6,0x10c6,0x29a9,0x534f,0x6c74,0x8537,0x8db8,0x95d9,0x95d9,0x95d9,0x95d9,
    0x95d9,0x95d9,0x95d9,0x8dd9,0x8db8,0x8536,0x6c53,0x4b0e,0x2189,0x10c6,0x10c6,0x10c6,0x10c6,0x10c6,0x10c6,0x10c6,
    0x10c6,0x10c6,0x10c6,0x10c6,0x10c6,0x10c6,0x10c6,0x10c6,0x10c6,0x10c6,0x10c6,0x10c6,0x10c6,0x10c6,0x10c6,0x10c6,
    0x10c6,0x10c6,0x10c6,0x10c6,0x10c6,0x10c6,0x10c6,0x10c6,0x10c6,0x10c6,0x10c6,0x2107,0x496b,0x59ac,0x59ac,0x59ac,
    0x59ac,0x59ac,0x59ac,0x496b,0x2107,0x10c6,0x10c6,0x10c6,0x10c6,0x10c6,0x10c6,0x10c6,0x10c6,0x10c6,0x10c6,0x10c6,
    0x10c6,0x10c6,0x10c6,0x10c6,0x10c6,0x10c6,0x10c6,0x10c6,0x10c6,0x10c6,0x10c6,0x10c6,0x10c6,0x10c6,0x10c6,0x10c6,
    0x10c6,0x10c6,0x10c6,0x10c6,0x10c6,0x10c6,0x10c6,0x10c6,0x10c6,0x10c6,0x10c6,0x10c6,0x10c6,0x10c6,0x10c6,0x10e6,
    0x1927,0x2168,0x29a9,0x29ca,0x29ca,0x29a9,0x2188,0x1947,0x10e6,0x10c6,0x10c6,0x10c6,0x10c6,0x10c6,0x10c6,0x10c6,
    0x10c6,0x10c6,0x10c6,0x10c6,0x10c6,0x10e6,0x10e6,0x320b,0x6432,0x8557,0x8db8,0x8db8,0x8577,0x8537,0x7d16,0x7cf5,
    0x7cf5,0x7d16,0x8537,0x8d78,0x8db8,0x8d98,0x8537,0x63f2,0x320a,0x10e6,0x10e6,0x10c6,0x10c6,0x10c6,0x10c6,0x10c6,
    0x10c6,0x10c6,0x10c6,0x10c6,0x10c6,0x10c6,0x10c6,0x10c6,0x10c6,0x10c6,0x10c6,0x10c6,0x10c6,0x10c6,0x10c6,0x10c6,
    0x10c6,0x10c6,0x10c6,0x10c6,0x10c6,0x10c6,0x10c6,0x10c6,0x10c6,0x10c6,0x10c6,0x2107,0x496b,0x59ac,0x59ac,0x59ac,
    0x59ac,0x59ac,0x59ac,0x496b,0x2107,0x10c6,0x10c6,0x10c6,0x10c6,0x10c6,0x10c6,0x10c6,0x10c6,0x10c6,0x10c6,0x10c6,
    0x10c6,0x10c6,0x10c6,0x10c6,0x10c6,0x10c6,0x10c6,0x10c6,0x10c6,0x10c6,0x10c6,0x10c6,0x10c6,0x10c6,0x10c6,0x10c6,
    0x10c6,0x10c6,0x10c6,0x10c6,0x10c6,0x10c6,0x10c6,0x10c6,0x10c6,0x10c6,0x10c6,0x10c6,0x10c6,0x10c6,0x10c6,0x10c6,
    0x10e6,0x1106,0x1927,0x1927,0x1927,0x1927,0x1907,0x10e6,0x10e6,0x10c6,0x10c6,0x10c6,0x10c6,0x10c6,0x10c6,0x10c6,
    0x10c6,0x10c6,0x10c6,0x10c6,0x10c6,0x10e6,0x1947,0x3a6c,0x7494,0x8db8,0x95d9,0x8577,0x7494,0x63f2,0x534f,0x4b0e,
    0x4b0e,0x5370,0x6412,0x74b5,0x8d78,0x8dd9,0x8d98,0x7494,0x3a6c,0x1927,0x10e6,0x10c6,0x10c6,0x10c6,0x10c6,0x10c6,
    0x10c6,0x10c6,0x10c6,0x10c6,0x10c6,0x10c6,0x10c6,0x10c6,0x10c6,0x10c6,0x10c6,0x10c6,0x10c6,0x10c6,0x10c6,0x10c6,
    0x10c6,0x10c6,0x10c6,0x10c6,0x10c6,0x10c6,0x10c6,0x10c6,0x10c6,0x10c6,0x10c6,0x2107,0x496b,0x59ac,0x59ac,0x59ac,
    0x59ac,0x59ac,0x59ac,0x496b,0x2107,0x10c6,0x10c6,0x10c6,0x10c6,0x10c6,0x10c6,0x10c6,0x10c6,0x10c6,0x10c6,0x10c6,
    0x10c6,0x10c6,0x10c6,0x10c6,0x10c6,0x10c6,0x10c6,0x10c6,0x10c6,0x10c6,0x10c6,0x10c6,0x10c6,0x10c6,0x10c6,0x10c6,
    0x10c6,0x10c6,0x10c6,0x10c6,0x10c6,0x10c6,0x10c6,0x10c6,0x10c6,0x10c6,0x10c6,0x10c6,0x10c6,0x10c6,0x10c6,0x10c6,
    0x10c6,0x10c6,0x10c6,0x10c6,0x10c6,0x10c6,0x10c6,0x10c6,0x10c6,0x10c6,0x10c6,0x10c6,0x10c6,0x10c6,0x10c6,0x10c6,
    0x10c6,0x10c6,0x10c6,0x10c6,0x10c6,0x1907,0x2168,0x42ad,0x74d5,0x95d9,0x95d9,0x8536,0x63f2,0x42ee,0x322b,0x29ca,
    0x29ca,0x322b,0x4b0e,0x6412,0x8537,0x95d9,0x95d9,0x74d5,0x42ad,0x2168,0x1107,0x10c6,0x10c6,0x10c6,0x10c6,0x10c6,
    0x10c6,0x10c6,0x10c6,0x10c6,0x10c6,0x10c6,0x10c6,0x10c6,0x10c6,0x10c6,0x10c6,0x10c6,0x10c6,0x10c6,0x10c6,0x10c6,
    0x10c6,0x10c6,0x10c6,0x10c6,0x10c6,0x10c6,0x10c6,0x10c6,0x10c6,0x10c6,0x10c6,0x2107,0x496b,0x59ac,0x59ac,0x59ac,
    0x59ac,0x59ac,0x59ac,0x496b,0x2107,0x10c6,0x10c6,0x10c6,0x10c6,0x10c6,0x10c6,0x10c6,0x10c6,0x10c6,0x10c6,0x10c6,
    0x10c6,0x10c6,0x10c6,0x10c6,0x10c6,0x10c6,0x10c6,0x10c6,0x10c6,0x10c6,0x10c6,0x10c6,0x10c6,0x10c6,0x10c6,0x10c6,
    0x10c6,0x10c6,0x10c6,0x10c6,0x10c6,0x10c6,0x10c6,0x10c6,0x10c6,0x10c6,0x10c6,0x10c6,0x10c6,0x10c6,0x10c6,0x10c6,
    0x10c6,0x10c6,0x10c6,0x10c6,0x10c6,0x10c6,0x10c6,0x10c6,0x10c6,0x10c6,0x10c6,0x10c6,0x10c6,0x10c6,0x10c6,0x10c6,
    0x10c6,0x10c6,0x10c6,0x10c6,0x10c6,0x1907,0x21a9,0x42ee,0x7cd5,0x95d9,0x95d9,0x7cf6,0x534f,0x322b,0x2168,0x1927,
    0x1927,0x2188,0x322b,0x534f,0x7d16,0x95d9,0x95d9,0x7cd5,0x42ee,0x21a9,0x1907,0x10c6,0x10c6,0x10c6,0x10c6,0x10c6,
    0x10c6,0x10c6,0x10c6,0x10c6,0x10c6,0x10c6,0x10c6,0x10c6,0x10c6,0x10c6,0x10c6,0x10c6,0x10c6,0x10c6,0x10c6,0x10c6,
    0x10c6,0x10c6,0x10c6,0x10c6,0x10c6,0x10c6,0x10c6,0x10c6,0x10c6,0x10c6,0x10c6,0x2107,0x496b,0x59ac,0x59ac,0x59ac,
    0x59ac,0x59ac,0x59ac,0x496b,0x2107,0x10c6,0x10c6,0x10c6,0x10c6,0x10c6,0x10c6,0x10c6,0x10c6,0x10c6,0x10c6,0x10c6,
    0x10c6,0x10c6,0x10c6,0x10c6,0x10c6,0x10c6,0x10c6,0x10c6,0x10c6,0x10c6,0x10c6,0x10c6,0x10e6,0x1106,0x1907,0x1927,
    0x1927,0x1927,0x1927,0x1927,0x1927,0x1927,0x1927,0x1927,0x1927,0x1927,0x1927,0x1927,0x1927,0x1927,0x1927,0x1927,
    0x1927,0x1927,0x1927,0x1927,0x1927,0x1927,0x1927,0x1927,0x1927,0x1927,0x1927,0x1927,0x1927,0x1927,0x1927,0x1927,
    0x1927,0x1927,0x1927,0x1927,0x1927,0x2168,0x320a,0x4b2f,0x7cf6,0x95d9,0x95d9,0x7cf5,0x4b0e,0x29c9,0x1927,0x10c6,
    0x10c6,0x1927,0x29c9,0x4b0e,0x7cf5,0x95d9,0x95d9,0x7cf6,0x4b2f,0x320a,0x2168,0x1927,0x1927,0x1927,0x1927,0x1927,
    0x1927,0x1907,0x1106,0x10e6,0x10c6,0x10c6,0x10c6,0x10c6,0x10c6,0x10c6,0x10c6,0x10c6,0x10c6,0x10c6,0x10c6,0x10c6,
    0x10c6,0x10c6,0x10c6,0x10c6,0x10c6,0x10c6,0x10c6,0x10c6,0x10c6,0x10c6,0x10c6,0x2107,0x496b,0x59ac,0x59ac,0x59ac,
    0x59ac,0x59ac,0x59ac,0x496b,0x2107,0x10c6,0x10c6,0x10c6,0x10c6,0x10c6,0x10c6,0x10c6,0x10c6,0x10c6,0x10c6,0x10c6,
    0x10c6,0x10c6,0x10c6,0x10c6,0x10c6,0x10c6,0x10c6,0x10c6,0x10c6,0x10c6,0x10c6,0x10e6,0x1927,0x2168,0x29a9,0x29ca,
    0x29ca,0x29ca,0x29ca,0x29ca,0x29ca,0x29ca,0x29ca,0x29ca,0x29ca,0x29ca,0x29ca,0x29ca,0x29ca,0x29ca,0x29ca,0x29ca,
    0x29ca,0x29ca,0x29ca,0x29ca,0x29ca,0x29ca,0x29ca,0x29ca,0x29ca,0x29ca,0x29ca,0x29ca,0x29ca,0x29ca,0x29ca,0x29ca,
    0x29ca,0x29ca,0x29ca,0x29ca,0x29ca,0x320b,0x3a8c,0x5b90,0x7d16,0x95d9,0x95d9,0x7cf5,0x4b0e,0x29c9,0x1927,0x10c6,
    0x10c6,0x1927,0x29c9,0x4b0e,0x7cf5,0x95d9,0x95d9,0x7d16,0x5b90,0x3a8c,0x320b,0x29ca,0x29ca,0x29ca,0x29ca,0x29ca,
    0x29ca,0x29a9,0x2168,0x1927,0x10e6,0x10c6,0x10c6,0x10c6,0x10c6,0x10c6,0x10c6,0x10c6,0x10c6,0x10c6,0x10c6,0x10c6,
    0x10c6,0x10c6,0x10c6,0x10c6,0x10c6,0x10c6,0x10c6,0x10c6,0x10c6,0x10c6,0x10c6,0x2107,0x496b,0x59ac,0x59ac,0x59ac,
    0x59ac,0x59ac,0x59ac,0x496b,0x2107,0x10c6,0x10c6,0x10c6,0x10c6,0x10c6,0x10c6,0x10c6,0x10c6,0x10c6,0x10c6,0x10c6,
    0x10c6,0x10c6,0x10c6,0x10c6,0x10c6,0x10c6,0x10c6,0x10c6,0x10c6,0x10c6,0x10e6,0x1948,0x320b,0x3a8d,0x42ee,0x4b0e,
    0x4b0e,0x4b0e,0x4b0e,0x4b0e,0x4b0e,0x4b0e,0x4b0e,0x4b0e,0x4b0e,0x4b0e,0x4b0e,0x4b0e,0x4b0e,0x4b0e,0x4b0e,0x4b0e,
    0x4b0e,0x4b0e,0x4b0e,0x4b0e,0x4b0e,0x4b0e,0x4b0e,0x4b0e,0x4b0e,0x4b0e,0x4b0e,0x4b0e,0x4b0e,0x4b0e,0x4b0e,0x4b0e,
    0x4b0e,0x4b0e,0x4b0e,0x4b0e,0x4b0e,0x534f,0x5bb0,0x6c53,0x8557,0x95d9,0x95d9,0x7cf5,0x4b0e,0x29c9,0x1927,0x10c6,
    0x10c6,0x1927,0x29c9,0x4b0e,0x7cf5,0x95d9,0x95d9,0x8557,0x6c53,0x5bb0,0x534f,0x4b0e,0x4b0e,0x4b0e,0x4b0e,0x4b0e,
    0x4b0e,0x42ee,0x3a8d,0x320b,0x1948,0x10e6,0x10c6,0x10c6,0x10c6,0x10c6,0x10c6,0x10c6,0x10c6,0x10c6,0x10c6,0x10c6,
    0x10c6,0x10c6,0x10c6,0x10c6,0x10c6,0x10c6,0x10c6,0x10c6,0x10c6,0x10c6,0x10c6,0x2107,0x496b,0x59ac,0x59ac,0x59ac,
    0x59ac,0x59ac,0x59ac,0x496b,0x2107,0x10c6,0x10c6,0x10c6,0x10c6,0x10c6,0x10c6,0x10c6,0x10c6,0x10c6,0x10c6,0x10c6,
    0x10c6,0x10c6,0x10c6,0x10c6,0x10c6,0x10c6,0x10c6,0x10c6,0x10c6,0x10e6,0x1927,0x320b,0x5bd1,0x74b4,0x7cd5,0x7cf5,
    0x7cf5,0x7cf5,0x7cf5,0x7cf5,0x7cf5,0x7cf5,0x7cf5,0x7cf5,0x7cf5,0x7cf5,0x7cf5,0x7cf5,0x7cf5,0x7cf5,0x7cf5,0x7cf5,
    0x7cf5,0x7cf5,0x7cf5,0x7cf5,0x7cf5,0x7cf5,0x7cf5,0x7cf5,0x7cf5,0x7cf5,0x7cf5,0x7cf5,0x7cf5,0x7cf5,0x7cf5,0x7cf5,
    0x7cf5,0x7cf5,0x7cf5,0x7cf5,0x7cf5,0x7cf6,0x7d16,0x8557,0x8db8,0x95d9,0x95d9,0x7cf5,0x4b0e,0x29c9,0x1927,0x10c6,
    0x10c6,0x1927,0x29c9,0x4b0e,0x7cf5,0x95d9,0x95d9,0x8db8,0x8557,0x7d16,0x7cf6,0x7cf5,0x7cf5,0x7cf5,0x7cf5,0x7cf5,
    0x7cf5,0x7cd5,0x74b4,0x5bd1,0x320b,0x1927,0x10e6,0x10c6,0x10c6,0x10c6,0x10c6,0x10c6,0x10c6,0x10c6,0x10c6,0x10c6,
    0x10c6,0x10c6,0x10c6,0x10c6,0x10c6,0x10c6,0x10c6,0x10c6,0x10c6,0x10c6,0x10c6,0x2107,0x496b,0x59ac,0x59ac,0x59ac,
    0x59ac,0x59ac,0x59ac,0x496b,0x2107,0x10c6,0x10c6,0x10c6,0x10c6,0x10c6,0x10c6,0x10c6,0x10c6,0x10c6,0x10c6,0x10c6,
    0x10c6,0x10c6,0x10c6,0x10c6,0x10c6,0x10c6,0x10c6,0x10c6,0x10c6,0x10e6,0x1947,0x3a6c,0x7494,0x8db8,0x95d9,0x95d9,
    0x95d9,0x95d9,0x95d9,0x95d9,0x95d9,0x95d9,0x95d9,0x95d9,0x95d9,0x95d9,0x95d9,0x95d9,0x95d9,0x95d9,0x95d9,0x95d9,
    0x95d9,0x95d9,0x95d9,0x95d9,0x95d9,0x95d9,0x95d9,0x95d9,0x95d9,0x95d9,0x95d9,0x95d9,0x95d9,0x95d9,0x95d9,0x95d9,
    0x95d9,0x95d9,0x95d9,0x95d9,0x95d9,0x95d9,0x95d9,0x95d9,0x95d9,0x95d9,0x95d9,0x7cf5,0x4b0e,0x29c9,0x1927,0x10c6,
    0x10c6,0x1927,0x29c9,0x4b0e,0x7cf5,0x95d9,0x95d9,0x95d9,0x95d9,0x95d9,0x95d9,0x95d9,0x95d9,0x95d9,0x95d9,0x95d9,
    0x95d9,0x95d9,0x8db8,0x7494,0x3a6c,0x1947,0x10e6,0x10c6,0x10c6,0x10c6,0x10c6,0x10c6,0x10c6,0x10c6,0x10c6,0x10c6,
    0x10c6,0x10c6,0x10c6,0x10c6,0x10c6,0x10c6,0x10c6,0x10c6,0x10c6,0x10c6,0x10c6,0x2107,0x496b,0x59ac,0x59ac,0x59ac,
    0x59ac,0x59ac,0x59ac,0x496b,0x2107,0x10c6,0x10c6,0x10c6,0x10c6,0x10c6,0x10c6,0x10c6,0x10c6,0x10c6,0x10c6,0x10c6,
    0x10c6,0x10c6,0x10c6,0x10c6,0x10c6,0x10c6,0x10c6,0x10c6,0x10c6,0x10e6,0x1947,0x3a6c,0x7494,0x8db8,0x95d9,0x95d9,
    0x95d9,0x95d9,0x95d9,0x95d9,0x95d9,0x95d9,0x95d9,0x95d9,0x95d9,0x95d9,0x95d9,0x95d9,0x95d9,0x95d9,0x95d9,0x95d9,
    0x95d9,0x95d9,0x95d9,0x95d9,0x95d9,0x95d9,0x95d9,0x95d9,0x95d9,0x95d9,0x95d9,0x95d9,0x95d9,0x95d9,0x95d9,0x95d9,
    0x95d9,0x95d9,0x95d9,0x95d9,0x95d9,0x95d9,0x95d9,0x95d9,0x95d9,0x95d9,0x95d9,0x7cf5,0x4b0e,0x29c9,0x1927,0x10c6,
    0x10c6,0x1927,0x29c9,0x4b0e,0x7cf5,0x95d9,0x95d9,0x95d9,0x95d9,0x95d9,0x95d9,0x95d9,0x95d9,0x95d9,0x95d9,0x95d9,
    0x95d9,0x95d9,0x8db8,0x7494,0x3a6c,0x1947,0x10e6,0x10c6,0x10c6,0x10c6,0x10c6,0x10c6,0x10c6,0x10c6,0x10c6,0x10c6,
    0x10c6,0x10c6,0x10c6,0x10c6,0x10c6,0x10c6,0x10c6,0x10c6,0x10c6,0x10c6,0x10c6,0x2107,0x496b,0x59ac,0x59ac,0x59ac,
    0x59ac,0x59ac,0x59ac,0x496b,0x2107,0x10c6,0x10c6,0x10c6,0x10c6,0x10c6,0x10c6,0x10c6,0x10c6,0x10c6,0x10c6,0x10c6,
    0x10c6,0x10c6,0x10c6,0x10c6,0x10c6,0x10c6,0x10c6,0x10c6,0x10c6,0x10e6,0x1927,0x320b,0x5bd1,0x74b4,0x7cd5,0x7cf5,
    0x7cf5,0x7cf5,0x7cf5,0x7cf5,0x7cf5,0x7cf5,0x7cf5,0x7cf5,0x7cf5,0x7cf5,0x7cf5,0x7cf5,0x7cf5,0x7cf5,0x7cf5,0x7cf5,
    0x7cf5,0x7cf5,0x7cf5,0x7cf5,0x7cf5,0x7cf5,0x7cf5,0x7cf5,0x7cf5,0x7cf5,0x7cf5,0x7cf5,0x7cf5,0x7cf5,0x7cf5,0x7cf5,
    0x7cf5,0x7cf5,0x7cf5,0x7cf5,0x7cf5,0x7cf6,0x7d16,0x8557,0x8db8,0x95d9,0x95d9,0x7cf5,0x4b0e,0x29c9,0x1927,0x10c6,
    0x10c6,0x1927,0x29c9,0x4b0e,0x7cf5,0x95d9,0x95d9,0x8db8,0x8557,0x7d16,0x7cf6,0x7cf5,0x7cf5,0x7cf5,0x7cf5,0x7cf5,
    0x7cf5,0x7cd5,0x74b4,0x5bd1,0x320b,0x1927,0x10e6,0x10c6,0x10c6,0x10c6,0x10c6,0x10c6,0x10c6,0x10c6,0x10c6,0x10c6,
    0x10c6,0x10c6,0x10c6,0x10c6,0x10c6,0x10c6,0x10c6,0x10c6,0x10c6,0x10c6,0x10c6,0x2107,0x496b,0x59ac,0x59ac,0x59ac,
    0x59ac,0x59ac,0x59ac,0x496b,0x2107,0x10c6,0x10c6,0x10c6,0x10c6,0x10c6,0x10c6,0x10c6,0x10c6,0x10c6,0x10c6,0x10c6,
    0x10c6,0x10c6,0x10c6,0x10c6,0x10c6,0x10c6,0x10c6,0x10c6,0x10c6,0x10c6,0x10e6,0x1948,0x320b,0x3a8d,0x42ee,0x4b0e,
    0x4b0e,0x4b0e,0x4b0e,0x4b0e,0x4b0e,0x4b0e,0x4b0e,0x4b0e,0x4b0e,0x4b0e,0x4b0e,0x4b0e,0x4b0e,0x4b0e,0x4b0e,0x4b0e,
    0x4b0e,0x4b0e,0x4b0e,0x4b0e,0x4b0e,0x4b0e,0x4b0e,0x4b0e,0x4b0e,0x4b0e,0x4b0e,0x4b0e,0x4b0e,0x4b0e,0x4b0e,0x4b0e,
    0x4b0e,0x4b0e,0x4b0e,0x4b0e,0x4b0e,0x534f,0x5bb0,0x6c53,0x8557,0x95d9,0x95d9,0x7cf5,0x4b0e,0x29c9,0x1927,0x10c6,
    0x10c6,0x1927,0x29c9,0x4b0e,0x7cf5,0x95d9,0x95d9,0x8557,0x6c53,0x5bb0,0x534f,0x4b0e,0x4b0e,0x4b0e,0x4b0e,0x4b0e,
    0x4b0e,0x42ee,0x3a8d,0x320b,0x1948,0x10e6,0x10c6,0x10c6,0x10c6,0x10c6,0x10c6,0x10c6,0x10c6,0x10c6,0x10c6,0x10c6,
    0x10c6,0x10c6,0x10c6,0x10c6,0x10c6,0x10c6,0x10c6,0x10c6,0x10c6,0x10c6,0x10c6,0x2107,0x496b,0x59ac,0x59ac,0x59ac,
    0x59ac,0x59ac,0x59ac,0x496b,0x2107,0x10c6,0x10c6,0x10c6,0x10c6,0x10c6,0x10c6,0x10c6,0x10c6,0x10c6,0x10c6,0x10c6,
    0x10c6,0x10c6,0x10c6,0x10c6,0x10c6,0x10c6,0x10c6,0x10c6,0x10c6,0x10c6,0x10c6,0x10e6,0x1927,0x2168,0x29a9,0x29ca,
    0x29ca,0x29ca,0x29ca,0x29ca,0x29ca,0x29ca,0x29ca,0x29ca,0x29ca,0x29ca,0x29ca,0x29ca,0x29ca,0x29ca,0x29ca,0x29ca,
    0x29ca,0x29ca,0x29ca,0x29ca,0x29ca,0x29ca,0x29ca,0x29ca,0x29ca,0x29ca,0x29ca,0x29ca,0x29ca,0x29ca,0x29ca,0x29ca,
    0x29ca,0x29ca,0x29ca,0x29ca,0x29ca,0x320b,0x3a8c,0x5b90,0x7d16,0x95d9,0x95d9,0x7cf5,0x4b0e,0x29c9,0x1927,0x10c6,
    0x10c6,0x1927,0x29c9,0x4b0e,0x7cf5,0x95d9,0x95d9,0x7d16,0x5b90,0x3a8c,0x320b,0x29ca,0x29ca,0x29ca,0x29ca,0x29ca,
    0x29ca,0x29a9,0x2168,0x1927,0x10e6,0x10c6,0x10c6,0x10c6,0x10c6,0x10c6,0x10c6,0x10c6,0x10c6,0x10c6,0x10c6,0x10c6,
    0x10c6,0x10c6,0x10c6,0x10c6,0x10c6,0x10c6,0x10c6,0x10c6,0x10c6,0x10c6,0x10c6,0x2107,0x496b,0x59ac,0x59ac,0x59ac,
    0x59ac,0x59ac,0x59ac,0x496b,0x2107,0x10c6,0x10c6,0x10c6,0x10c6,0x10c6,0x10c6,0x10c6,0x10c6,0x10c6,0x10c6,0x10c6,
    0x10c6,0x10c6,0x10c6,0x10c6,0x10c6,0x10c6,0x10c6,0x10c6,0x10c6,0x10c6,0x10c6,0x10c6,0x10e6,0x1106,0x1907,0x1927,
    0x1927,0x1927,0x1927,0x1927,0x1927,0x1927,0x1927,0x1927,0x1927,0x1927,0x1927,0x1927,0x1927,0x1927,0x1927,0x1927,
    0x1927,0x1927,0x1927,0x1927,0x1927,0x1927,0x1927,0x1927,0x1927,0x1927,0x1927,0x1927,0x1927,0x1927,0x1927,0x1927,
    0x1927,0x1927,0x1927,0x1927,0x1927,0x2168,0x320a,0x4b2f,0x7cf6,0x95d9,0x95d9,0x7cf5,0x4b0e,0x29c9,0x1927,0x10c6,
    0x10c6,0x1927,0x29c9,0x4b0e,0x7cf5,0x95d9,0x95d9,0x7cf6,0x4b2f,0x320a,0x2168,0x1927,0x1927,0x1927,0x1927,0x1927,
    0x1927,0x1907,0x1106,0x10e6,0x10c6,0x10c6,0x10c6,0x10c6,0x10c6,0x10c6,0x10c6,0x10c6,0x10c6,0x10c6,0x10c6,0x10c6,
    0x10c6,0x10c6,0x10c6,0x10c6,0x10c6,0x10c6,0x10c6,0x10c6,0x10c6,0x10c6,0x10c6,0x2107,0x496b,0x59ac,0x59ac,0x59ac,
    0x59ac,0x59ac,0x59ac,0x496b,0x2107,0x10c6,0x10c6,0x10c6,0x10c6,0x10c6,0x10c6,0x10c6,0x10c6,0x10c6,0x10c6,0x10c6,
    0x10c6,0x10c6,0x10c6,0x10c6,0x10c6,0x10c6,0x10c6,0x10c6,0x10c6,0x10c6,0x10c6,0x10c6,0x10c6,0x10c6,0x10c6,0x10c6,
    0x10c6,0x10c6,0x10c6,0x10c6,0x10c6,0x10c6,0x10c6,0x10c6,0x10c6,0x10c6,0x10c6,0x10c6,0x10c6,0x10c6,0x10c6,0x10c6,
    0x10c6,0x10c6,0x10c6,0x10c6,0x10c6,0x10c6,0x10c6,0x10c6,0x10c6,0x10c6,0x10c6,0x10c6,0x10c6,0x10c6,0x10c6,0x10c6,
    0x10c6,0x10c6,0x10c6,0x10c6,0x10c6,0x1907,0x21a9,0x42ee,0x7cd5,0x95d9,0x95d9,0x7d16,0x534f,0x322b,0x2188,0x1927,
    0x1927,0x2168,0x322b,0x534f,0x7cf6,0x95d9,0x95d9,0x7cd5,0x42ee,0x21a9,0x1907,0x10c6,0x10c6,0x10c6,0x10c6,0x10c6,
    0x10c6,0x10c6,0x10c6,0x10c6,0x10c6,0x10c6,0x10c6,0x10c6,0x10c6,0x10c6,0x10c6,0x10c6,0x10c6,0x10c6,0x10c6,0x10c6,
    0x10c6,0x10c6,0x10c6,0x10c6,0x10c6,0x10c6,0x10c6,0x10c6,0x10c6,0x10c6,0x10c6,0x2107,0x496b,0x59ac,0x59ac,0x59ac,
    0x59ac,0x59ac,0x59ac,0x496b,0x2107,0x10c6,0x10c6,0x10c6,0x10c6,0x10c6,0x10c6,0x10c6,0x10c6,0x10c6,0x10c6,0x10c6,
    0x10c6,0x10c6,0x10c6,0x10c6,0x10c6,0x10c6,0x10c6,0x10c6,0x10c6,0x10c6,0x10c6,0x10c6,0x10c6,0x10c6,0x10c6,0x10c6,
    0x10c6,0x10c6,0x10c6,0x10c6,0x10c6,0x10c6,0x10c6,0x10c6,0x10c6,0x10c6,0x10c6,0x10c6,0x10c6,0x10c6,0x10c6,0x10c6,
    0x10c6,0x10c6,0x10c6,0x10c6,0x10c6,0x10c6,0x10c6,0x10c6,0x10c6,0x10c6,0x10c6,0x10c6,0x10c6,0x10c6,0x10c6,0x10c6,
    0x10c6,0x10c6,0x10c6,0x10c6,0x10c6,0x1107,0x2168,0x42ad,0x74d5,0x95d9,0x95d9,0x8537,0x6412,0x4b0e,0x322b,0x29ca,
    0x29ca,0x322b,0x42ee,0x63f2,0x8537,0x95d9,0x95d9,0x74d5,0x42ad,0x2168,0x1907,0x10c6,0x10c6,0x10c6,0x10c6,0x10c6,
    0x10c6,0x10c6,0x10c6,0x10c6,0x10c6,0x10c6,0x10c6,0x10c6,0x10c6,0x10c6,0x10c6,0x10c6,0x10c6,0x10c6,0x10c6,0x10c6,
    0x10c6,0x10c6,0x10c6,0x10c6,0x10c6,0x10c6,0x10c6,0x10c6,0x10c6,0x10c6,0x10c6,0x2107,0x496b,0x59ac,0x59ac,0x59ac,
    0x59ac,0x59ac,0x59ac,0x496b,0x2107,0x10c6,0x10c6,0x10c6,0x10c6,0x10c6,0x10c6,0x10c6,0x10c6,0x10c6,0x10c6,0x10c6,
    0x10c6,0x10c6,0x10c6,0x10c6,0x10c6,0x10c6,0x10c6,0x10c6,0x10c6,0x10c6,0x10c6,0x10c6,0x10c6,0x10c6,0x10c6,0x10c6,
    0x10c6,0x10c6,0x10c6,0x10c6,0x10c6,0x10c6,0x10c6,0x10c6,0x10c6,0x10e6,0x10e6,0x1907,0x1927,0x1927,0x1927,0x1927,
    0x1106,0x10e6,0x10e6,0x10c6,0x10c6,0x10c6,0x10c6,0x10c6,0x10c6,0x10c6,0x10c6,0x10c6,0x10c6,0x10c6,0x10c6,0x10c6,
    0x10c6,0x10c6,0x10c6,0x10c6,0x10c6,0x10e6,0x1927,0x3a6c,0x7494,0x8d98,0x8dd9,0x8d78,0x74b5,0x6412,0x5370,0x4b0e,
    0x4b0e,0x534f,0x63f2,0x7494,0x8577,0x95d9,0x8db8,0x7494,0x3a6c,0x1947,0x10e6,0x10c6,0x10c6,0x10c6,0x10c6,0x10c6,
    0x10c6,0x10c6,0x10c6,0x10c6,0x10c6,0x10c6,0x10c6,0x10c6,0x10c6,0x10c6,0x10c6,0x10c6,0x10c6,0x10c6,0x10c6,0x10c6,
    0x10c6,0x10c6,0x10c6,0x10c6,0x10c6,0x10c6,0x10c6,0x10c6,0x10c6,0x10c6,0x10c6,0x2107,0x496b,0x59ac,0x59ac,0x59ac,
    0x59ac,0x59ac,0x59ac,0x496b,0x2107,0x10c6,0x10c6,0x10c6,0x10c6,0x10c6,0x10c6,0x10c6,0x10c6,0x10c6,0x10c6,0x10c6,
    0x10c6,0x10c6,0x10c6,0x10c6,0x10c6,0x10c6,0x10c6,0x10c6,0x10c6,0x10c6,0x10c6,0x10c6,0x10c6,0x10c6,0x10c6,0x10c6,
    0x10c6,0x10c6,0x10c6,0x10c6,0x10c6,0x10c6,0x10c6,0x10c6,0x10c6,0x10e6,0x1947,0x2188,0x29a9,0x29ca,0x29ca,0x29a9,
    0x2168,0x1927,0x10e6,0x10c6,0x10c6,0x10c6,0x10c6,0x10c6,0x10c6,0x10c6,0x10c6,0x10c6,0x10c6,0x10c6,0x10c6,0x10c6,
    0x10c6,0x10c6,0x10c6,0x10c6,0x10c6,0x10e6,0x10e6,0x320a,0x63f2,0x8537,0x8d98,0x8db8,0x8d78,0x8537,0x7d16,0x7cf5,
    0x7cf5,0x7d16,0x8537,0x8577,0x8db8,0x8db8,0x8557,0x6412,0x320a,0x10e6,0x10e6,0x10c6,0x10c6,0x10c6,0x10c6,0x10c6,
    0x10c6,0x10c6,0x10c6,0x10c6,0x10c6,0x10c6,0x10c6,0x10c6,0x10c6,0x10c6,0x10c6,0x10c6,0x10c6,0x10c6,0x10c6,0x10c6,
    0x10c6,0x10c6,0x10c6,0x10c6,0x10c6,0x10c6,0x10c6,0x10c6,0x10c6,0x10c6,0x10c6,0x2107,0x496b,0x59ac,0x59ac,0x59ac,
    0x59ac,0x59ac,0x59ac,0x496b,0x2107,0x10c6,0x10c6,0x10c6,0x10c6,0x10c6,0x10c6,0x10c6,0x10c6,0x10c6,0x10c6,0x10c6,
    0x10c6,0x10c6,0x10c6,0x10c6,0x10c6,0x10c6,0x10c6,0x10c6,0x10c6,0x10c6,0x10c6,0x10c6,0x10c6,0x10c6,0x10c6,0x10c6,
    0x10c6,0x10c6,0x10c6,0x10c6,0x10c6,0x10e6,0x10e6,0x1927,0x29a9,0x320b,0x3a6c,0x42cd,0x4aee,0x4b0e,0x4b0e,0x4aee,
    0x42ad,0x3a6c,0x320a,0x2189,0x1927,0x10e6,0x10c6,0x10c6,0x10c6,0x10c6,0x10c6,0x10c6,0x10c6,0x10c6,0x10c6,0x10c6,
    0x10c6,0x10c6,0x10c6,0x10c6,0x10c6,0x10c6,0x10c6,0x2189,0x4b0f,0x6c53,0x8536,0x8d98,0x8dd9,0x95d9,0x95d9,0x95d9,
    0x95d9,0x95d9,0x95d9,0x95d9,0x8db8,0x8537,0x6c74,0x4b2f,0x21a9,0x10c6,0x10c6,0x10c6,0x10c6,0x10c6,0x10c6,0x10c6,
    0x10c6,0x10c6,0x10c6,0x10c6,0x10c6,0x10c6,0x10c6,0x10c6,0x10c6,0x10c6,0x10c6,0x10c6,0x10c6,0x10c6,0x10c6,0x10c6,
    0x10c6,0x10c6,0x10c6,0x10c6,0x10c6,0x10c6,0x10c6,0x10c6,0x10c6,0x10c6,0x10c6,0x2107,0x496b,0x59ac,0x59ac,0x59ac,
    0x59ac,0x59ac,0x59ac,0x496b,0x2107,0x10c6,0x10c6,0x10c6,0x10c6,0x10c6,0x10c6,0x10c6,0x10c6,0x10c6,0x10c6,0x10c6,
    0x10c6,0x10c6,0x10c6,0x10c6,0x10c6,0x10c6,0x10c6,0x10c6,0x10c6,0x10c6,0x10c6,0x10c6,0x10c6,0x10c6,0x10c6,0x10c6,
    0x10c6,0x10c6,0x10c6,0x10c6,0x10c6,0x10e6,0x1947,0x320a,0x534f,0x6412,0x7494,0x74d5,0x7cf5,0x7cf5,0x7cf5,0x7cf5,
    0x74d5,0x6c94,0x6412,0x4b2f,0x29ea,0x1927,0x10e6,0x10c6,0x10c6,0x10c6,0x10c6,0x10c6,0x10c6,0x10c6,0x10c6,0x10c6,
    0x10c6,0x10c6,0x10c6,0x10c6,0x10c6,0x10c6,0x10c6,0x1927,0x29ea,0x42ee,0x6c53,0x8537,0x8d98,0x95d9,0x95d9,0x95d9,
    0x95d9,0x95d9,0x95d9,0x8db8,0x8557,0x6c74,0x4b0e,0x31ea,0x1927,0x10c6,0x10c6,0x10c6,0x10c6,0x10c6,0x10c6,0x10c6,
    0x10c6,0x10c6,0x10c6,0x10c6,0x10c6,0x10c6,0x10c6,0x10c6,0x10c6,0x10c6,0x10c6,0x10c6,0x10c6,0x10c6,0x10c6,0x10c6,
    0x10c6,0x10c6,0x10c6,0x10c6,0x10c6,0x10c6,0x10c6,0x10c6,0x10c6,0x10c6,0x10c6,0x2107,0x496b,0x59ac,0x59ac,0x59ac,
    0x59ac,0x59ac,0x59ac,0x496b,0x2107,0x10c6,0x10c6,0x10c6,0x10c6,0x10c6,0x10c6,0x10c6,0x10c6,0x10c6,0x10c6,0x10c6,
    0x10c6,0x10c6,0x10c6,0x10c6,0x10c6,0x10c6,0x10c6,0x10c6,0x10c6,0x10c6,0x10c6,0x10c6,0x10c6,0x10c6,0x10c6,0x10c6,
    0x10c6,0x10c6,0x10c6,0x10c6,0x10c6,0x1927,0x320a,0x4b0f,0x6c74,0x8557,0x8db8,0x95d9,0x95d9,0x95d9,0x95d9,0x95d9,
    0x95d9,0x8d98,0x8537,0x6c53,0x42ee,0x29ea,0x1927,0x10c6,0x10c6,0x10c6,0x10c6,0x10c6,0x10c6,0x10c6,0x10c6,0x10c6,
    0x10c6,0x10c6,0x10c6,0x10c6,0x10c6,0x10c6,0x10c6,0x10e6,0x1927,0x29ea,0x4b2f,0x63f2,0x6c74,0x74d5,0x7cf5,0x7cf5,
    0x7cf5,0x7cf5,0x74d5,0x7494,0x6412,0x4b4f,0x2a0a,0x1927,0x10e6,0x10c6,0x10c6,0x10c6,0x10c6,0x10c6,0x10c6,0x10c6,
    0x10c6,0x10c6,0x10c6,0x10c6,0x10c6,0x10c6,0x10c6,0x10c6,0x10c6,0x10c6,0x10c6,0x10c6,0x10c6,0x10c6,0x10c6,0x10c6,
    0x10c6,0x10c6,0x10c6,0x10c6,0x10c6,0x10c6,0x10c6,0x10c6,0x10c6,0x10c6,0x10c6,0x2107,0x496b,0x59ac,0x59ac,0x59ac,
    0x59ac,0x59ac,0x59ac,0x496b,0x2107,0x10c6,0x10c6,0x10c6,0x10c6,0x10c6,0x10c6,0x10c6,0x10c6,0x10c6,0x10c6,0x10c6,
    0x10c6,0x10c6,0x10c6,0x10c6,0x10c6,0x10c6,0x10c6,0x10c6,0x10c6,0x10c6,0x10c6,0x10c6,0x10c6,0x10c6,0x10c6,0x10c6,
    0x10c6,0x10c6,0x10c6,0x10c6,0x10c6,0x29a9,0x534f,0x6c74,0x8537,0x8db8,0x95d9,0x95d9,0x95d9,0x95d9,0x95d9,0x95d9,
    0x95d9,0x8dd9,0x8db8,0x8536,0x6c53,0x4b0e,0x2189,0x10c6,0x10c6,0x10c6,0x10c6,0x10c6,0x10c6,0x10c6,0x10c6,0x10c6,
    0x10c6,0x10c6,0x10c6,0x10c6,0x10c6,0x10c6,0x10c6,0x10c6,0x10e6,0x1927,0x2189,0x31ea,0x3a6c,0x42ad,0x4aee,0x4b0e,
    0x4b0e,0x4aee,0x42cd,0x3a6c,0x320a,0x21a9,0x1927,0x10e6,0x10e6,0x10c6,0x10c6,0x10c6,0x10c6,0x10c6,0x10c6,0x10c6,
    0x10c6,0x10c6,0x10c6,0x10c6,0x10c6,0x10c6,0x10c6,0x10c6,0x10c6,0x10c6,0x10c6,0x10c6,0x10c6,0x10c6,0x10c6,0x10c6,
    0x10c6,0x10c6,0x10c6,0x10c6,0x10c6,0x10c6,0x10c6,0x10c6,0x10c6,0x10c6,0x10c6,0x2107,0x496b,0x59ac,0x59ac,0x59ac,
    0x59ac,0x59ac,0x59ac,0x496b,0x2107,0x10c6,0x10c6,0x10c6,0x10c6,0x10c6,0x10c6,0x10c6,0x10c6,0x10c6,0x10c6,0x10c6,
    0x10c6,0x10c6,0x10c6,0x10c6,0x10c6,0x10c6,0x10c6,0x10c6,0x10c6,0x10c6,0x10c6,0x10c6,0x10c6,0x10c6,0x10c6,0x10c6,
    0x10c6,0x10c6,0x10c6,0x10e6,0x10e6,0x320b,0x6432,0x8557,0x8db8,0x8db8,0x8577,0x8537,0x7d16,0x7cf5,0x7cf5,0x7d16,
    0x8537,0x8d78,0x8db8,0x8d98,0x8537,0x63f2,0x320a,0x10e6,0x10e6,0x10c6,0x10c6,0x10c6,0x10c6,0x10c6,0x10c6,0x10c6,
    0x10c6,0x10c6,0x10c6,0x10c6,0x10c6,0x10c6,0x10c6,0x10c6,0x10c6,0x10c6,0x10c6,0x10e6,0x1927,0x2168,0x29a9,0x29ca,
    0x29ca,0x29a9,0x2188,0x1947,0x10e6,0x10c6,0x10c6,0x10c6,0x10c6,0x10c6,0x10c6,0x10c6,0x10c6,0x10c6,0x10c6,0x10c6,
    0x10c6,0x10c6,0x10c6,0x10c6,0x10c6,0x10c6,0x10c6,0x10c6,0x10c6,0x10c6,0x10c6,0x10c6,0x10c6,0x10c6,0x10c6,0x10c6,
    0x10c6,0x10c6,0x10c6,0x10c6,0x10c6,0x10c6,0x10c6,0x10c6,0x10c6,0x10c6,0x10c6,0x2107,0x496b,0x59ac,0x59ac,0x59ac,
    0x59ac,0x59ac,0x59ac,0x496b,0x2107,0x10c6,0x10c6,0x10c6,0x10c6,0x10c6,0x10c6,0x10c6,0x10c6,0x10c6,0x10c6,0x10c6,
    0x10c6,0x10c6,0x10c6,0x10c6,0x10c6,0x10c6,0x10c6,0x10c6,0x10c6,0x10c6,0x10c6,0x10c6,0x10c6,0x10c6,0x10c6,0x10c6,
    0x10c6,0x10c6,0x10c6,0x10e6,0x1947,0x3a6c,0x7494,0x8db8,0x95d9,0x8577,0x7494,0x63f2,0x534f,0x4b0e,0x4b0e,0x5370,
    0x6412,0x74b5,0x8d78,0x8dd9,0x8d98,0x7494,0x3a6c,0x1927,0x10e6,0x10c6,0x10c6,0x10c6,0x10c6,0x10c6,0x10c6,0x10c6,
    0x10c6,0x10c6,0x10c6,0x10c6,0x10c6,0x10c6,0x10c6,0x10c6,0x10c6,0x10c6,0x10c6,0x10c6,0x10e6,0x1106,0x1927,0x1927,
    0x1927,0x1927,0x1907,0x10e6,0x10e6,0x10c6,0x10c6,0x10c6,0x10c6,0x10c6,0x10c6,0x10c6,0x10c6,0x10c6,0x10c6,0x10c6,
    0x10c6,0x10c6,0x10c6,0x10c6,0x10c6,0x10c6,0x10c6,0x10c6,0x10c6,0x10c6,0x10c6,0x10c6,0x10c6,0x10c6,0x10c6,0x10c6,
    0x10c6,0x10c6,0x10c6,0x10c6,0x10c6,0x10c6,0x10c6,0x10c6,0x10c6,0x10c6,0x10c6,0x2107,0x496b,0x59ac,0x59ac,0x59ac,
    0x59ac,0x59ac,0x59ac,0x496b,0x2107,0x10c6,0x10c6,0x10c6,0x10c6,0x10c6,0x10c6,0x10c6,0x10c6,0x10c6,0x10c6,0x10c6,
    0x10c6,0x10c6,0x10c6,0x10c6,0x10c6,0x10c6,0x10c6,0x10c6,0x10c6,0x10c6,0x10c6,0x10c6,0x10c6,0x10c6,0x10c6,0x10c6,
    0x10c6,0x10c6,0x10c6,0x1907,0x2168,0x42ad,0x74d5,0x95d9,0x95d9,0x8536,0x63f2,0x42ee,0x322b,0x29ca,0x29ca,0x322b,
    0x4b0e,0x6412,0x8537,0x95d9,0x95d9,0x74d5,0x42ad,0x2168,0x1107,0x10c6,0x10c6,0x10c6,0x10c6,0x10c6,0x10c6,0x10c6,
    0x10c6,0x10c6,0x10c6,0x10c6,0x10c6,0x10c6,0x10c6,0x10c6,0x10c6,0x10c6,0x10c6,0x10c6,0x10c6,0x10c6,0x10c6,0x10c6,
    0x10c6,0x10c6,0x10c6,0x10c6,0x10c6,0x10c6,0x10c6,0x10c6,0x10c6,0x10c6,0x10c6,0x10c6,0x10c6,0x10c6,0x10c6,0x10c6,
    0x10c6,0x10c6,0x10c6,0x10c6,0x10c6,0x10c6,0x10c6,0x10c6,0x10c6,0x10c6,0x10c6,0x10c6,0x10c6,0x10c6,0x10c6,0x10c6,
    0x10c6,0x10c6,0x10c6,0x10c6,0x10c6,0x10c6,0x10c6,0x10c6,0x10c6,0x10c6,0x10c6,0x2107,0x496b,0x59ac,0x59ac,0x59ac,
    0x59ac,0x59ac,0x59ac,0x496b,0x2107,0x10c6,0x10c6,0x10c6,0x10c6,0x10c6,0x10c6,0x10c6,0x10c6,0x10c6,0x10c6,0x10c6,
    0x10c6,0x10c6,0x10c6,0x10c6,0x10c6,0x10c6,0x10c6,0x10c6,0x10c6,0x10c6,0x10c6,0x10c6,0x10c6,0x10c6,0x10c6,0x10c6,
    0x10c6,0x10c6,0x10c6,0x1907,0x21a9,0x42ee,0x7cd5,0x95d9,0x95d9,0x7cf6,0x534f,0x322b,0x2168,0x1927,0x1927,0x2188,
    0x322b,0x534f,0x7d16,0x95d9,0x95d9,0x7cd5,0x42ee,0x21a9,0x1907,0x10c6,0x10c6,0x10c6,0x10c6,0x10c6,0x10c6,0x10c6,
    0x10c6,0x10c6,0x10c6,0x10c6,0x10c6,0x10c6,0x10c6,0x10c6,0x10c6,0x10c6,0x10c6,0x10c6,0x10c6,0x10c6,0x10c6,0x10c6,
    0x10c6,0x10c6,0x10c6,0x10c6,0x10c6,0x10c6,0x10c6,0x10c6,0x10c6,0x10c6,0x10c6,0x10c6,0x10c6,0x10c6,0x10c6,0x10c6,
    0x10c6,0x10c6,0x10c6,0x10c6,0x10c6,0x10c6,0x10c6,0x10c6,0x10c6,0x10c6,0x10c6,0x10c6,0x10c6,0x10c6,0x10c6,0x10c6,
    0x10c6,0x10c6,0x10c6,0x10c6,0x10c6,0x10c6,0x10c6,0x10c6,0x10c6,0x10c6,0x10c6,0x2107,0x496b,0x59ac,0x59ac,0x59ac,
    0x59ac,0x59ac,0x59ac,0x496b,0x2107,0x10c6,0x10c6,0x10c6,0x10c6,0x10c6,0x10c6,0x10c6,0x10c6,0x10c6,0x10c6,0x10c6,
    0x10c6,0x10c6,0x10c6,0x10c6,0x10c6,0x10c6,0x10c6,0x10c6,0x10c6,0x10c6,0x10c6,0x10c6,0x10e6,0x1106,0x1907,0x1927,
    0x1927,0x1927,0x1927,0x2168,0x320a,0x4b2f,0x7cf6,0x95d9,0x95d9,0x7cf5,0x4b0e,0x29c9,0x1927,0x10c6,0x10c6,0x1927,
    0x29c9,0x4b0e,0x7cf5,0x95d9,0x95d9,0x7cf6,0x4b2f,0x320a,0x2168,0x1927,0x1927,0x1927,0x1927,0x1927,0x1927,0x1927,
    0x1927,0x1927,0x1927,0x1927,0x1927,0x1927,0x1927,0x1927,0x1927,0x1927,0x1927,0x1927,0x1927,0x1927,0x1927,0x1927,
    0x1927,0x1927,0x1927,0x1927,0x1927,0x1927,0x1927,0x1927,0x1927,0x1927,0x1927,0x1927,0x1927,0x1927,0x1927,0x1927,
    0x1927,0x1907,0x1106,0x10e6,0x10c6,0x10c6,0x10c6,0x10c6,0x10c6,0x10c6,0x10c6,0x10c6,0x10c6,0x10c6,0x10c6,0x10c6,
    0x10c6,0x10c6,0x10c6,0x10c6,0x10c6,0x10c6,0x10c6,0x10c6,0x10c6,0x10c6,0x10c6,0x2107,0x496b,0x59ac,0x59ac,0x59ac,
    0x59ac,0x59ac,0x59ac,0x496b,0x2107,0x10c6,0x10c6,0x10c6,0x10c6,0x10c6,0x10c6,0x10c6,0x10c6,0x10c6,0x10c6,0x10c6,
    0x10c6,0x10c6,0x10c6,0x10c6,0x10c6,0x10c6,0x10c6,0x10c6,0x10c6,0x10c6,0x10c6,0x10e6,0x1927,0x2168,0x29a9,0x29ca,
    0x29ca,0x29ca,0x29ca,0x320b,0x3a8c,0x5b90,0x7d16,0x95d9,0x95d9,0x7cf5,0x4b0e,0x29c9,0x1927,0x10c6,0x10c6,0x1927,
    0x29c9,0x4b0e,0x7cf5,0x95d9,0x95d9,0x7d16,0x5b90,0x3a8c,0x320b,0x29ca,0x29ca,0x29ca,0x29ca,0x29ca,0x29ca,0x29ca,
    0x29ca,0x29ca,0x29ca,0x29ca,0x29ca,0x29ca,0x29ca,0x29ca,0x29ca,0x29ca,0x29ca,0x29ca,0x29ca,0x29ca,0x29ca,0x29ca,
    0x29ca,0x29ca,0x29ca,0x29ca,0x29ca,0x29ca,0x29ca,0x29ca,0x29ca,0x29ca,0x29ca,0x29ca,0x29ca,0x29ca,0x29ca,0x29ca,
    0x29ca,0x29a9,0x2168,0x1927,0x10e6,0x10c6,0x10c6,0x10c6,0x10c6,0x10c6,0x10c6,0x10c6,0x10c6,0x10c6,0x10c6,0x10c6,
    0x10c6,0x10c6,0x10c6,0x10c6,0x10c6,0x10c6,0x10c6,0x10c6,0x10c6,0x10c6,0x10c6,0x2107,0x496b,0x59ac,0x59ac,0x59ac,
    0x59ac,0x59ac,0x59ac,0x496b,0x2107,0x10c6,0x10c6,0x10c6,0x10c6,0x10c6,0x10c6,0x10c6,0x10c6,0x10c6,0x10c6,0x10c6,
    0x10c6,0x10c6,0x10c6,0x10c6,0x10c6,0x10c6,0x10c6,0x10c6,0x10c6,0x10c6,0x10e6,0x1948,0x320b,0x3a8d,0x42ee,0x4b0e,
    0x4b0e,0x4b0e,0x4b0e,0x534f,0x5bb0,0x6c53,0x8557,0x95d9,0x95d9,0x7cf5,0x4b0e,0x29c9,0x1927,0x10c6,0x10c6,0x1927,
    0x29c9,0x4b0e,0x7cf5,0x95d9,0x95d9,0x8557,0x6c53,0x5bb0,0x534f,0x4b0e,0x4b0e,0x4b0e,0x4b0e,0x4b0e,0x4b0e,0x4b0e,
    0x4b0e,0x4b0e,0x4b0e,0x4b0e,0x4b0e,0x4b0e,0x4b0e,0x4b0e,0x4b0e,0x4b0e,0x4b0e,0x4b0e,0x4b0e,0x4b0e,0x4b0e,0x4b0e,
    0x4b0e,0x4b0e,0x4b0e,0x4b0e,0x4b0e,0x4b0e,0x4b0e,0x4b0e,0x4b0e,0x4b0e,0x4b0e,0x4b0e,0x4b0e,0x4b0e,0x4b0e,0x4b0e,
    0x4b0e,0x42ee,0x3a8d,0x320b,0x1948,0x10e6,0x10c6,0x10c6,0x10c6,0x10c6,0x10c6,0x10c6,0x10c6,0x10c6,0x10c6,0x10c6,
    0x10c6,0x10c6,0x10c6,0x10c6,0x10c6,0x10c6,0x10c6,0x10c6,0x10c6,0x10c6,0x10c6,0x2107,0x496b,0x59ac,0x59ac,0x59ac,
    0x59ac,0x59ac,0x59ac,0x496b,0x2107,0x10c6,0x10c6,0x10c6,0x10c6,0x10c6,0x10c6,0x10c6,0x10c6,0x10c6,0x10c6,0x10c6,
    0x10c6,0x10c6,0x10c6,0x10c6,0x10c6,0x10c6,0x10c6,0x10c6,0x10c6,0x10e6,0x1927,0x320b,0x5bd1,0x74b4,0x7cd5,0x7cf5,
    0x7cf5,0x7cf5,0x7cf5,0x7cf6,0x7d16,0x8557,0x8db8,0x95d9,0x95d9,0x7cf5,0x4b0e,0x29c9,0x1927,0x10c6,0x10c6,0x1927,
    0x29c9,0x4b0e,0x7cf5,0x95d9,0x95d9,0x8db8,0x8557,0x7d16,0x7cf6,0x7cf5,0x7cf5,0x7cf5,0x7cf5,0x7cf5,0x7cf5,0x7cf5,
    0x7cf5,0x7cf5,0x7cf5,0x7cf5,0x7cf5,0x7cf5,0x7cf5,0x7cf5,0x7cf5,0x7cf5,0x7cf5,0x7cf5,0x7cf5,0x7cf5,0x7cf5,0x7cf5,
    0x7cf5,0x7cf5,0x7cf5,0x7cf5,0x7cf5,0x7cf5,0x7cf5,0x7cf5,0x7cf5,0x7cf5,0x7cf5,0x7cf5,0x7cf5,0x7cf5,0x7cf5,0x7cf5,
    0x7cf5,0x7cd5,0x74b4,0x5bd1,0x320b,0x1927,0x10e6,0x10c6,0x10c6,0x10c6,0x10c6,0x10c6,0x10c6,0x10c6,0x10c6,0x10c6,
    0x10c6,0x10c6,0x10c6,0x10c6,0x10c6,0x10c6,0x10c6,0x10c6,0x10c6,0x10c6,0x10c6,0x2107,0x496b,0x59ac,0x59ac,0x59ac,
    0x59ac,0x59ac,0x59ac,0x496b,0x2107,0x10c6,0x10c6,0x10c6,0x10c6,0x10c6,0x10c6,0x10c6,0x10c6,0x10c6,0x10c6,0x10c6,
    0x10c6,0x10c6,0x10c6,0x10c6,0x10c6,0x10c6,0x10c6,0x10c6,0x10c6,0x10e6,0x1947,0x3a6c,0x7494,0x8db8,0x95d9,0x95d9,
    0x95d9,0x95d9,0x95d9,0x95d9,0x95d9,0x95d9,0x95d9,0x95d9,0x95d9,0x7cf5,0x4b0e,0x29c9,0x1927,0x10c6,0x10c6,0x1927,
    0x29c9,0x4b0e,0x7cf5,0x95d9,0x95d9,0x95d9,0x95d9,0x95d9,0x95d9,0x95d9,0x95d9,0x95d9,0x95d9,0x95d9,0x95d9,0x95d9,
    0x95d9,0x95d9,0x95d9,0x95d9,0x95d9,0x95d9,0x95d9,0x95d9,0x95d9,0x95d9,0x95d9,0x95d9,0x95d9,0x95d9,0x95d9,0x95d9,
    0x95d9,0x95d9,0x95d9,0x95d9,0x95d9,0x95d9,0x95d9,0x95d9,0x95d9,0x95d9,0x95d9,0x95d9,0x95d9,0x95d9,0x95d9,0x95d9,
    0x95d9,0x95d9,0x8db8,0x7494,0x3a6c,0x1947,0x10e6,0x10c6,0x10c6,0x10c6,0x10c6,0x10c6,0x10c6,0x10c6,0x10c6,0x10c6,
    0x10c6,0x10c6,0x10c6,0x10c6,0x10c6,0x10c6,0x10c6,0x10c6,0x10c6,0x10c6,0x10c6,0x2107,0x496b,0x59ac,0x59ac,0x59ac,
    0x59ac,0x59ac,0x59ac,0x496b,0x2107,0x10c6,0x10c6,0x10c6,0x10c6,0x10c6,0x10c6,0x10c6,0x10c6,0x10c6,0x10c6,0x10c6,
    0x10c6,0x10c6,0x10c6,0x10c6,0x10c6,0x10c6,0x10c6,0x10c6,0x10c6,0x10e6,0x1947,0x3a6c,0x7494,0x8db8,0x95d9,0x95d9,
    0x95d9,0x95d9,0x95d9,0x95d9,0x95d9,0x95d9,0x95d9,0x95d9,0x95d9,0x7cf5,0x4b0e,0x29c9,0x1927,0x10c6,0x10c6,0x1927,
    0x29c9,0x4b0e,0x7cf5,0x95d9,0x95d9,0x95d9,0x95d9,0x95d9,0x95d9,0x95d9,0x95d9,0x95d9,0x95d9,0x95d9,0x95d9,0x95d9,
    0x95d9,0x95d9,0x95d9,0x95d9,0x95d9,0x95d9,0x95d9,0x95d9,0x95d9,0x95d9,0x95d9,0x95d9,0x95d9,0x95d9,0x95d9,0x95d9,
    0x95d9,0x95d9,0x95d9,0x95d9,0x95d9,0x95d9,0x95d9,0x95d9,0x95d9,0x95d9,0x95d9,0x95d9,0x95d9,0x95d9,0x95d9,0x95d9,
    0x95d9,0x95d9,0x8db8,0x7494,0x3a6c,0x1947,0x10e6,0x10c6,0x10c6,0x10c6,0x10c6,0x10c6,0x10c6,0x10c6,0x10c6,0x10c6,
    0x10c6,0x10c6,0x10c6,0x10c6,0x10c6,0x10c6,0x10c6,0x10c6,0x10c6,0x10c6,0x10c6,0x2107,0x496b,0x59ac,0x59ac,0x59ac,
    0x59ac,0x59ac,0x59ac,0x496b,0x2107,0x10c6,0x10c6,0x10c6,0x10c6,0x10c6,0x10c6,0x10c6,0x10c6,0x10c6,0x10c6,0x10c6,
    0x10c6,0x10c6,0x10c6,0x10c6,0x10c6,0x10c6,0x10c6,0x10c6,0x10c6,0x10e6,0x1927,0x320b,0x5bd1,0x74b4,0x7cd5,0x7cf5,
    0x7cf5,0x7cf5,0x7cf5,0x7cf6,0x7d16,0x8557,0x8db8,0x95d9,0x95d9,0x7cf5,0x4b0e,0x29c9,0x1927,0x10c6,0x10c6,0x1927,
    0x29c9,0x4b0e,0x7cf5,0x95d9,0x95d9,0x8db8,0x8557,0x7d16,0x7cf6,0x7cf5,0x7cf5,0x7cf5,0x7cf5,0x7cf5,0x7cf5,0x7cf5,
    0x7cf5,0x7cf5,0x7cf5,0x7cf5,0x7cf5,0x7cf5,0x7cf5,0x7cf5,0x7cf5,0x7cf5,0x7cf5,0x7cf5,0x7cf5,0x7cf5,0x7cf5,0x7cf5,
    0x7cf5,0x7cf5,0x7cf5,0x7cf5,0x7cf5,0x7cf5,0x7cf5,0x7cf5,0x7cf5,0x7cf5,0x7cf5,0x7cf5,0x7cf5,0x7cf5,0x7cf5,0x7cf5,
    0x7cf5,0x7cd5,0x74b4,0x5bd1,0x320b,0x1927,0x10e6,0x10c6,0x10c6,0x10c6,0x10c6,0x10c6,0x10c6,0x10c6,0x10c6,0x10c6,
    0x10c6,0x10c6,0x10c6,0x10c6,0x10c6,0x10c6,0x10c6,0x10c6,0x10c6,0x10c6,0x10c6,0x2107,0x496b,0x59ac,0x59ac,0x59ac,
    0x59ac,0x59ac,0x59ac,0x496b,0x2107,0x10c6,0x10c6,0x10c6,0x10c6,0x10c6,0x10c6,0x10c6,0x10c6,0x10c6,0x10c6,0x10c6,
    0x10c6,0x10c6,0x10c6,0x10c6,0x10c6,0x10c6,0x10c6,0x10c6,0x10c6,0x10c6,0x10e6,0x1948,0x320b,0x3a8d,0x42ee,0x4b0e,
    0x4b0e,0x4b0e,0x4b0e,0x534f,0x5bb0,0x6c53,0x8557,0x95d9,0x95d9,0x7cf5,0x4b0e,0x29c9,0x1927,0x10c6,0x10c6,0x1927,
    0x29c9,0x4b0e,0x7cf5,0x95d9,0x95d9,0x8557,0x6c53,0x5bb0,0x534f,0x4b0e,0x4b0e,0x4b0e,0x4b0e,0x4b0e,0x4b0e,0x4b0e,
    0x4b0e,0x4b0e,0x4b0e,0x4b0e,0x4b0e,0x4b0e,0x4b0e,0x4b0e,0x4b0e,0x4b0e,0x4b0e,0x4b0e,0x4b0e,0x4b0e,0x4b0e,0x4b0e,
    0x4b0e,0x4b0e,0x4b0e,0x4b0e,0x4b0e,0x4b0e,0x4b0e,0x4b0e,0x4b0e,0x4b0e,0x4b0e,0x4b0e,0x4b0e,0x4b0e,0x4b0e,0x4b0e,
    0x4b0e,0x42ee,0x3a8d,0x320b,0x1948,0x10e6,0x10c6,0x10c6,0x10c6,0x10c6,0x10c6,0x10c6,0x10c6,0x10c6,0x10c6,0x10c6,
    0x10c6,0x10c6,0x10c6,0x10c6,0x10c6,0x10c6,0x10c6,0x10c6,0x10c6,0x10c6,0x10c6,0x2107,0x496b,0x59ac,0x59ac,0x59ac,
    0x59ac,0x59ac,0x59ac,0x496b,0x2107,0x10c6,0x10c6,0x10c6,0x10c6,0x10c6,0x10c6,0x10c6,0x10c6,0x10c6,0x10c6,0x10c6,
    0x10c6,0x10c6,0x10c6,0x10c6,0x10c6,0x10c6,0x10c6,0x10c6,0x10c6,0x10c6,0x10c6,0x10e6,0x1927,0x2168,0x29a9,0x29ca,
    0x29ca,0x29ca,0x29ca,0x320b,0x3a8c,0x5b90,0x7d16,0x95d9,0x95d9,0x7cf5,0x4b0e,0x29c9,0x1927,0x10c6,0x10c6,0x1927,
    0x29c9,0x4b0e,0x7cf5,0x95d9,0x95d9,0x7d16,0x5b90,0x3a8c,0x320b,0x29ca,0x29ca,0x29ca,0x29ca,0x29ca,0x29ca,0x29ca,
    0x29ca,0x29ca,0x29ca,0x29ca,0x29ca,0x29ca,0x29ca,0x29ca,0x29ca,0x29ca,0x29ca,0x29ca,0x29ca,0x29ca,0x29ca,0x29ca,
    0x29ca,0x29ca,0x29ca,0x29ca,0x29ca,0x29ca,0x29ca,0x29ca,0x29ca,0x29ca,0x29ca,0x29ca,0x29ca,0x29ca,0x29ca,0x29ca,
    0x29ca,0x29a9,0x2168,0x1927,0x10e6,0x10c6,0x10c6,0x10c6,0x10c6,0x10c6,0x10c6,0x10c6,0x10c6,0x10c6,0x10c6,0x10c6,
    0x10c6,0x10c6,0x10c6,0x10c6,0x10c6,0x10c6,0x10c6,0x10c6,0x10c6,0x10c6,0x10c6,0x2107,0x496b,0x59ac,0x59ac,0x59ac,
    0x59ac,0x59ac,0x59ac,0x496b,0x2107,0x10c6,0x10c6,0x10c6,0x10c6,0x10c6,0x10c6,0x10c6,0x10c6,0x10c6,0x10c6,0x10c6,
    0x10c6,0x10c6,0x10c6,0x10c6,0x10c6,0x10c6,0x10c6,0x10c6,0x10c6,0x10c6,0x10c6,0x10c6,0x10e6,0x1106,0x1907,0x1927,
    0x1927,0x1927,0x1927,0x2168,0x320a,0x4b2f,0x7cf6,0x95d9,0x95d9,0x7cf5,0x4b0e,0x29c9,0x1927,0x10c6,0x10c6,0x1927,
    0x29c9,0x4b0e,0x7cf5,0x95d9,0x95d9,0x7cf6,0x4b2f,0x320a,0x2168,0x1927,0x1927,0x1927,0x1927,0x1927,0x1927,0x1927,
    0x1927,0x1927,0x1927,0x1927,0x1927,0x1927,0x1927,0x1927,0x1927,0x1927,0x1927,0x1927,0x1927,0x1927,0x1927,0x1927,
    0x1927,0x1927,0x1927,0x1927,0x1927,0x1927,0x1927,0x1927,0x1927,0x1927,0x1927,0x1927,0x1927,0x1927,0x1927,0x1927,
    0x1927,0x1907,0x1106,0x10e6,0x10c6,0x10c6,0x10c6,0x10c6,0x10c6,0x10c6,0x10c6,0x10c6,0x10c6,0x10c6,0x10c6,0x10c6,
    0x10c6,0x10c6,0x10c6,0x10c6,0x10c6,0x10c6,0x10c6,0x10c6,0x10c6,0x10c6,0x10c6,0x2107,0x496b,0x59ac,0x59ac,0x59ac,
    0x59ac,0x59ac,0x59ac,0x496b,0x2107,0x10c6,0x10c6,0x10c6,0x10c6,0x10c6,0x10c6,0x10c6,0x10c6,0x10c6,0x10c6,0x10c6,
    0x10c6,0x10c6,0x10c6,0x10c6,0x10c6,0x10c6,0x10c6,0x10c6,0x10c6,0x10c6,0x10c6,0x10c6,0x10c6,0x10c6,0x10c6,0x10c6,
    0x10c6,0x10c6,0x10c6,0x1907,0x21a9,0x42ee,0x7cd5,0x95d9,0x95d9,0x7d16,0x534f,0x322b,0x2188,0x1927,0x1927,0x2168,
    0x322b,0x534f,0x7cf6,0x95d9,0x95d9,0x7cd5,0x42ee,0x21a9,0x1907,0x10c6,0x10c6,0x10c6,0x10c6,0x10c6,0x10c6,0x10c6,
    0x10c6,0x10c6,0x10c6,0x10c6,0x10c6,0x10c6,0x10c6,0x10c6,0x10c6,0x10c6,0x10c6,0x10c6,0x10c6,0x10c6,0x10c6,0x10c6,
    0x10c6,0x10c6,0x10c6,0x10c6,0x10c6,0x10c6,0x10c6,0x10c6,0x10c6,0x10c6,0x10c6,0x10c6,0x10c6,0x10c6,0x10c6,0x10c6,
    0x10c6,0x10c6,0x10c6,0x10c6,0x10c6,0x10c6,0x10c6,0x10c6,0x10c6,0x10c6,0x10c6,0x10c6,0x10c6,0x10c6,0x10c6,0x10c6,
    0x10c6,0x10c6,0x10c6,0x10c6,0x10c6,0x10c6,0x10c6,0x10c6,0x10c6,0x10c6,0x10c6,0x2107,0x496b,0x59ac,0x59ac,0x59ac,
    0x59ac,0x59ac,0x59ac,0x496b,0x2107,0x10c6,0x10c6,0x10c6,0x10c6,0x10c6,0x10c6,0x10c6,0x10c6,0x10c6,0x10c6,0x10c6,
    0x10c6,0x10c6,0x10c6,0x10c6,0x10c6,0x10c6,0x10c6,0x10c6,0x10c6,0x10c6,0x10c6,0x10c6,0x10c6,0x10c6,0x10c6,0x10c6,
    0x10c6,0x10c6,0x10c6,0x1107,0x2168,0x42ad,0x74d5,0x95d9,0x95d9,0x8537,0x6412,0x4b0e,0x322b,0x29ca,0x29ca,0x322b,
    0x42ee,0x63f2,0x8537,0x95d9,0x95d9,0x74d5,0x42ad,0x2168,0x1907,0x10c6,0x10c6,0x10c6,0x10c6,0x10c6,0x10c6,0x10c6,
    0x10c6,0x10c6,0x10c6,0x10c6,0x10c6,0x10c6,0x10c6,0x10c6,0x10c6,0x10c6,0x10c6,0x10c6,0x10c6,0x10c6,0x10c6,0x10c6,
    0x10c6,0x10c6,0x10c6,0x10c6,0x10c6,0x10c6,0x10c6,0x10c6,0x10c6,0x10c6,0x10c6,0x10c6,0x10c6,0x10c6,0x10c6,0x10c6,
    0x10c6,0x10c6,0x10c6,0x10c6,0x10c6,0x10c6,0x10c6,0x10c6,0x10c6,0x10c6,0x10c6,0x10c6,0x10c6,0x10c6,0x10c6,0x10c6,
    0x10c6,0x10c6,0x10c6,0x10c6,0x10c6,0x10c6,0x10c6,0x10c6,0x10c6,0x10c6,0x10c6,0x2107,0x496b,0x59ac,0x59ac,0x59ac,
    0x59ac,0x59ac,0x59ac,0x496b,0x2107,0x10c6,0x10c6,0x10c6,0x10c6,0x10c6,0x10c6,0x10c6,0x10c6,0x10c6,0x10c6,0x10c6,
    0x10c6,0x10c6,0x10c6,0x10c6,0x10c6,0x10c6,0x10c6,0x10c6,0x10c6,0x10c6,0x10c6,0x10c6,0x10c6,0x10c6,0x10c6,0x10c6,
    0x10c6,0x10c6,0x10c6,0x10e6,0x1927,0x3a6c,0x7494,0x8d98,0x8dd9,0x8d78,0x74b5,0x6412,0x5370,0x4b0e,0x4b0e,0x534f,
    0x63f2,0x7494,0x8577,0x95d9,0x8db8,0x7494,0x3a6c,0x1947,0x10e6,0x10c6,0x10c6,0x10c6,0x10c6,0x10c6,0x10c6,0x10c6,
    0x10c6,0x10c6,0x10c6,0x10c6,0x10c6,0x10c6,0x10c6,0x10c6,0x10c6,0x10c6,0x10c6,0x10c6,0x10c6,0x10c6,0x10c6,0x10c6,
    0x10c6,0x10c6,0x10c6,0x10c6,0x10c6,0x10c6,0x10c6,0x10c6,0x10c6,0x10c6,0x10c6,0x10c6,0x10c6,0x10c6,0x10c6,0x10c6,
    0x10c6,0x10c6,0x10c6,0x10c6,0x10c6,0x10c6,0x10c6,0x10c6,0x10c6,0x10c6,0x10c6,0x10c6,0x10c6,0x10c6,0x10c6,0x10c6,
    0x10c6,0x10c6,0x10c6,0x10c6,0x10c6,0x10c6,0x10c6,0x10c6,0x10c6,0x10c6,0x10c6,0x2107,0x496b,0x59ac,0x59ac,0x59ac,
    0x59ac,0x59ac,0x59ac,0x496b,0x2107,0x10c6,0x10c6,0x10c6,0x10c6,0x10c6,0x10c6,0x10c6,0x10c6,0x10c6,0x10c6,0x10c6,
    0x10c6,0x10c6,0x10c6,0x10c6,0x10c6,0x10c6,0x10c6,0x10c6,0x10c6,0x10c6,0x10c6,0x10c6,0x10c6,0x10c6,0x10c6,0x10c6,
    0x10c6,0x10c6,0x10c6,0x10e6,0x10e6,0x320a,0x63f2,0x8537,0x8d98,0x8db8,0x8d78,0x8537,0x7d16,0x7cf5,0x7cf5,0x7d16,
    0x8537,0x8577,0x8db8,0x8db8,0x8557,0x6412,0x320a,0x10e6,0x10e6,0x10c6,0x10c6,0x10c6,0x10c6,0x10c6,0x10c6,0x10c6,
    0x10c6,0x10c6,0x10c6,0x10c6,0x10c6,0x10c6,0x10c6,0x10c6,0x10c6,0x10c6,0x10c6,0x10c6,0x10c6,0x10c6,0x10c6,0x10c6,
    0x10c6,0x10c6,0x10c6,0x10c6,0x10c6,0x10c6,0x10c6,0x10c6,0x10c6,0x10c6,0x10c6,0x10c6,0x10c6,0x10c6,0x10c6,0x10c6,
    0x10c6,0x10c6,0x10c6,0x10c6,0x10c6,0x10c6,0x10c6,0x10c6,0x10c6,0x10c6,0x10c6,0x10c6,0x10c6,0x10c6,0x10c6,0x10c6,
    0x10c6,0x10c6,0x10c6,0x10c6,0x10c6,0x10c6,0x10c6,0x10c6,0x10c6,0x10c6,0x10c6,0x2107,0x496b,0x59ac,0x59ac,0x59ac,
    0x59ac,0x59ac,0x59ac,0x496b,0x2107,0x10c6,0x10c6,0x10c6,0x10c6,0x10c6,0x10c6,0x10c6,0x10c6,0x10c6,0x10c6,0x10c6,
    0x10c6,0x10c6,0x10c6,0x10c6,0x10c6,0x10c6,0x10c6,0x10c6,0x10c6,0x10c6,0x10c6,0x10c6,0x10c6,0x10c6,0x10c6,0x10c6,
    0x10c6,0x10c6,0x10c6,0x10c6,0x10c6,0x2189,0x4b0f,0x6c53,0x8536,0x8d98,0x8dd9,0x95d9,0x95d9,0x95d9,0x95d9,0x95d9,
    0x95d9,0x95d9,0x8db8,0x8537,0x6c74,0x4b2f,0x21a9,0x10c6,0x10c6,0x10c6,0x10c6,0x10c6,0x10c6,0x10c6,0x10c6,0x10c6,
    0x10c6,0x10c6,0x10c6,0x10c6,0x10c6,0x10c6,0x10c6,0x10c6,0x10c6,0x10c6,0x10c6,0x10c6,0x10c6,0x10c6,0x10c6,0x10c6,
    0x10c6,0x10c6,0x10c6,0x10c6,0x10c6,0x10c6,0x10c6,0x10c6,0x10c6,0x10c6,0x10c6,0x10c6,0x10c6,0x10c6,0x10c6,0x10c6,
    0x10c6,0x10c6,0x10c6,0x10c6,0x10c6,0x10c6,0x10c6,0x10c6,0x10c6,0x10c6,0x10c6,0x10c6,0x10c6,0x10c6,0x10c6,0x10c6,
    0x10c6,0x10c6,0x10c6,0x10c6,0x10c6,0x10c6,0x10c6,0x10c6,0x10c6,0x10c6,0x10c6,0x2107,0x496b,0x59ac,0x59ac,0x59ac,
    0x59ac,0x59ac,0x59ac,0x496b,0x2107,0x10c6,0x10c6,0x10c6,0x10c6,0x10c6,0x10c6,0x10c6,0x10c6,0x10c6,0x10c6,0x10c6,
    0x10c6,0x10c6,0x10c6,0x10c6,0x10c6,0x10c6,0x10c6,0x10c6,0x10c6,0x10c6,0x10c6,0x10c6,0x10c6,0x10c6,0x10c6,0x10c6,
    0x10c6,0x10c6,0x10c6,0x10c6,0x10c6,0x1927,0x29ea,0x42ee,0x6c53,0x8537,0x8d98,0x95d9,0x95d9,0x95d9,0x95d9,0x95d9,
    0x95d9,0x8db8,0x8557,0x6c74,0x4b0e,0x31ea,0x1927,0x10c6,0x10c6,0x10c6,0x10c6,0x10c6,0x10c6,0x10c6,0x10c6,0x10c6,
    0x10c6,0x10c6,0x10c6,0x10c6,0x10c6,0x10c6,0x10c6,0x10c6,0x10c6,0x10c6,0x10c6,0x10c6,0x10c6,0x10c6,0x10c6,0x10c6,
    0x10c6,0x10c6,0x10c6,0x10c6,0x10c6,0x10c6,0x10c6,0x10c6,0x10c6,0x10c6,0x10c6,0x10c6,0x10c6,0x10c6,0x10c6,0x10c6,
    0x10c6,0x10c6,0x10c6,0x10c6,0x10c6,0x10c6,0x10c6,0x10c6,0x10c6,0x10c6,0x10c6,0x10c6,0x10c6,0x10c6,0x10c6,0x10c6,
    0x10c6,0x10c6,0x10c6,0x10c6,0x10c6,0x10c6,0x10c6,0x10c6,0x10c6,0x10c6,0x10c6,0x2107,0x496b,0x59ac,0x59ac,0x59ac,
    0x59ac,0x59ac,0x59ac,0x496b,0x2107,0x10c6,0x10c6,0x10c6,0x10c6,0x10c6,0x10c6,0x10c6,0x10c6,0x10c6,0x10c6,0x10c6,
    0x10c6,0x10c6,0x10c6,0x10c6,0x10c6,0x10c6,0x10c6,0x10c6,0x10c6,0x10c6,0x10c6,0x10c6,0x10c6,0x10c6,0x10c6,0x10c6,
    0x10c6,0x10c6,0x10c6,0x10c6,0x10c6,0x10e6,0x1927,0x29ea,0x4b2f,0x63f2,0x6c74,0x74d5,0x7cf5,0x7cf5,0x7cf5,0x7cf5,
    0x74d5,0x7494,0x6412,0x4b4f,0x2a0a,0x1927,0x10e6,0x10c6,0x10c6,0x10c6,0x10c6,0x10c6,0x10c6,0x10c6,0x10c6,0x10c6,
    0x10c6,0x10c6,0x10c6,0x10c6,0x10c6,0x10c6,0x10c6,0x10c6,0x10c6,0x10c6,0x10c6,0x10c6,0x10c6,0x10c6,0x10c6,0x10c6,
    0x10c6,0x10c6,0x10c6,0x10c6,0x10c6,0x10c6,0x10c6,0x10c6,0x10c6,0x10c6,0x10c6,0x10c6,0x10c6,0x10c6,0x10c6,0x10c6,
    0x10c6,0x10c6,0x10c6,0x10c6,0x10c6,0x10c6,0x10c6,0x10c6,0x10c6,0x10c6,0x10c6,0x10c6,0x10c6,0x10c6,0x10c6,0x10c6,
    0x10c6,0x10c6,0x10c6,0x10c6,0x10c6,0x10c6,0x10c6,0x10c6,0x10c6,0x10c6,0x10c6,0x2107,0x496b,0x59ad,0x59ac,0x59ac,
    0x518c,0x598c,0x59ad,0x498b,0x2108,0x10c6,0x10c6,0x10c6,0x10c6,0x10c6,0x10c6,0x10c6,0x10c6,0x10c6,0x10c6,0x10c6,
    0x10c6,0x10c6,0x10c6,0x10c6,0x10c6,0x10c6,0x10c6,0x10c6,0x10c6,0x10c6,0x10c6,0x10c6,0x10c6,0x10c6,0x10c6,0x10c6,
    0x10c6,0x10c6,0x10c6,0x10c6,0x10c6,0x10c6,0x10e6,0x1927,0x2189,0x31ea,0x3a6c,0x42ad,0x4aee,0x4b0e,0x4b0e,0x4aee,
    0x42cd,0x3a6c,0x320a,0x21a9,0x1927,0x10e6,0x10e6,0x10c6,0x10c6,0x10c6,0x10c6,0x10c6,0x10c6,0x10c6,0x10c6,0x10c6,
    0x10c6,0x10c6,0x10c6,0x10c6,0x10c6,0x10c6,0x10c6,0x10c6,0x10c6,0x10c6,0x10c6,0x10c6,0x10c6,0x10c6,0x10c6,0x10c6,
    0x10c6,0x10c6,0x10c6,0x10c6,0x10c6,0x10c6,0x10c6,0x10c6,0x10c6,0x10c6,0x10c6,0x10c6,0x10c6,0x10c6,0x10c6,0x10c6,
    0x10c6,0x10c6,0x10c6,0x10c6,0x10c6,0x10c6,0x10c6,0x10c6,0x10c6,0x10c6,0x10c6,0x10c6,0x10c6,0x10c6,0x10c6,0x10c6,
    0x10c6,0x10c6,0x10c6,0x10c6,0x10c6,0x10c6,0x10c6,0x10c6,0x10c6,0x10c6,0x10c6,0x2108,0x498b,0x59ad,0x598c,0x518c,
    0x498b,0x518c,0x61ad,0x518c,0x2908,0x10c6,0x10c6,0x10c6,0x10c6,0x10c6,0x10c6,0x10c6,0x10c6,0x10c6,0x10c6,0x10c6,
    0x10c6,0x10c6,0x10c6,0x10c6,0x10c6,0x10c6,0x10c6,0x10c6,0x10c6,0x10c6,0x10c6,0x10c6,0x10c6,0x10c6,0x10c6,0x10c6,
    0x10c6,0x10c6,0x10c6,0x10c6,0x10c6,0x10c6,0x10c6,0x10c6,0x10c6,0x10e6,0x1927,0x2168,0x29a9,0x29ca,0x29ca,0x29a9,
    0x2188,0x1947,0x10e6,0x10c6,0x10c6,0x10c6,0x10c6,0x10c6,0x10c6,0x10c6,0x10c6,0x10c6,0x10c6,0x10c6,0x10c6,0x10c6,
    0x10c6,0x10c6,0x10c6,0x10c6,0x10c6,0x10c6,0x10c6,0x10c6,0x10c6,0x10c6,0x10c6,0x10c6,0x10c6,0x10c6,0x10c6,0x10c6,
    0x10c6,0x10c6,0x10c6,0x10c6,0x10c6,0x10c6,0x10c6,0x10c6,0x10c6,0x10c6,0x10c6,0x10c6,0x10c6,0x10c6,0x10c6,0x10c6,
    0x10c6,0x10c6,0x10c6,0x10c6,0x10c6,0x10c6,0x10c6,0x10c6,0x10c6,0x10c6,0x10c6,0x10c6,0x10c6,0x10c6,0x10c6,0x10c6,
    0x10c6,0x10c6,0x10c6,0x10c6,0x10c6,0x10c6,0x10c6,0x10c6,0x10c6,0x10c6,0x10c6,0x2108,0x518b,0x61ad,0x518c,0x518b,
    0x416a,0x518b,0x61cd,0x598c,0x2908,0x10c6,0x10c6,0x10c6,0x10c6,0x10c6,0x10c6,0x10c6,0x10c6,0x10c6,0x10c6,0x10c6,
    0x10c6,0x10c6,0x10c6,0x10c6,0x10c6,0x10c6,0x10c6,0x10c6,0x10c6,0x10c6,0x10c6,0x10c6,0x10c6,0x10c6,0x10c6,0x10c6,
    0x10c6,0x10c6,0x10c6,0x10c6,0x10c6,0x10c6,0x10c6,0x10c6,0x10c6,0x10c6,0x10e6,0x1106,0x1927,0x1927,0x1927,0x1927,
    0x1907,0x10e6,0x10e6,0x10c6,0x10c6,0x10c6,0x10c6,0x10c6,0x10c6,0x10c6,0x10c6,0x10c6,0x10c6,0x10c6,0x10c6,0x10c6,
    0x10c6,0x10c6,0x10c6,0x10c6,0x10c6,0x10c6,0x10c6,0x10c6,0x10c6,0x10c6,0x10c6,0x10c6,0x10c6,0x10c6,0x10c6,0x10c6,
    0x10c6,0x10c6,0x10c6,0x10c6,0x10c6,0x10c6,0x10c6,0x10c6,0x10c6,0x10c6,0x10c6,0x10c6,0x10c6,0x10c6,0x10c6,0x10c6,
    0x10c6,0x10c6,0x10c6,0x10c6,0x10c6,0x10c6,0x10c6,0x10c6,0x10c6,0x10c6,0x10c6,0x10c6,0x10c6,0x10c6,0x10c6,0x10c6,
    0x10c6,0x10c6,0x10c6,0x10c6,0x10c6,0x10c6,0x10c6,0x10c6,0x10c6,0x10c6,0x10c6,0x2908,0x518c,0x61cd,0x518c,0x496b,
    0x394a,0x496b,0x69ce,0x61ad,0x2928,0x10c6,0x10c6,0x10c6,0x10c6,0x10c6,0x10c6,0x10c6,0x10c6,0x10c6,0x10c6,0x10c6,
    0x10c6,0x10c6,0x10c6,0x10c6,0x10c6,0x10c6,0x10c6,0x10c6,0x10c6,0x10c6,0x10c6,0x10c6,0x10c6,0x10c6,0x10c6,0x10c6,
    0x10c6,0x10c6,0x10c6,0x10c6,0x10c6,0x10c6,0x10c6,0x10c6,0x10c6,0x10c6,0x10c6,0x10c6,0x10c6,0x10c6,0x10c6,0x10c6,
    0x10c6,0x10c6,0x10c6,0x10c6,0x10c6,0x10c6,0x10c6,0x10c6,0x10c6,0x10c6,0x10c6,0x10c6,0x10c6,0x10c6,0x10c6,0x10c6,
    0x10c6,0x10c6,0x10c6,0x10c6,0x10c6,0x10c6,0x10c6,0x10c6,0x10c6,0x10c6,0x10c6,0x10c6,0x10c6,0x10c6,0x10c6,0x10c6,
    0x10c6,0x10c6,0x10c6,0x10c6,0x10c6,0x10c6,0x10c6,0x10c6,0x10c6,0x10c6,0x10c6,0x10c6,0x10c6,0x10c6,0x10c6,0x10c6,
    0x10c6,0x10c6,0x10c6,0x10c6,0x10c6,0x10c6,0x10c6,0x10c6,0x10c6,0x10c6,0x10c6,0x10c6,0x10c6,0x10c6,0x10c6,0x10c6,
    0x10c6,0x10c6,0x10c6,0x10c6,0x10c6,0x10c6,0x10c6,0x10c6,0x10c6,0x10c6,0x10c6,0x2908,0x59ad,0x69ce,0x496b,0x414a,
    0x3129,0x496b,0x71ef,0x69ce,0x3128,0x10c6,0x10c6,0x10c6,0x10c6,0x10c6,0x10c6,0x10c6,0x10c6,0x10c6,0x10c6,0x10c6,
    0x10c6,0x10c6,0x10c6,0x10c6,0x10c6,0x10c6,0x10c6,0x10c6,0x10c6,0x10c6,0x10c6,0x10c6,0x10c6,0x10c6,0x10c6,0x10c6,
    0x10c6,0x10c6,0x10c6,0x10c6,0x10c6,0x10c6,0x10c6,0x10c6,0x10c6,0x10c6,0x10c6,0x10c6,0x10c6,0x10c6,0x10c6,0x10c6,
    0x10c6,0x10c6,0x10c6,0x10c6,0x10c6,0x10c6,0x10c6,0x10c6,0x10c6,0x10c6,0x10c6,0x10c6,0x10c6,0x10c6,0x10c6,0x10c6,
    0x10c6,0x10c6,0x10c6,0x10c6,0x10c6,0x10c6,0x10c6,0x10c6,0x10c6,0x10c6,0x10c6,0x10c6,0x10c6,0x10c6,0x10c6,0x10c6,
    0x10c6,0x10c6,0x10c6,0x10c6,0x10c6,0x10c6,0x10c6,0x10c6,0x10c6,0x10c6,0x10c6,0x10c6,0x10c6,0x10c6,0x10c6,0x10c6,
    0x10c6,0x10c6,0x10c6,0x10c6,0x10c6,0x10c6,0x10c6,0x10c6,0x10c6,0x10c6,0x10c6,0x10c6,0x10c6,0x10c6,0x10c6,0x10c6,
    0x10c6,0x10c6,0x10c6,0x10c6,0x10c6,0x10c6,0x10c6,0x10c6,0x10c6,0x10c6,0x10c6,0x2928,0x61ad,0x69ce,0x496b,0x3949,
    0x2107,0x414a,0x71ef,0x71ef,0x3129,0x10e6,0x10c6,0x10c6,0x10c6,0x10c6,0x10c6,0x10c6,0x10c6,0x10c6,0x10c6,0x10c6,
    0x10c6,0x10c6,0x10c6,0x10c6,0x10c6,0x10c6,0x10c6,0x10c6,0x10c6,0x10c6,0x10c6,0x10c6,0x10c6,0x10c6,0x10c6,0x10c6,
    0x10c6,0x10c6,0x10c6,0x10c6,0x10c6,0x10c6,0x10c6,0x10c6,0x10c6,0x10c6,0x10c6,0x10c6,0x10c6,0x10c6,0x10c6,0x10c6,
    0x10c6,0x10c6,0x10c6,0x10c6,0x10c6,0x10c6,0x10c6,0x10c6,0x10c6,0x10c6,0x10c6,0x10c6,0x10c6,0x10c6,0x10c6,0x10c6,
    0x10c6,0x10c6,0x10c6,0x10c6,0x10c6,0x10c6,0x10c6,0x10c6,0x10c6,0x10c6,0x10c6,0x10c6,0x10c6,0x10c6,0x10c6,0x10c6,
    0x10c6,0x10c6,0x10c6,0x10c6,0x10c6,0x10c6,0x10c6,0x10c6,0x10c6,0x10c6,0x10c6,0x10c6,0x10c6,0x10c6,0x10c6,0x10c6,
    0x10c6,0x10c6,0x10c6,0x10c6,0x10c6,0x10c6,0x10c6,0x10c6,0x10c6,0x10c6,0x10c6,0x10c6,0x10c6,0x10c6,0x10c6,0x10c6,
    0x10c6,0x10c6,0x10c6,0x10c6,0x10c6,0x10c6,0x10c6,0x10c6,0x10c6,0x10c6,0x10c6,0x3128,0x69ce,0x71ce,0x416a,0x2928,
    0x18e6,0x3129,0x71ee,0x71ef,0x414a,0x20e7,0x10e6,0x10c6,0x10c6,0x10c6,0x10c6,0x10c6,0x10c6,0x10c6,0x10c6,0x10c6,
    0x10c6,0x10c6,0x10c6,0x10c6,0x10c6,0x10c6,0x10c6,0x10c6,0x10c6,0x10c6,0x10c6,0x10c6,0x10c6,0x10c6,0x10c6,0x10c6,
    0x10c6,0x10c6,0x10c6,0x10c6,0x10c6,0x10c6,0x10c6,0x10c6,0x10c6,0x10c6,0x10c6,0x10c6,0x10c6,0x10c6,0x10c6,0x10c6,
    0x10c6,0x10c6,0x10c6,0x10c6,0x10c6,0x10c6,0x10c6,0x10c6,0x10c6,0x10c6,0x10c6,0x10c6,0x10c6,0x10c6,0x10c6,0x10c6,
    0x10c6,0x10c6,0x10c6,0x10c6,0x10c6,0x10c6,0x10c6,0x10c6,0x10c6,0x10c6,0x10c6,0x10c6,0x10c6,0x10c6,0x10c6,0x10c6,
    0x10c6,0x10c6,0x10c6,0x10c6,0x10c6,0x10c6,0x10c6,0x10c6,0x10c6,0x10c6,0x10c6,0x10c6,0x10c6,0x10c6,0x10c6,0x10c6,
    0x10c6,0x10c6,0x10c6,0x10c6,0x10c6,0x10c6,0x10c6,0x10c6,0x10c6,0x10c6,0x10c6,0x10c6,0x10c6,0x10c6,0x10c6,0x10c6,
    0x10c6,0x10c6,0x10c6,0x10c6,0x10c6,0x10c6,0x10c6,0x10c6,0x10c6,0x10c6,0x10e6,0x3149,0x71ef,0x79ef,0x394a,0x20e7,
    0xf81f,0x2928,0x69ce,0x71ee,0x496b,0x3128,0x18e7,0x10c6,0x10c6,0x10c6,0x10c6,0x10c6,0x10c6,0x10c6,0x10c6,0x10c6,
    0x10c6,0x10c6,0x10c6,0x10c6,0x10c6,0x10c6,0x10c6,0x10c6,0x10c6,0x10c6,0x10c6,0x10c6,0x10c6,0x10c6,0x10c6,0x10c6,
    0x10c6,0x10c6,0x10c6,0x10c6,0x10c6,0x10c6,0x10c6,0x10c6,0x10c6,0x10c6,0x10c6,0x10c6,0x10c6,0x10c6,0x10c6,0x10c6,
    0x10c6,0x10c6,0x10c6,0x10c6,0x10c6,0x10c6,0x10c6,0x10c6,0x10c6,0x10c6,0x10c6,0x10c6,0x10c6,0x10c6,0x10c6,0x10c6,
    0x10c6,0x10c6,0x10c6,0x10c6,0x10c6,0x10c6,0x10c6,0x10c6,0x10c6,0x10c6,0x10c6,0x10c6,0x10c6,0x10c6,0x10c6,0x10c6,
    0x10c6,0x10c6,0x10c6,0x10c6,0x10c6,0x10c6,0x10c6,0x10c6,0x10c6,0x10c6,0x10c6,0x10c6,0x10c6,0x10c6,0x10c6,0x10c6,
    0x10c6,0x10c6,0x10c6,0x10c6,0x10c6,0x10c6,0x10c6,0x10c6,0x10c6,0x10c6,0x10c6,0x10c6,0x10c6,0x10c6,0x10c6,0x10c6,
    0x10c6,0x10c6,0x10c6,0x10c6,0x10c6,0x10c6,0x10c6,0x10c6,0x10c6,0x10e6,0x18e7,0x414a,0x71ef,0x71ef,0x3129,0x10e6,
    0xf81f,0x2908,0x518c,0x61ad,0x598c,0x416a,0x2107,0x10c6,0x10c6,0x10c6,0x10c6,0x10c6,0x10c6,0x10c6,0x10c6,0x10c6,
    0x10c6,0x10c6,0x10c6,0x10c6,0x10c6,0x10c6,0x10c6,0x10c6,0x10c6,0x10c6,0x10c6,0x10c6,0x10c6,0x10c6,0x10c6,0x10c6,
    0x10c6,0x10c6,0x10c6,0x10c6,0x10c6,0x10c6,0x10c6,0x10c6,0x10c6,0x10c6,0x10c6,0x10c6,0x10c6,0x10c6,0x10c6,0x10c6,
    0x10c6,0x10c6,0x10c6,0x10c6,0x10c6,0x10c6,0x10c6,0x10c6,0x10c6,0x10c6,0x10c6,0x10c6,0x10c6,0x10c6,0x10c6,0x10c6,
    0x10c6,0x10c6,0x10c6,0x10c6,0x10c6,0x10c6,0x10c6,0x10c6,0x10c6,0x10c6,0x10c6,0x10c6,0x10c6,0x10c6,0x10c6,0x10c6,
    0x10c6,0x10c6,0x10c6,0x10c6,0x10c6,0x10c6,0x10c6,0x10c6,0x10c6,0x10c6,0x10c6,0x10c6,0x10c6,0x10c6,0x10c6,0x10c6,
    0x10c6,0x10c6,0x10c6,0x10c6,0x10c6,0x10c6,0x10c6,0x10c6,0x10c6,0x10c6,0x10c6,0x10c6,0x10c6,0x10c6,0x10c6,0x10c6,
    0x10c6,0x10c6,0x10c6,0x10c6,0x10c6,0x10c6,0x10c6,0x10c6,0x10c6,0x18e7,0x2928,0x496b,0x71ee,0x69ce,0x3128,0x10c6,
    0xf81f,0x2107,0x414a,0x598c,0x69cd,0x598c,0x2908,0x10c6,0x10c6,0x10c6,0x10c6,0x10c6,0x10c6,0x10c6,0x10c6,0x10c6,
    0x10c6,0x10c6,0x10c6,0x10c6,0x10c6,0x10c6,0x10c6,0x10c6,0x10c6,0x10c6,0x10c6,0x10c6,0x10c6,0x10c6,0x10c6,0x10c6,
    0x10c6,0x10c6,0x10c6,0x10c6,0x10c6,0x10c6,0x10c6,0x10c6,0x10c6,0x10c6,0x10c6,0x10c6,0x10c6,0x10c6,0x10c6,0x10c6,
    0x10c6,0x10c6,0x10c6,0x10c6,0x10c6,0x10c6,0x10c6,0x10c6,0x10c6,0x10c6,0x10c6,0x10c6,0x10c6,0x10c6,0x10c6,0x10c6,
    0x10c6,0x10c6,0x10c6,0x10c6,0x10c6,0x10c6,0x10c6,0x10c6,0x10c6,0x10c6,0x10c6,0x10c6,0x10c6,0x10c6,0x10c6,0x10c6,
    0x10c6,0x10c6,0x10c6,0x10c6,0x10c6,0x10c6,0x10c6,0x10c6,0x10c6,0x10c6,0x10c6,0x10c6,0x10c6,0x10c6,0x10c6,0x10c6,
    0x10c6,0x10c6,0x10c6,0x10c6,0x10c6,0x10c6,0x10c6,0x10c6,0x10c6,0x10c6,0x10c6,0x10c6,0x10c6,0x10c6,0x10c6,0x10c6,
    0x10c6,0x10c6,0x10c6,0x10c6,0x10c6,0x10c6,0x10c6,0x10c6,0x10c6,0x20e7,0x414a,0x598c,0x61cd,0x598c,0x2908,0xf81f,
    0xf81f,0x18e6,0x2908,0x496b,0x71ef,0x69ce,0x3149,0x18e6,0x10c6,0x10c6,0x10c6,0x10c6,0x10c6,0x10c6,0x10c6,0x10c6,
    0x10c6,0x10c6,0x10c6,0x10c6,0x10c6,0x10c6,0x10c6,0x10c6,0x10c6,0x10c6,0x10c6,0x10c6,0x10c6,0x10c6,0x10c6,0x10c6,
    0x10c6,0x10c6,0x10c6,0x10c6,0x10c6,0x10c6,0x10c6,0x10c6,0x10c6,0x10c6,0x10c6,0x10c6,0x10c6,0x10c6,0x10c6,0x10c6,
    0x10c6,0x10c6,0x10c6,0x10c6,0x10c6,0x10c6,0x10c6,0x10c6,0x10c6,0x10c6,0x10c6,0x10c6,0x10c6,0x10c6,0x10c6,0x10c6,
    0x10c6,0x10c6,0x10c6,0x10c6,0x10c6,0x10c6,0x10c6,0x10c6,0x10c6,0x10c6,0x10c6,0x10c6,0x10c6,0x10c6,0x10c6,0x10c6,
    0x10c6,0x10c6,0x10c6,0x10c6,0x10c6,0x10c6,0x10c6,0x10c6,0x10c6,0x10c6,0x10c6,0x10c6,0x10c6,0x10c6,0x10c6,0x10c6,
    0x10c6,0x10c6,0x10c6,0x10c6,0x10c6,0x10c6,0x10c6,0x10c6,0x10c6,0x10c6,0x10c6,0x10c6,0x10c6,0x10c6,0x10c6,0x10c6,
    0x10c6,0x10c6,0x10c6,0x10c6,0x10c6,0x10c6,0x10c6,0x10c6,0x10c6,0x2908,0x518c,0x61cd,0x59ad,0x416a,0x2107,0xf81f,
    0xf81f,0x10c6,0x18e7,0x394a,0x71ee,0x71ef,0x416b,0x2908,0x18e6,0x10c6,0x10c6,0x10c6,0x10c6,0x10c6,0x10c6,0x10c6,
    0x10c6,0x10c6,0x10c6,0x10c6,0x10c6,0x10c6,0x10c6,0x10c6,0x10c6,0x10c6,0x10c6,0x10c6,0x10c6,0x10c6,0x10c6,0x10c6,
    0x10c6,0x10c6,0x10c6,0x10c6,0x10c6,0x10c6,0x10c6,0x10c6,0x10c6,0x10c6,0x10c6,0x10c6,0x10c6,0x10c6,0x10c6,0x10c6,
    0x10c6,0x10c6,0x10c6,0x10c6,0x10c6,0x10c6,0x10c6,0x10c6,0x10c6,0x10c6,0x10c6,0x10c6,0x10c6,0x10c6,0x10c6,0x10c6,
    0x10c6,0x10c6,0x10c6,0x10c6,0x10c6,0x10c6,0x10c6,0x10c6,0x10c6,0x10c6,0x10c6,0x10c6,0x10c6,0x10c6,0x10c6,0x10c6,
    0x10c6,0x10c6,0x10c6,0x10c6,0x10c6,0x10c6,0x10c6,0x10c6,0x10c6,0x10c6,0x10c6,0x10c6,0x10c6,0x10c6,0x10c6,0x10c6,
    0x10c6,0x10c6,0x10c6,0x10c6,0x10c6,0x10c6,0x10c6,0x10c6,0x10c6,0x10c6,0x10c6,0x10c6,0x10c6,0x10c6,0x10c6,0x10c6,
    0x10c6,0x10c6,0x10c6,0x10c6,0x10c6,0x10c6,0x10c6,0x10c6,0x18e6,0x3129,0x61cd,0x69ee,0x496b,0x3129,0x18e7,0xf81f,
    0xf81f,0x10c6,0x10c6,0x2928,0x59ac,0x69ce,0x59ac,0x416a,0x2107,0x10c6,0x10c6,0x10c6,0x10c6,0x10c6,0x10c6,0x10c6,
    0x10c6,0x10c6,0x10c6,0x10c6,0x10c6,0x10c6,0x10c6,0x10c6,0x10c6,0x10c6,0x10c6,0x10c6,0x10c6,0x10c6,0x10c6,0x10c6,
    0x10c6,0x10c6,0x10c6,0x10c6,0x10c6,0x10c6,0x10c6,0x10c6,0x10c6,0x10c6,0x10c6,0x10c6,0x10c6,0x10c6,0x10c6,0x10c6,
    0x10c6,0x10c6,0x10c6,0x10c6,0x10c6,0x10c6,0x10c6,0x10c6,0x10c6,0x10c6,0x10c6,0x10c6,0x10c6,0x10c6,0x10c6,0x10c6,
    0x10c6,0x10c6,0x10c6,0x10c6,0x10c6,0x10c6,0x10c6,0x10c6,0x10c6,0x10c6,0x10c6,0x10c6,0x10c6,0x10c6,0x10c6,0x10c6,
    0x10c6,0x10c6,0x10c6,0x10c6,0x10c6,0x10c6,0x10c6,0x10c6,0x10c6,0x10c6,0x10c6,0x10c6,0x10c6,0x10c6,0x10c6,0x10c6,
    0x10c6,0x10c6,0x10c6,0x10c6,0x10c6,0x10c6,0x10c6,0x10c6,0x10c6,0x10c6,0x10c6,0x10c6,0x10c6,0x10c6,0x10c6,0x10c6,
    0x10c6,0x10c6,0x10c6,0x10c6,0x10c6,0x10c6,0x10c6,0x18e6,0x2108,0x416a,0x71ef,0x71ee,0x394a,0x18e7,0x10e6,0xf81f,
    0xf81f,0xf81f,0xf81f,0x2107,0x416a,0x59ac,0x69ce,0x59ad,0x3129,0x18e6,0x10c6,0x10c6,0x10c6,0x10c6,0x10c6,0x10c6,
    0x10c6,0x10c6,0x10c6,0x10c6,0x10c6,0x10c6,0x10c6,0x10c6,0x10c6,0x10c6,0x10c6,0x10c6,0x10c6,0x10c6,0x10c6,0x10c6,
    0x10c6,0x10c6,0x10c6,0x10c6,0x10c6,0x10c6,0x10c6,0x10c6,0x10c6,0x10c6,0x10c6,0x10c6,0x10c6,0x10c6,0x10c6,0x10c6,
    0x10c6,0x10c6,0x10c6,0x10c6,0x10c6,0x10c6,0x10c6,0x10c6,0x10c6,0x10c6,0x10c6,0x10c6,0x10c6,0x10c6,0x10c6,0x10c6,
    0x10c6,0x10c6,0x10c6,0x10c6,0x10c6,0x10c6,0x10c6,0x10c6,0x10c6,0x10c6,0x10c6,0x10c6,0x10c6,0x10c6,0x10c6,0x10c6,
    0x10c6,0x10c6,0x10c6,0x10c6,0x10c6,0x10c6,0x10c6,0x10c6,0x10c6,0x10c6,0x10c6,0x10c6,0x10c6,0x10c6,0x10c6,0x10c6,
    0x10c6,0x10c6,0x10c6,0x10c6,0x10c6,0x10c6,0x10c6,0x10c6,0x10c6,0x10c6,0x10c6,0x10c6,0x10c6,0x10c6,0x10c6,0x10c6,
    0x10c6,0x10c6,0x10c6,0x10c6,0x10c6,0x10c6,0x10c6,0x2107,0x394a,0x598c,0x71ee,0x61ad,0x2928,0x10e6,0x10c6,0xf81f,
    0xf81f,0xf81f,0xf81f,0x18e6,0x2108,0x416a,0x71ef,0x71ef,0x416b,0x2908,0x18e6,0x10c6,0x10c6,0x10c6,0x10c6,0x10c6,
    0x10c6,0x10c6,0x10c6,0x10c6,0x10c6,0x10c6,0x10c6,0x10c6,0x10c6,0x10c6,0x10c6,0x10c6,0x10c6,0x10c6,0x10c6,0x10c6,
    0x10c6,0x10c6,0x10c6,0x10c6,0x10c6,0x10c6,0x10c6,0x10c6,0x10c6,0x10c6,0x10c6,0x10c6,0x10c6,0x10c6,0x10c6,0x10c6,
    0x10c6,0x10c6,0x10c6,0x10c6,0x10c6,0x10c6,0x10c6,0x10c6,0x10c6,0x10c6,0x10c6,0x10c6,0x10c6,0x10c6,0x10c6,0x10c6,
    0x10c6,0x10c6,0x10c6,0x10c6,0x10c6,0x10c6,0x10c6,0x10c6,0x10c6,0x10c6,0x10c6,0x10c6,0x10c6,0x10c6,0x10c6,0x10c6,
    0x10c6,0x10c6,0x10c6,0x10c6,0x10c6,0x10c6,0x10c6,0x10c6,0x10c6,0x10c6,0x10c6,0x10c6,0x10c6,0x10c6,0x10c6,0x10c6,
    0x10c6,0x10c6,0x10c6,0x10c6,0x10c6,0x10c6,0x10c6,0x10c6,0x10c6,0x10c6,0x10c6,0x10c6,0x10c6,0x10c6,0x10c6,0x10c6,
    0x10c6,0x10c6,0x10c6,0x10c6,0x10c6,0x10c6,0x10c6,0x2908,0x59ac,0x69ce,0x59ad,0x416b,0x2107,0x10c6,0x10c6,0xf81f,
    0xf81f,0xf81f,0xf81f,0x10e6,0x18e6,0x3129,0x61cd,0x71ef,0x59ad,0x416a,0x2108,0x10e6,0x10c6,0x10c6,0x10c6,0x10c6,
    0x10c6,0x10c6,0x10c6,0x10c6,0x10c6,0x10c6,0x10c6,0x10c6,0x10c6,0x10c6,0x10c6,0x10c6,0x10c6,0x10c6,0x10c6,0x10c6,
    0x10c6,0x10c6,0x10c6,0x10c6,0x10c6,0x10c6,0x10c6,0x10c6,0x10c6,0x10c6,0x10c6,0x10c6,0x10c6,0x10c6,0x10c6,0x10c6,
    0x10c6,0x10c6,0x10c6,0x10c6,0x10c6,0x10c6,0x10c6,0x10c6,0x10c6,0x10c6,0x10c6,0x10c6,0x10c6,0x10c6,0x10c6,0x10c6,
    0x10c6,0x10c6,0x10c6,0x10c6,0x10c6,0x10c6,0x10c6,0x10c6,0x10c6,0x10c6,0x10c6,0x10c6,0x10c6,0x10c6,0x10c6,0x10c6,
    0x10c6,0x10c6,0x10c6,0x10c6,0x10c6,0x10c6,0x10c6,0x10c6,0x10c6,0x10c6,0x10c6,0x10c6,0x10c6,0x10c6,0x10c6,0x10c6,
    0x10c6,0x10c6,0x10c6,0x10c6,0x10c6,0x10c6,0x10c6,0x10c6,0x10c6,0x10c6,0x10c6,0x10c6,0x10c6,0x10c6,0x10c6,0x10c6,
    0x10c6,0x10c6,0x10c6,0x10c6,0x10c6,0x18e6,0x2107,0x414a,0x69ce,0x71ce,0x496b,0x2928,0x18e7,0xf81f,0xf81f,0xf81f,
    0xf81f,0xf81f,0xf81f,0x10c6,0x10c6,0x2107,0x394a,0x59ac,0x71ef,0x69ce,0x3949,0x18e7,0x10e6,0x10c6,0x10c6,0x10c6,
    0x10c6,0x10c6,0x10c6,0x10c6,0x10c6,0x10c6,0x10c6,0x10c6,0x10c6,0x10c6,0x10c6,0x10c6,0x10c6,0x10c6,0x10c6,0x10c6,
    0x10c6,0x10c6,0x10c6,0x10c6,0x10c6,0x10c6,0x10c6,0x10c6,0x10c6,0x10c6,0x10c6,0x10c6,0x10c6,0x10c6,0x10c6,0x10c6,
    0x10c6,0x10c6,0x10c6,0x10c6,0x10c6,0x10c6,0x10c6,0x10c6,0x10c6,0x10c6,0x10c6,0x10c6,0x10c6,0x10c6,0x10c6,0x10c6,
    0x10c6,0x10c6,0x10c6,0x10c6,0x10c6,0x10c6,0x10c6,0x10c6,0x10c6,0x10c6,0x10c6,0x10c6,0x10c6,0x10c6,0x10c6,0x10c6,
    0x10c6,0x10c6,0x10c6,0x10c6,0x10c6,0x10c6,0x10c6,0x10c6,0x10c6,0x10c6,0x10c6,0x10c6,0x10c6,0x10c6,0x10c6,0x10c6,
    0x10c6,0x10c6,0x10c6,0x10c6,0x10c6,0x10c6,0x10c6,0x10c6,0x10c6,0x10c6,0x10c6,0x10c6,0x10c6,0x10c6,0x10c6,0x10c6,
    0x10c6,0x10c6,0x10c6,0x10c6,0x10c6,0x2107,0x416a,0x59ad,0x71ee,0x61ad,0x3129,0x18e7,0x10c6,0xf81f,0xf81f,0xf81f,
    0xf81f,0xf81f,0xf81f,0xf81f,0xf81f,0x18e6,0x2107,0x414a,0x69ce,0x71ef,0x518b,0x3129,0x2107,0x10c6,0x10c6,0x10c6,
    0x10c6,0x10c6,0x10c6,0x10c6,0x10c6,0x10c6,0x10c6,0x10c6,0x10c6,0x10c6,0x10c6,0x10c6,0x10c6,0x10c6,0x10c6,0x10c6,
    0x10c6,0x10c6,0x10c6,0x10c6,0x10c6,0x10c6,0x10c6,0x10c6,0x10c6,0x10c6,0x10c6,0x10c6,0x10c6,0x10c6,0x10c6,0x10c6,
    0x10c6,0x10c6,0x10c6,0x10c6,0x10c6,0x10c6,0x10c6,0x10c6,0x10c6,0x10c6,0x10c6,0x10c6,0x10c6,0x10c6,0x10c6,0x10c6,
    0x10c6,0x10c6,0x10c6,0x10c6,0x10c6,0x10c6,0x10c6,0x10c6,0x10c6,0x10c6,0x10c6,0x10c6,0x10c6,0x10c6,0x10c6,0x10c6,
    0x10c6,0x10c6,0x10c6,0x10c6,0x10c6,0x10c6,0x10c6,0x10c6,0x10c6,0x10c6,0x10c6,0x10c6,0x10c6,0x10c6,0x10c6,0x10c6,
    0x10c6,0x10c6,0x10c6,0x10c6,0x10c6,0x10c6,0x10c6,0x10c6,0x10c6,0x10c6,0x10c6,0x10c6,0x10c6,0x10c6,0x10c6,0x10c6,
    0x10c6,0x10c6,0x10c6,0x10e6,0x18e7,0x3129,0x61ad,0x69ee,0x61ad,0x496b,0x2108,0x10c6,0xf81f,0xf81f,0xf81f,0xf81f,
    0xf81f,0xf81f,0xf81f,0xf81f,0xf81f,0x10c6,0x18e6,0x2908,0x498b,0x61cd,0x71ee,0x61ad,0x3129,0x18e7,0x10e6,0x10c6,
    0x10c6,0x10c6,0x10c6,0x10c6,0x10c6,0x10c6,0x10c6,0x10c6,0x10c6,0x10c6,0x10c6,0x10c6,0x10c6,0x10c6,0x10c6,0x10c6,
    0x10c6,0x10c6,0x10c6,0x10c6,0x10c6,0x10c6,0x10c6,0x10c6,0x10c6,0x10c6,0x10c6,0x10c6,0x10c6,0x10c6,0x10c6,0x10c6,
    0x10c6,0x10c6,0x10c6,0x10c6,0x10c6,0x10c6,0x10c6,0x10c6,0x10c6,0x10c6,0x10c6,0x10c6,0x10c6,0x10c6,0x10c6,0x10c6,
    0x10c6,0x10c6,0x10c6,0x10c6,0x10c6,0x10c6,0x10c6,0x10c6,0x10c6,0x10c6,0x10c6,0x10c6,0x10c6,0x10c6,0x10c6,0x10c6,
    0x10c6,0x10c6,0x10c6,0x10c6,0x10c6,0x10c6,0x10c6,0x10c6,0x10c6,0x10c6,0x10c6,0x10c6,0x10c6,0x10c6,0x10c6,0x10c6,
    0x10c6,0x10c6,0x10c6,0x10c6,0x10c6,0x10c6,0x10c6,0x10c6,0x10c6,0x10c6,0x10c6,0x10c6,0x10c6,0x10c6,0x10c6,0x10c6,
    0x10c6,0x10c6,0x10c6,0x20e7,0x3949,0x518c,0x71ef,0x69ee,0x416a,0x2908,0x18e6,0xf81f,0xf81f,0xf81f,0xf81f,0xf81f,
    0xf81f,0xf81f,0xf81f,0xf81f,0xf81f,0xf81f,0xf81f,0x18e7,0x3129,0x498b,0x69ee,0x71ce,0x518b,0x3929,0x2107,0x18e6,
    0x10c6,0x10c6,0x10c6,0x10c6,0x10c6,0x10c6,0x10c6,0x10c6,0x10c6,0x10c6,0x10c6,0x10c6,0x10c6,0x10c6,0x10c6,0x10c6,
    0x10c6,0x10c6,0x10c6,0x10c6,0x10c6,0x10c6,0x10c6,0x10c6,0x10c6,0x10c6,0x10c6,0x10c6,0x10c6,0x10c6,0x10c6,0x10c6,
    0x10c6,0x10c6,0x10c6,0x10c6,0x10c6,0x10c6,0x10c6,0x10c6,0x10c6,0x10c6,0x10c6,0x10c6,0x10c6,0x10c6,0x10c6,0x10c6,
    0x10c6,0x10c6,0x10c6,0x10c6,0x10c6,0x10c6,0x10c6,0x10c6,0x10c6,0x10c6,0x10c6,0x10c6,0x10c6,0x10c6,0x10c6,0x10c6,
    0x10c6,0x10c6,0x10c6,0x10c6,0x10c6,0x10c6,0x10c6,0x10c6,0x10c6,0x10c6,0x10c6,0x10c6,0x10c6,0x10c6,0x10c6,0x10c6,
    0x10c6,0x10c6,0x10c6,0x10c6,0x10c6,0x10c6,0x10c6,0x10c6,0x10c6,0x10c6,0x10c6,0x10c6,0x10c6,0x10c6,0x10c6,0x10c6,
    0x10c6,0x18e6,0x2107,0x3129,0x518c,0x69cd,0x69ce,0x59ac,0x2928,0x10c6,0x10c6,0xf81f,0xf81f,0xf81f,0xf81f,0xf81f,
    0xf81f,0xf81f,0xf81f,0xf81f,0xf81f,0xf81f,0xf81f,0x10c6,0x18e7,0x3128,0x498b,0x61ad,0x71ee,0x61cd,0x394a,0x2107,
    0x18e6,0x10c6,0x10c6,0x10c6,0x10c6,0x10c6,0x10c6,0x10c6,0x10c6,0x10c6,0x10c6,0x10c6,0x10c6,0x10c6,0x10c6,0x10c6,
    0x10c6,0x10c6,0x10c6,0x10c6,0x10c6,0x10c6,0x10c6,0x10c6,0x10c6,0x10c6,0x10c6,0x10c6,0x10c6,0x10c6,0x10c6,0x10c6,
    0x10c6,0x10c6,0x10c6,0x10c6,0x10c6,0x10c6,0x10c6,0x10c6,0x10c6,0x10c6,0x10c6,0x10c6,0x10c6,0x10c6,0x10c6,0x10c6,
    0x10c6,0x10c6,0x10c6,0x10c6,0x10c6,0x10c6,0x10c6,0x10c6,0x10c6,0x10c6,0x10c6,0x10c6,0x10c6,0x10c6,0x10c6,0x10c6,
    0x10c6,0x10c6,0x10c6,0x10c6,0x10c6,0x10c6,0x10c6,0x10c6,0x10c6,0x10c6,0x10c6,0x10c6,0x10c6,0x10c6,0x10c6,0x10c6,
    0x10c6,0x10c6,0x10c6,0x10c6,0x10c6,0x10c6,0x10c6,0x10c6,0x10c6,0x10c6,0x10c6,0x10c6,0x10c6,0x10c6,0x10c6,0x10c6,
    0x10c6,0x2107,0x416a,0x61ad,0x71ef,0x69ce,0x496b,0x3129,0x18e7,0x10c6,0x10c6,0xf81f,0xf81f,0xf81f,0xf81f,0xf81f,
    0xf81f,0xf81f,0xf81f,0xf81f,0xf81f,0xf81f,0xf81f,0xf81f,0xf81f,0x18e7,0x3129,0x496b,0x69ee,0x71ef,0x518c,0x414a,
    0x2928,0x2107,0x18e6,0x10c6,0x10c6,0x10c6,0x10c6,0x10c6,0x10c6,0x10c6,0x10c6,0x10c6,0x10c6,0x10c6,0x10c6,0x10c6,
    0x10c6,0x10c6,0x10c6,0x10c6,0x10c6,0x10c6,0x10c6,0x10c6,0x10c6,0x10c6,0x10c6,0x10c6,0x10c6,0x10c6,0x10c6,0x10c6,
    0x10c6,0x10c6,0x10c6,0x10c6,0x10c6,0x10c6,0x10c6,0x10c6,0x10c6,0x10c6,0x10c6,0x10c6,0x10c6,0x10c6,0x10c6,0x10c6,
    0x10c6,0x10c6,0x10c6,0x10c6,0x10c6,0x10c6,0x10c6,0x10c6,0x10c6,0x10c6,0x10c6,0x10c6,0x10c6,0x10c6,0x10c6,0x10c6,
    0x10c6,0x10c6,0x10c6,0x10c6,0x10c6,0x10c6,0x10c6,0x10c6,0x10c6,0x10c6,0x10c6,0x10c6,0x10c6,0x10c6,0x10c6,0x10c6,
    0x10c6,0x10c6,0x10c6,0x10c6,0x10c6,0x10c6,0x10c6,0x10c6,0x10c6,0x10c6,0x10c6,0x10c6,0x10c6,0x10c6,0x18e6,0x20e7,
    0x2908,0x414a,0x59ad,0x69ee,0x69ce,0x59ac,0x3129,0x18e7,0x10c6,0xf81f,0xf81f,0xf81f,0xf81f,0xf81f,0xf81f,0xf81f,
    0xf81f,0xf81f,0xf81f,0xf81f,0xf81f,0xf81f,0xf81f,0xf81f,0xf81f,0x10c6,0x18e7,0x2928,0x416a,0x59ad,0x71ef,0x71ee,
    0x59ac,0x394a,0x2107,0x10e6,0x10c6,0x10c6,0x10c6,0x10c6,0x10c6,0x10c6,0x10c6,0x10c6,0x10c6,0x10c6,0x10c6,0x10c6,
    0x10c6,0x10c6,0x10c6,0x10c6,0x10c6,0x10c6,0x10c6,0x10c6,0x10c6,0x10c6,0x10c6,0x10c6,0x10c6,0x10c6,0x10c6,0x10c6,
    0x10c6,0x10c6,0x10c6,0x10c6,0x10c6,0x10c6,0x10c6,0x10c6,0x10c6,0x10c6,0x10c6,0x10c6,0x10c6,0x10c6,0x10c6,0x10c6,
    0x10c6,0x10c6,0x10c6,0x10c6,0x10c6,0x10c6,0x10c6,0x10c6,0x10c6,0x10c6,0x10c6,0x10c6,0x10c6,0x10c6,0x10c6,0x10c6,
    0x10c6,0x10c6,0x10c6,0x10c6,0x10c6,0x10c6,0x10c6,0x10c6,0x10c6,0x10c6,0x10c6,0x10c6,0x10c6,0x10c6,0x10c6,0x10c6,
    0x10c6,0x10c6,0x10c6,0x10c6,0x10c6,0x10c6,0x10c6,0x10c6,0x10c6,0x10c6,0x10c6,0x10c6,0x10c6,0x18e6,0x2108,0x394a,
    0x59ac,0x69ce,0x71ee,0x61cd,0x416a,0x2928,0x18e7,0x10c6,0x10c6,0xf81f,0xf81f,0xf81f,0xf81f,0xf81f,0xf81f,0xf81f,
    0xf81f,0xf81f,0xf81f,0xf81f,0xf81f,0xf81f,0xf81f,0xf81f,0xf81f,0xf81f,0xf81f,0x18e6,0x2908,0x416a,0x69ce,0x71ef,
    0x69ce,0x59ac,0x414a,0x3129,0x2908,0x18e7,0x18e6,0x10c6,0x10c6,0x10c6,0x10c6,0x10c6,0x10c6,0x10c6,0x10c6,0x10c6,
    0x10c6,0x10c6,0x10c6,0x10c6,0x10c6,0x10c6,0x10c6,0x10c6,0x10c6,0x10c6,0x10c6,0x10c6,0x10c6,0x10c6,0x10c6,0x10c6,
    0x10c6,0x10c6,0x10c6,0x10c6,0x10c6,0x10c6,0x10c6,0x10c6,0x10c6,0x10c6,0x10c6,0x10c6,0x10c6,0x10c6,0x10c6,0x10c6,
    0x10c6,0x10c6,0x10c6,0x10c6,0x10c6,0x10c6,0x10c6,0x10c6,0x10c6,0x10c6,0x10c6,0x10c6,0x10c6,0x10c6,0x10c6,0x10c6,
    0x10c6,0x10c6,0x10c6,0x10c6,0x10c6,0x10c6,0x10c6,0x10c6,0x10c6,0x10c6,0x10c6,0x10c6,0x10c6,0x10c6,0x10c6,0x10c6,
    0x10c6,0x10c6,0x10c6,0x10c6,0x10c6,0x10c6,0x10c6,0x10c6,0x10c6,0x10e6,0x18e7,0x2107,0x2908,0x3129,0x416a,0x598c,
    0x69ce,0x71ce,0x61ad,0x496b,0x2908,0x10c6,0x10c6,0xf81f,0xf81f,0xf81f,0xf81f,0xf81f,0xf81f,0xf81f,0xf81f,0xf81f,
    0xf81f,0xf81f,0xf81f,0xf81f,0xf81f,0xf81f,0xf81f,0xf81f,0xf81f,0xf81f,0xf81f,0x10c6,0x18e6,0x2107,0x3129,0x496b,
    0x61ad,0x69ce,0x71ef,0x69ce,0x498b,0x3949,0x2108,0x18e6,0x10c6,0x10c6,0x10c6,0x10c6,0x10c6,0x10c6,0x10c6,0x10c6,
    0x10c6,0x10c6,0x10c6,0x10c6,0x10c6,0x10c6,0x10c6,0x10c6,0x10c6,0x10c6,0x10c6,0x10c6,0x10c6,0x10c6,0x10c6,0x10c6,
    0x10c6,0x10c6,0x10c6,0x10c6,0x10c6,0x10c6,0x10c6,0x10c6,0x10c6,0x10c6,0x10c6,0x10c6,0x10c6,0x10c6,0x10c6,0x10c6,
    0x10c6,0x10c6,0x10c6,0x10c6,0x10c6,0x10c6,0x10c6,0x10c6,0x10c6,0x10c6,0x10c6,0x10c6,0x10c6,0x10c6,0x10c6,0x10c6,
    0x10c6,0x10c6,0x10c6,0x10c6,0x10c6,0x10c6,0x10c6,0x10c6,0x10c6,0x10c6,0x10c6,0x10c6,0x10c6,0x10c6,0x10c6,0x10c6,
    0x10c6,0x10c6,0x10c6,0x10c6,0x10c6,0x10c6,0x10c6,0x10c6,0x10e6,0x20e7,0x2928,0x414a,0x518c,0x61cd,0x71ef,0x71ee,
    0x59ad,0x496b,0x3129,0x2108,0x18e6,0x10c6,0x10c6,0xf81f,0xf81f,0xf81f,0xf81f,0xf81f,0xf81f,0xf81f,0xf81f,0xf81f,
    0xf81f,0xf81f,0xf81f,0xf81f,0xf81f,0xf81f,0xf81f,0xf81f,0xf81f,0xf81f,0xf81f,0xf81f,0xf81f,0x10e6,0x18e6,0x2908,
    0x496b,0x61ad,0x71ef,0x71ef,0x61ad,0x518c,0x416a,0x3949,0x3129,0x2928,0x2908,0x2908,0x2108,0x2107,0x2107,0x2107,
    0x2107,0x2107,0x2107,0x2107,0x2107,0x2107,0x2107,0x2107,0x2107,0x2107,0x2107,0x2107,0x2107,0x2107,0x2107,0x2107,
    0x2107,0x2107,0x2107,0x2107,0x2107,0x2107,0x2107,0x2107,0x2107,0x2107,0x2107,0x2107,0x2107,0x2107,0x2107,0x2107,
    0x2107,0x2107,0x2107,0x2107,0x2107,0x2107,0x2107,0x2107,0x2107,0x2107,0x2107,0x2107,0x2107,0x2107,0x2107,0x2107,
    0x2107,0x2107,0x2107,0x2107,0x2107,0x2107,0x2107,0x2107,0x2107,0x2107,0x2107,0x2107,0x2107,0x2107,0x2107,0x2107,
    0x2107,0x2107,0x2107,0x2108,0x2908,0x2908,0x2908,0x3128,0x3129,0x414a,0x496b,0x598c,0x61cd,0x69ee,0x71ee,0x61cd,
    0x416b,0x2928,0x18e7,0x10c6,0xf81f,0xf81f,0xf81f,0xf81f,0xf81f,0xf81f,0xf81f,0xf81f,0xf81f,0xf81f,0xf81f,0xf81f,
    0xf81f,0xf81f,0xf81f,0xf81f,0xf81f,0xf81f,0xf81f,0xf81f,0xf81f,0xf81f,0xf81f,0xf81f,0xf81f,0x10c6,0x10c6,0x18e6,
    0x2107,0x3129,0x414a,0x518c,0x61ad,0x69ce,0x71ef,0x71ef,0x69ee,0x61cd,0x59ac,0x518c,0x498b,0x496b,0x416b,0x416a,
    0x416a,0x416a,0x416a,0x416a,0x416a,0x416a,0x416a,0x416a,0x416a,0x416a,0x416a,0x416a,0x416a,0x416a,0x416a,0x416a,
    0x416a,0x416a,0x416a,0x416a,0x416a,0x416a,0x416a,0x416a,0x416a,0x416a,0x416a,0x416a,0x416a,0x416a,0x416a,0x416a,
    0x416a,0x416a,0x416a,0x416a,0x416a,0x416a,0x416a,0x416a,0x416a,0x416a,0x416a,0x416a,0x416a,0x416a,0x416a,0x416a,
    0x416a,0x416a,0x416a,0x416a,0x416a,0x416a,0x416a,0x416a,0x416a,0x416a,0x416a,0x416a,0x416a,0x416a,0x416a,0x416a,
    0x416a,0x496b,0x496b,0x518b,0x518c,0x59ad,0x61ad,0x69ce,0x71ef,0x71ef,0x71ee,0x61ce,0x59ad,0x496b,0x394a,0x2928,
    0x2107,0x18e7,0x10c6,0xf81f,0xf81f,0xf81f,0xf81f,0xf81f,0xf81f,0xf81f,0xf81f,0xf81f,0xf81f,0xf81f,0xf81f,0xf81f,
    0xf81f,0xf81f,0xf81f,0xf81f,0xf81f,0xf81f,0xf81f,0xf81f,0xf81f,0xf81f,0xf81f,0xf81f,0xf81f,0xf81f,0xf81f,0xf81f,
    0xf81f,0x18e6,0x2107,0x3129,0x496b,0x61ad,0x71ef,0x79ef,0x71ef,0x69ce,0x69ce,0x61ad,0x61ad,0x59ac,0x598c,0x59ac,
    0x59ac,0x59ac,0x59ac,0x59ac,0x59ac,0x59ac,0x59ac,0x59ac,0x59ac,0x59ac,0x59ac,0x59ac,0x59ac,0x59ac,0x59ac,0x59ac,
    0x59ac,0x59ac,0x59ac,0x59ac,0x59ac,0x59ac,0x59ac,0x59ac,0x59ac,0x59ac,0x59ac,0x59ac,0x59ac,0x59ac,0x59ac,0x59ac,
    0x59ac,0x59ac,0x59ac,0x59ac,0x59ac,0x59ac,0x59ac,0x59ac,0x59ac,0x59ac,0x59ac,0x59ac,0x59ac,0x59ac,0x59ac,0x59ac,
    0x59ac,0x59ac,0x59ac,0x59ac,0x59ac,0x59ac,0x59ac,0x59ac,0x59ac,0x59ac,0x59ac,0x59ac,0x59ac,0x59ac,0x59ac,0x59ac,
    0x59ac,0x59ac,0x59ad,0x61ad,0x61cd,0x61ce,0x69ce,0x71ee,0x79ef,0x71ef,0x69ce,0x518c,0x416a,0x3129,0x18e7,0x10e6,
    0x10c6,0xf81f,0xf81f,0xf81f,0xf81f,0xf81f,0xf81f,0xf81f,0xf81f,0xf81f,0xf81f,0xf81f,0xf81f,0xf81f,0xf81f,0xf81f,
    0xf81f,0xf81f,0xf81f,0xf81f,0xf81f,0xf81f,0xf81f,0xf81f,0xf81f,0xf81f,0xf81f,0xf81f,0xf81f,0xf81f,0xf81f,0xf81f,
    0xf81f,0x10c6,0x18e6,0x18e7,0x2107,0x2928,0x3129,0x3949,0x414a,0x496b,0x518b,0x518c,0x518c,0x59ac,0x59ac,0x59ad,
    0x59ad,0x59ad,0x59ad,0x59ad,0x59ad,0x59ad,0x59ad,0x59ad,0x59ad,0x59ad,0x59ad,0x59ad,0x59ad,0x59ad,0x59ad,0x59ad,
    0x59ad,0x59ad,0x59ad,0x59ad,0x59ad,0x59ad,0x59ad,0x59ad,0x59ad,0x59ad,0x59ad,0x59ad,0x59ad,0x59ad,0x59ad,0x59ad,
    0x59ad,0x59ad,0x59ad,0x59ad,0x59ad,0x59ad,0x59ad,0x59ad,0x59ad,0x59ad,0x59ad,0x59ad,0x59ad,0x59ad,0x59ad,0x59ad,
    0x59ad,0x59ad,0x59ad,0x59ad,0x59ad,0x59ad,0x59ad,0x59ad,0x59ad,0x59ad,0x59ad,0x59ad,0x59ad,0x59ad,0x59ad,0x59ad,
    0x59ad,0x59ad,0x598c,0x518c,0x518c,0x498b,0x496b,0x416a,0x394a,0x3129,0x3128,0x2908,0x2107,0x18e7,0x10c6,0x10c6,
    0x10c6,0xf81f,0xf81f,0xf81f,0xf81f,0xf81f,0xf81f,0xf81f,0xf81f,0xf81f,0xf81f,0xf81f,0xf81f,0xf81f,0xf81f,0xf81f,
    0xf81f,0xf81f,0xf81f,0xf81f,0xf81f,0xf81f,0xf81f,0xf81f,0xf81f,0xf81f,0xf81f,0xf81f,0xf81f,0xf81f,0xf81f,0xf81f,
    0xf81f,0xf81f,0xf81f,0xf81f,0xf81f,0x10c6,0x10c6,0x18e7,0x2908,0x3929,0x416a,0x496b,0x518c,0x598c,0x59ad,0x61ad,
    0x61ad,0x61ad,0x61ad,0x61ad,0x61ad,0x61ad,0x61ad,0x61ad,0x61ad,0x61ad,0x61ad,0x61ad,0x61ad,0x61ad,0x61ad,0x61ad,
    0x61ad,0x61ad,0x61ad,0x61ad,0x61ad,0x61ad,0x61ad,0x61ad,0x61ad,0x61ad,0x61ad,0x61ad,0x61ad,0x61ad,0x61ad,0x61ad,
    0x61ad,0x61ad,0x61ad,0x61ad,0x61ad,0x61ad,0x61ad,0x61ad,0x61ad,0x61ad,0x61ad,0x61ad,0x61ad,0x61ad,0x61ad,0x61ad,
    0x61ad,0x61ad,0x61ad,0x61ad,0x61ad,0x61ad,0x61ad,0x61ad,0x61ad,0x61ad,0x61ad,0x61ad,0x61ad,0x61ad,0x61ad,0x61ad,
    0x61ad,0x59ad,0x518c,0x498b,0x496b,0x414a,0x3949,0x2928,0x2107,0x10e6,0x10c6,0xf81f,0xf81f,0xf81f,0xf81f,0xf81f,
    0xf81f,0xf81f,0xf81f,0xf81f,0xf81f,0xf81f,0xf81f,0xf81f,0xf81f,0xf81f,0xf81f,0xf81f,0xf81f,0xf81f,0xf81f,0xf81f,
  },
  { /* diagnostics */
    0xf81f,0xf81f,0xf81f,0xf81f,0xf81f,0xf81f,0xf81f,0xf81f,0xf81f,0xf81f,0xf81f,0xf81f,0xf81f,0xf81f,0xf81f,0xf81f,
    0xf81f,0xf81f,0xf81f,0xf81f,0xf81f,0x10c6,0x18e6,0x20e7,0x2928,0x3949,0x414a,0x496b,0x518b,0x518c,0x518c,0x518c,
    0x518c,0x518c,0x518c,0x518c,0x518c,0x518c,0x518c,0x518c,0x518c,0x518c,0x518c,0x518c,0x518c,0x518c,0x518c,0x518c,
    0x518c,0x518c,0x518c,0x518c,0x518c,0x518c,0x518c,0x518c,0x518c,0x518c,0x518c,0x518c,0x518c,0x518c,0x518c,0x518c,
    0x518c,0x518c,0x518c,0x518c,0x518c,0x518c,0x518c,0x518c,0x518c,0x518c,0x518c,0x518c,0x518c,0x518c,0x518c,0x518c,
    0x518c,0x518c,0x518c,0x518c,0x518c,0x518c,0x518c,0x518c,0x518c,0x518c,0x518c,0x518c,0x518c,0x518c,0x518c,0x518c,
    0x518c,0x518c,0x518c,0x518c,0x498b,0x416a,0x3949,0x2908,0x18e7,0x10c6,0x10c6,0xf81f,0xf81f,0xf81f,0xf81f,0xf81f,
    0xf81f,0xf81f,0xf81f,0xf81f,0xf81f,0xf81f,0xf81f,0xf81f,0xf81f,0xf81f,0xf81f,0xf81f,0xf81f,0xf81f,0xf81f,0xf81f,
    0xf81f,0xf81f,0xf81f,0xf81f,0xf81f,0xf81f,0xf81f,0xf81f,0xf81f,0xf81f,0xf81f,0xf81f,0xf81f,0xf81f,0xf81f,0x10c6,
    0x10c6,0x10c6,0x18e7,0x2107,0x2908,0x3128,0x3129,0x394a,0x416a,0x496b,0x498b,0x518c,0x518c,0x51ac,0x598c,0x598c,
    0x598c,0x598c,0x598c,0x598c,0x598c,0x598c,0x598c,0x598c,0x598c,0x598c,0x598c,0x598c,0x598c,0x598c,0x598c,0x598c,
    0x598c,0x598c,0x598c,0x598c,0x598c,0x598c,0x598c,0x598c,0x598c,0x598c,0x598c,0x598c,0x598c,0x598c,0x598c,0x598c,
    0x598c,0x598c,0x598c,0x598c,0x598c,0x598c,0x598c,0x598c,0x598c,0x598c,0x598c,0x598c,0x598c,0x598c,0x598c,0x598c,
    0x598c,0x598c,0x598c,0x598c,0x598c,0x598c,0x598c,0x598c,0x598c,0x598c,0x598c,0x598c,0x598c,0x598c,0x598c,0x598c,
    0x598c,0x598c,0x598c,0x51ac,0x518c,0x518b,0x496b,0x416a,0x3949,0x3129,0x2928,0x2108,0x18e7,0x18e6,0x10c6,0xf81f,
    0xf81f,0xf81f,0xf81f,0xf81f,0xf81f,0xf81f,0xf81f,0xf81f,0xf81f,0xf81f,0xf81f,0xf81f,0xf81f,0xf81f,0xf81f,0xf81f,
    0xf81f,0xf81f,0xf81f,0xf81f,0xf81f,0xf81f,0xf81f,0xf81f,0xf81f,0xf81f,0xf81f,0xf81f,0xf81f,0xf81f,0xf81f,0x10c6,
    0x10e6,0x18e7,0x3129,0x416b,0x598c,0x61ce,0x71ef,0x79ef,0x71ee,0x69ce,0x69ce,0x61ad,0x61ad,0x59ad,0x59ad,0x59ad,
    0x59ad,0x59ad,0x59ad,0x59ad,0x59ad,0x59ad,0x59ad,0x59ad,0x59ad,0x59ad,0x59ad,0x59ad,0x59ad,0x59ad,0x59ad,0x59ad,
    0x59ad,0x59ad,0x59ad,0x59ad,0x59ad,0x59ad,0x59ad,0x59ad,0x59ad,0x59ad,0x59ad,0x59ad,0x59ad,0x59ad,0x59ad,0x59ad,
    0x59ad,0x59ad,0x59ad,0x59ad,0x59ad,0x59ad,0x59ad,0x59ad,0x59ad,0x59ad,0x59ad,0x59ad,0x59ad,0x59ad,0x59ad,0x59ad,
    0x59ad,0x59ad,0x59ad,0x59ad,0x59ad,0x59ad,0x59ad,0x59ad,0x59ad,0x59ad,0x59ad,0x59ad,0x59ad,0x59ad,0x59ad,0x59ad,
    0x59ad,0x59ad,0x59ad,0x59ad,0x61ad,0x61cd,0x69ce,0x71ef,0x79ef,0x71ef,0x61ad,0x496b,0x3129,0x2107,0x18e6,0xf81f,
    0xf81f,0xf81f,0xf81f,0xf81f,0xf81f,0xf81f,0xf81f,0xf81f,0xf81f,0xf81f,0xf81f,0xf81f,0xf81f,0xf81f,0xf81f,0xf81f,
    0xf81f,0xf81f,0xf81f,0xf81f,0xf81f,0xf81f,0xf81f,0xf81f,0xf81f,0xf81f,0xf81f,0xf81f,0x10c6,0x10c6,0x18e7,0x2107,
    0x3128,0x394a,0x496b,0x59ac,0x61ce,0x71ce,0x71ef,0x71ef,0x69ce,0x61cd,0x59ad,0x518c,0x518b,0x498b,0x496b,0x496b,
    0x496b,0x496b,0x496b,0x496b,0x496b,0x496b,0x496b,0x496b,0x496b,0x496b,0x496b,0x496b,0x496b,0x496b,0x496b,0x496b,
    0x496b,0x496b,0x496b,0x496b,0x496b,0x496b,0x496b,0x496b,0x496b,0x496b,0x496b,0x496b,0x496b,0x496b,0x496b,0x496b,
    0x496b,0x496b,0x496b,0x496b,0x496b,0x496b,0x496b,0x496b,0x496b,0x496b,0x496b,0x496b,0x496b,0x496b,0x496b,0x496b,
    0x496b,0x496b,0x496b,0x496b,0x496b,0x496b,0x496b,0x496b,0x496b,0x496b,0x496b,0x496b,0x496b,0x496b,0x496b,0x496b,
    0x496b,0x496b,0x496b,0x498b,0x518c,0x59ac,0x61cd,0x69ee,0x71ef,0x71ef,0x69ce,0x61ad,0x518c,0x414a,0x3129,0x2107,
    0x18e6,0x10c6,0x10c6,0xf81f,0xf81f,0xf81f,0xf81f,0xf81f,0xf81f,0xf81f,0xf81f,0xf81f,0xf81f,0xf81f,0xf81f,0xf81f,
    0xf81f,0xf81f,0xf81f,0xf81f,0xf81f,0xf81f,0xf81f,0xf81f,0xf81f,0xf81f,0xf81f,0x10c6,0x10c6,0x18e7,0x3128,0x496b,
    0x61cd,0x71ee,0x69ce,0x61cd,0x518c,0x496b,0x394a,0x3129,0x3128,0x2928,0x2908,0x2908,0x2108,0x2108,0x2108,0x2108,
    0x2108,0x2108,0x2108,0x2108,0x2108,0x2108,0x2108,0x2108,0x2108,0x2108,0x2108,0x2108,0x2108,0x2108,0x2108,0x2108,
    0x2108,0x2108,0x2108,0x2108,0x2108,0x2108,0x2108,0x2108,0x2108,0x2108,0x2108,0x2108,0x2108,0x2108,0x2108,0x2108,
    0x2108,0x2108,0x2108,0x2108,0x2108,0x2108,0x2108,0x2108,0x2108,0x2108,0x2108,0x2108,0x2108,0x2108,0x2108,0x2108,
    0x2108,0x2108,0x2108,0x2108,0x2108,0x2108,0x2108,0x2108,0x2108,0x2108,0x2108,0x2108,0x2108,0x2108,0x2108,0x2108,
    0x2108,0x2108,0x2107,0x2108,0x2908,0x2908,0x2928,0x3129,0x3949,0x416a,0x518c,0x61ad,0x71ef,0x71ee,0x61ad,0x496b,
    0x2908,0x18e6,0x10e6,0xf81f,0xf81f,0xf81f,0xf81f,0xf81f,0xf81f,0xf81f,0xf81f,0xf81f,0xf81f,0xf81f,0xf81f,0xf81f,
    0xf81f,0xf81f,0xf81f,0xf81f,0xf81f,0xf81f,0xf81f,0xf81f,0xf81f,0x10c6,0x10c6,0x18e6,0x2108,0x3149,0x496b,0x59ad,
    0x71ee,0x71ef,0x61cd,0x518c,0x414a,0x2928,0x18e7,0x10e6,0x10c6,0x10c6,0x10c6,0x10c6,0x10c6,0x10c6,0x10c6,0x10c6,
    0x10c6,0x10c6,0x10c6,0x10c6,0x10c6,0x10c6,0x10c6,0x10c6,0x10c6,0x10c6,0x10c6,0x10c6,0x10c6,0x10c6,0x10c6,0x10c6,
    0x10c6,0x10c6,0x10c6,0x10c6,0x10c6,0x10c6,0x10c6,0x10c6,0x10c6,0x10c6,0x10c6,0x10c6,0x10c6,0x10c6,0x10c6,0x10c6,
    0x10c6,0x10c6,0x10c6,0x10c6,0x10c6,0x10c6,0x10c6,0x10c6,0x10c6,0x10c6,0x10c6,0x10c6,0x10c6,0x10c6,0x10c6,0x10c6,
    0x10c6,0x10c6,0x10c6,0x10c6,0x10c6,0x10c6,0x10c6,0x10c6,0x10c6,0x10c6,0x10c6,0x10c6,0x10c6,0x10c6,0x10c6,0x10c6,
    0x10c6,0x10c6,0x10c6,0x10c6,0x10c6,0x10c6,0x10c6,0x10c6,0x18e6,0x2107,0x3949,0x498b,0x61ce,0x71ee,0x69ce,0x61ad,
    0x496b,0x3129,0x2107,0x18e6,0x10c6,0xf81f,0xf81f,0xf81f,0xf81f,0xf81f,0xf81f,0xf81f,0xf81f,0xf81f,0xf81f,0xf81f,
    0xf81f,0xf81f,0xf81f,0xf81f,0xf81f,0xf81f,0xf81f,0xf81f,0xf81f,0x10c6,0x10c6,0x2908,0x498b,0x61ad,0x69ee,0x69ce,
    0x518c,0x414a,0x3129,0x2908,0x2107,0x18e7,0x10e6,0x10c6,0x10c6,0x10c6,0x10c6,0x10c6,0x10c6,0x10c6,0x10c6,0x10c6,
    0x10c6,0x10c6,0x10c6,0x10c6,0x10c6,0x10c6,0x10c6,0x10c6,0x10c6,0x10c6,0x10c6,0x10c6,0x10c6,0x10c6,0x10c6,0x10c6,
    0x10c6,0x10c6,0x10c6,0x10c6,0x10c6,0x10c6,0x10c6,0x10c6,0x10c6,0x10c6,0x10c6,0x10c6,0x10c6,0x10c6,0x10c6,0x10c6,
    0x10c6,0x10c6,0x10c6,0x10c6,0x10c6,0x10c6,0x10c6,0x10c6,0x10c6,0x10c6,0x10c6,0x10c6,0x10c6,0x10c6,0x10c6,0x10c6,
    0x10c6,0x10c6,0x10c6,0x10c6,0x10c6,0x10c6,0x10c6,0x10c6,0x10c6,0x10c6,0x10c6,0x10c6,0x10c6,0x10c6,0x10c6,0x10c6,
    0x10c6,0x10c6,0x10c6,0x10c6,0x10c6,0x10c6,0x10c6,0x10c6,0x10c6,0x18e6,0x18e7,0x2908,0x3129,0x414a,0x59ac,0x69ce,
    0x71ef,0x69ce,0x416a,0x2908,0x18e6,0xf81f,0xf81f,0xf81f,0xf81f,0xf81f,0xf81f,0xf81f,0xf81f,0xf81f,0xf81f,0xf81f,
    0xf81f,0xf81f,0xf81f,0xf81f,0xf81f,0xf81f,0xf81f,0x10c6,0x10c6,0x18e7,0x2928,0x416a,0x61ad,0x71ee,0x69ce,0x598c,
    0x3949,0x2107,0x18e6,0x10c6,0x10c6,0x10c6,0x10c6,0x10c6,0x10c6,0x10c6,0x10c6,0x10c6,0x10c6,0x10c6,0x10c6,0x10c6,
    0x10c6,0x10c6,0x10c6,0x10c6,0x10c6,0x10c6,0x10c6,0x10c6,0x10c6,0x10c6,0x10c6,0x10c6,0x10c6,0x10c6,0x10c6,0x10c6,
    0x10c6,0x10c6,0x10c6,0x10c6,0x10c6,0x10c6,0x10c6,0x10c6,0x10c6,0x10c6,0x10c6,0x10c6,0x10c6,0x10c6,0x10c6,0x10c6,
    0x10c6,0x10c6,0x10c6,0x10c6,0x10c6,0x10c6,0x10c6,0x10c6,0x10c6,0x10c6,0x10c6,0x10c6,0x10c6,0x10c6,0x10c6,0x10c6,
    0x10c6,0x10c6,0x10c6,0x10c6,0x10c6,0x10c6,0x10c6,0x10c6,0x10c6,0x10c6,0x10c6,0x10c6,0x10c6,0x10c6,0x10c6,0x10c6,
    0x10c6,0x10c6,0x10c6,0x10c6,0x10c6,0x10c6,0x10c6,0x10c6,0x10c6,0x10c6,0x10c6,0x10c6,0x10e6,0x2107,0x394a,0x59ac,
    0x71ee,0x71ef,0x59ad,0x416a,0x2928,0x18e7,0x10c6,0xf81f,0xf81f,0xf81f,0xf81f,0xf81f,0xf81f,0xf81f,0xf81f,0xf81f,
    0xf81f,0xf81f,0xf81f,0xf81f,0xf81f,0xf81f,0xf81f,0x10c6,0x18e7,0x3129,0x59ad,0x69ce,0x69ce,0x59ad,0x414a,0x2908,
    0x20e7,0x18e6,0x10c6,0x10c6,0x10c6,0x10c6,0x10c6,0x10c6,0x10c6,0x10c6,0x10c6,0x10c6,0x10c6,0x10c6,0x10c6,0x10c6,
    0x10c6,0x10c6,0x10c6,0x10c6,0x10c6,0x10c6,0x10c6,0x10c6,0x10c6,0x10c6,0x10c6,0x10c6,0x10c6,0x10c6,0x10c6,0x10c6,
    0x10c6,0x10c6,0x10c6,0x10c6,0x10c6,0x10c6,0x10c6,0x10c6,0x10c6,0x10c6,0x10c6,0x10c6,0x10c6,0x10c6,0x10c6,0x10c6,
    0x10c6,0x10c6,0x10c6,0x10c6,0x10c6,0x10c6,0x10c6,0x10c6,0x10c6,0x10c6,0x10c6,0x10c6,0x10c6,0x10c6,0x10c6,0x10c6,
    0x10c6,0x10c6,0x10c6,0x10c6,0x10c6,0x10c6,0x10c6,0x10c6,0x10c6,0x10c6,0x10c6,0x10c6,0x10c6,0x10c6,0x10c6,0x10c6,
    0x10c6,0x10c6,0x10c6,0x10c6,0x10c6,0x10c6,0x10c6,0x10c6,0x10c6,0x10c6,0x10c6,0x10c6,0x10c6,0x18e6,0x2107,0x2928,
    0x414a,0x518c,0x71ef,0x69ee,0x498b,0x3129,0x18e7,0xf81f,0xf81f,0xf81f,0xf81f,0xf81f,0xf81f,0xf81f,0xf81f,0xf81f,
    0xf81f,0xf81f,0xf81f,0xf81f,0xf81f,0x10c6,0x10c6,0x18e7,0x3129,0x498b,0x69ce,0x71ef,0x59ad,0x414a,0x2107,0x10c6,
    0x10c6,0x10c6,0x10c6,0x10c6,0x10c6,0x10c6,0x10c6,0x10c6,0x10c6,0x10c6,0x10c6,0x10c6,0x10c6,0x10c6,0x10c6,0x10c6,
    0x10c6,0x10c6,0x10c6,0x10c6,0x10c6,0x10c6,0x10c6,0x10c6,0x10c6,0x10c6,0x10c6,0x10c6,0x10c6,0x10c6,0x10c6,0x10c6,
    0x10c6,0x10c6,0x10c6,0x10c6,0x10c6,0x10c6,0x10c6,0x10c6,0x10c6,0x10c6,0x10c6,0x10c6,0x10c6,0x10c6,0x10c6,0x10c6,
    0x10c6,0x10c6,0x10c6,0x10c6,0x10c6,0x10c6,0x10c6,0x10c6,0x10c6,0x10c6,0x10c6,0x10c6,0x10c6,0x10c6,0x10c6,0x10c6,
    0x10c6,0x10c6,0x10c6,0x10c6,0x10c6,0x10c6,0x10c6,0x10c6,0x10c6,0x10c6,0x10c6,0x10c6,0x10c6,0x10c6,0x10c6,0x10c6,
    0x10c6,0x10c6,0x10c6,0x10c6,0x10c6,0x10c6,0x10c6,0x10c6,0x10c6,0x10c6,0x10c6,0x10c6,0x10c6,0x10c6,0x10c6,0x18e6,
    0x2107,0x394a,0x61cd,0x71ee,0x61cd,0x498b,0x3128,0x18e7,0x10c6,0xf81f,0xf81f,0xf81f,0xf81f,0xf81f,0xf81f,0xf81f,
    0xf81f,0xf81f,0xf81f,0xf81f,0xf81f,0x10c6,0x10c6,0x2928,0x59ac,0x69ce,0x61cd,0x518c,0x3129,0x2107,0x18e6,0x10c6,
    0x10c6,0x10c6,0x10c6,0x10c6,0x10c6,0x10c6,0x10c6,0x10c6,0x10c6,0x10c6,0x10c6,0x10c6,0x10c6,0x10c6,0x10c6,0x10c6,
    0x10c6,0x10c6,0x10c6,0x10c6,0x10c6,0x10c6,0x10c6,0x10c6,0x10c6,0x10c6,0x10c6,0x10c6,0x10c6,0x10c6,0x10c6,0x10c6,
    0x10c6,0x10c6,0x10c6,0x10c6,0x10c6,0x10c6,0x10c6,0x10c6,0x10c6,0x10c6,0x10c6,0x10c6,0x10c6,0x10c6,0x10c6,0x10c6,
    0x10c6,0x10c6,0x10c6,0x10c6,0x10c6,0x10c6,0x10c6,0x10c6,0x10c6,0x10c6,0x10c6,0x10c6,0x10c6,0x10c6,0x10c6,0x10c6,
    0x10c6,0x10c6,0x10c6,0x10c6,0x10c6,0x10c6,0x10c6,0x10c6,0x10c6,0x10c6,0x10c6,0x10c6,0x10c6,0x10c6,0x10c6,0x10c6,
    0x10c6,0x10c6,0x10c6,0x10c6,0x10c6,0x10c6,0x10c6,0x10c6,0x10c6,0x10c6,0x10c6,0x10c6,0x10c6,0x10c6,0x10c6,0x10c6,
    0x18e6,0x2107,0x3929,0x518b,0x71ce,0x69ce,0x498b,0x3129,0x18e7,0xf81f,0xf81f,0xf81f,0xf81f,0xf81f,0xf81f,0xf81f,
    0xf81f,0xf81f,0xf81f,0xf81f,0x10c6,0x18e6,0x2908,0x416a,0x69ce,0x71ef,0x518c,0x3949,0x18e7,0x10c6,0x10c6,0x10c6,
    0x10c6,0x10c6,0x10c6,0x10c6,0x10c6,0x10c6,0x10c6,0x10c6,0x10c6,0x10c6,0x10c6,0x10c6,0x10c6,0x10c6,0x10c6,0x10c6,
    0x10c6,0x10c6,0x10c6,0x10c6,0x10c6,0x10c6,0x10c6,0x10c6,0x10c6,0x10c6,0x10c6,0x10c6,0x10c6,0x10c6,0x10c6,0x10c6,
    0x10c6,0x10c6,0x10c6,0x10c6,0x10c6,0x10c6,0x10c6,0x10c6,0x10c6,0x10c6,0x10c6,0x10c6,0x10c6,0x10c6,0x10c6,0x10c6,
    0x10c6,0x10c6,0x10c6,0x10c6,0x10c6,0x10c6,0x10c6,0x10c6,0x10c6,0x10c6,0x10c6,0x10c6,0x10c6,0x10c6,0x10c6,0x10c6,
    0x10c6,0x10c6,0x10c6,0x10c6,0x10c6,0x10c6,0x10c6,0x10c6,0x10c6,0x10c6,0x10c6,0x10c6,0x10c6,0x10c6,0x10c6,0x10c6,
    0x10c6,0x10c6,0x10c6,0x10c6,0x10c6,0x10c6,0x10c6,0x10c6,0x10c6,0x10c6,0x10c6,0x10c6,0x10c6,0x10c6,0x10c6,0x10c6,
    0x10c6,0x10e6,0x18e7,0x3129,0x61ad,0x71ee,0x61cd,0x498b,0x2908,0x18e6,0x10c6,0xf81f,0xf81f,0xf81f,0xf81f,0xf81f,
    0xf81f,0xf81f,0xf81f,0x10c6,0x10c6,0x2108,0x496b,0x61ad,0x69ce,0x59ad,0x3129,0x18e7,0x10e6,0x10c6,0x10c6,0x10c6,
    0x10c6,0x10c6,0x10c6,0x10c6,0x10c6,0x10c6,0x10c6,0x10c6,0x10c6,0x10c6,0x10c6,0x10c6,0x10c6,0x10c6,0x10c6,0x10c6,
    0x10c6,0x10c6,0x10c6,0x10c6,0x10c6,0x10c6,0x10c6,0x10c6,0x10c6,0x10c6,0x10c6,0x10c6,0x10c6,0x10c6,0x10c6,0x10c6,
    0x10c6,0x10c6,0x10c6,0x10c6,0x10c6,0x10c6,0x10c6,0x10c6,0x10c6,0x10c6,0x10c6,0x10c6,0x10c6,0x10c6,0x10c6,0x10c6,
    0x10c6,0x10c6,0x10c6,0x10c6,0x10c6,0x10c6,0x10c6,0x10c6,0x10c6,0x10c6,0x10c6,0x10c6,0x10c6,0x10c6,0x10c6,0x10c6,
    0x10c6,0x10c6,0x10c6,0x10c6,0x10c6,0x10c6,0x10c6,0x10c6,0x10c6,0x10c6,0x10c6,0x10c6,0x10c6,0x10c6,0x10c6,0x10c6,
    0x10c6,0x10c6,0x10c6,0x10c6,0x10c6,0x10c6,0x10c6,0x10c6,0x10c6,0x10c6,0x10c6,0x10c6,0x10c6,0x10c6,0x10c6,0x10c6,
    0x10c6,0x10c6,0x10c6,0x2107,0x3129,0x518b,0x71ef,0x69ce,0x414a,0x2107,0x18e6,0xf81f,0xf81f,0xf81f,0xf81f,0xf81f,
    0xf81f,0xf81f,0xf81f,0x10c6,0x18e7,0x3149,0x61cd,0x71ee,0x59ad,0x416a,0x2107,0x10c6,0x10c6,0x10c6,0x10c6,0x10c6,
    0x10c6,0x10c6,0x10c6,0x10c6,0x10c6,0x10c6,0x10c6,0x10c6,0x10c6,0x10c6,0x10c6,0x10c6,0x10c6,0x10c6,0x10c6,0x10c6,
    0x10c6,0x10c6,0x10c6,0x10c6,0x10c6,0x10c6,0x10c6,0x10c6,0x10c6,0x10c6,0x10c6,0x10c6,0x10c6,0x10c6,0x10c6,0x10c6,
    0x10c6,0x10c6,0x10c6,0x10c6,0x10c6,0x10c6,0x10c6,0x10c6,0x10c6,0x10c6,0x10c6,0x10c6,0x10c6,0x10c6,0x10c6,0x10c6,
    0x10c6,0x10c6,0x10c6,0x10c6,0x10c6,0x10c6,0x10c6,0x10c6,0x10c6,0x10c6,0x10c6,0x10c6,0x10c6,0x10c6,0x10c6,0x10c6,
    0x10c6,0x10c6,0x10c6,0x10c6,0x10c6,0x10c6,0x10c6,0x10c6,0x10c6,0x10c6,0x10c6,0x10c6,0x10c6,0x10c6,0x10c6,0x10c6,
    0x10c6,0x10c6,0x10c6,0x10c6,0x10c6,0x10c6,0x10c6,0x10c6,0x10c6,0x10c6,0x10c6,0x10c6,0x10c6,0x10c6,0x10c6,0x10c6,
    0x10c6,0x10c6,0x10c6,0x10e6,0x18e7,0x3949,0x69ce,0x71ef,0x59ac,0x394a,0x2107,0x10c6,0x10c6,0xf81f,0xf81f,0xf81f,
    0xf81f,0xf81f,0xf81f,0x18e7,0x3129,0x496b,0x71ee,0x69ce,0x414a,0x2107,0x18e6,0x10c6,0x10c6,0x10c6,0x10c6,0x10c6,
    0x10c6,0x10c6,0x10c6,0x10c6,0x10c6,0x10c6,0x10c6,0x10c6,0x10c6,0x10c6,0x10c6,0x10c6,0x10c6,0x10c6,0x10c6,0x10c6,
    0x10c6,0x10c6,0x10c6,0x10c6,0x10c6,0x10c6,0x10c6,0x10c6,0x10c6,0x10c6,0x10c6,0x10c6,0x10c6,0x10c6,0x10c6,0x10c6,
    0x10c6,0x10c6,0x10c6,0x10c6,0x10c6,0x10c6,0x10c6,0x10c6,0x10c6,0x10c6,0x10c6,0x10c6,0x10c6,0x10c6,0x10c6,0x10c6,
    0x10c6,0x10c6,0x10c6,0x10c6,0x10c6,0x10c6,0x10c6,0x10c6,0x10c6,0x10c6,0x10c6,0x10c6,0x10c6,0x10c6,0x10c6,0x10c6,
    0x10c6,0x10c6,0x10c6,0x10c6,0x10c6,0x10c6,0x10c6,0x10c6,0x10c6,0x10c6,0x10c6,0x10c6,0x10c6,0x10c6,0x10c6,0x10c6,
    0x10c6,0x10c6,0x10c6,0x10c6,0x10c6,0x10c6,0x10c6,0x10c6,0x10c6,0x10c6,0x10c6,0x10c6,0x10c6,0x10c6,0x10c6,0x10c6,
    0x10c6,0x10c6,0x10c6,0x10c6,0x10e6,0x2108,0x416a,0x59ad,0x71ef,0x61cd,0x3129,0x18e6,0x10e6,0xf81f,0xf81f,0xf81f,
    0xf81f,0x10c6,0x10c6,0x2107,0x496b,0x59ad,0x69ce,0x598c,0x2908,0x10c6,0x10c6,0x10c6,0x10c6,0x10c6,0x10c6,0x10c6,
    0x10c6,0x10c6,0x10c6,0x10c6,0x10c6,0x10c6,0x10c6,0x10c6,0x10c6,0x10c6,0x10c6,0x10c6,0x10c6,0x10c6,0x10c6,0x10c6,
    0x10c6,0x10c6,0x10c6,0x10c6,0x10c6,0x10c6,0x10c6,0x10c6,0x10c6,0x10c6,0x10c6,0x10c6,0x10c6,0x10c6,0x10c6,0x10c6,
    0x10c6,0x10c6,0x10c6,0x10c6,0x10c6,0x10c6,0x10c6,0x10c6,0x10c6,0x10c6,0x10e6,0x10e6,0x1906,0x1906,0x1906,0x1926,
    0x1926,0x1906,0x1906,0x1906,0x10e6,0x10e6,0x10c6,0x10c6,0x10c6,0x10c6,0x10c6,0x10c6,0x10c6,0x10c6,0x10c6,0x10c6,
    0x10c6,0x10c6,0x10c6,0x10c6,0x10c6,0x10c6,0x10c6,0x10c6,0x10c6,0x10c6,0x10c6,0x10c6,0x10c6,0x10c6,0x10c6,0x10c6,
    0x10c6,0x10c6,0x10c6,0x10c6,0x10c6,0x10c6,0x10c6,0x10c6,0x10c6,0x10c6,0x10c6,0x10c6,0x10c6,0x10c6,0x10c6,0x10c6,
    0x10c6,0x10c6,0x10c6,0x10c6,0x10c6,0x18e6,0x2908,0x416b,0x71ef,0x71ef,0x416a,0x2108,0x18e6,0xf81f,0xf81f,0xf81f,
    0xf81f,0x10c6,0x10e6,0x3128,0x61ad,0x71ee,0x518c,0x3949,0x20e7,0x10c6,0x10c6,0x10c6,0x10c6,0x10c6,0x10c6,0x10c6,
    0x10c6,0x10c6,0x10c6,0x10c6,0x10c6,0x10c6,0x10c6,0x10c6,0x10c6,0x10c6,0x10c6,0x10c6,0x10c6,0x10c6,0x10c6,0x10c6,
    0x10c6,0x10c6,0x10c6,0x10c6,0x10c6,0x10c6,0x10c6,0x10c6,0x10c6,0x10c6,0x10c6,0x10c6,0x10c6,0x10c6,0x10c6,0x10c6,
    0x10c6,0x10c6,0x10c6,0x10c6,0x10c6,0x10c6,0x10c6,0x10c6,0x10c6,0x10e6,0x1906,0x2146,0x2967,0x29a7,0x29a7,0x29a7,
    0x29a7,0x29a7,0x29a7,0x2987,0x2146,0x1906,0x10e6,0x10c6,0x10c6,0x10c6,0x10c6,0x10c6,0x10c6,0x10c6,0x10c6,0x10c6,
    0x10c6,0x10c6,0x10c6,0x10c6,0x10c6,0x10c6,0x10c6,0x10c6,0x10c6,0x10c6,0x10c6,0x10c6,0x10c6,0x10c6,0x10c6,0x10c6,
    0x10c6,0x10c6,0x10c6,0x10c6,0x10c6,0x10c6,0x10c6,0x10c6,0x10c6,0x10c6,0x10c6,0x10c6,0x10c6,0x10c6,0x10c6,0x10c6,
    0x10c6,0x10c6,0x10c6,0x10c6,0x10c6,0x10c6,0x18e6,0x3129,0x59ad,0x69ce,0x59ac,0x414a,0x2107,0xf81f,0xf81f,0xf81f,
    0xf81f,0x10e6,0x18e7,0x394a,0x71ee,0x71ef,0x414a,0x2107,0x18e6,0x10c6,0x10c6,0x10c6,0x10c6,0x10c6,0x10c6,0x10c6,
    0x10c6,0x10c6,0x10c6,0x10c6,0x10c6,0x10c6,0x10c6,0x10c6,0x10c6,0x10c6,0x10c6,0x10c6,0x10c6,0x10c6,0x10c6,0x10c6,
    0x10c6,0x10c6,0x10c6,0x10c6,0x10c6,0x10c6,0x10c6,0x10c6,0x10c6,0x10c6,0x10c6,0x10c6,0x10c6,0x10c6,0x10c6,0x10c6,
    0x10c6,0x10e6,0x1926,0x2146,0x2987,0x31a7,0x31e7,0x3a07,0x3a28,0x4248,0x4a88,0x52c9,0x5ae9,0x5b09,0x6329,0x6329,
    0x6329,0x6329,0x5b09,0x5ae9,0x52c9,0x4a88,0x4248,0x3a28,0x3a07,0x31e7,0x31a7,0x2987,0x2146,0x1926,0x10e6,0x10c6,
    0x10c6,0x10c6,0x10c6,0x10c6,0x10c6,0x10c6,0x10c6,0x10c6,0x10c6,0x10c6,0x10c6,0x10c6,0x10c6,0x10c6,0x10c6,0x10c6,
    0x10c6,0x10c6,0x10c6,0x10c6,0x10c6,0x10c6,0x10c6,0x10c6,0x10c6,0x10c6,0x10c6,0x10c6,0x10c6,0x10c6,0x10c6,0x10c6,
    0x10c6,0x10c6,0x10c6,0x10c6,0x10c6,0x10c6,0x10c6,0x2107,0x416a,0x59ac,0x69ce,0x598c,0x2928,0x10c6,0x10c6,0xf81f,
    0xf81f,0x18e7,0x3129,0x496b,0x69ce,0x61cd,0x3129,0x18e6,0x10c6,0x10c6,0x10c6,0x10c6,0x10c6,0x10c6,0x10c6,0x10c6,
    0x10c6,0x10c6,0x10c6,0x10c6,0x10c6,0x10c6,0x10c6,0x10c6,0x10c6,0x10c6,0x10c6,0x10c6,0x10c6,0x10c6,0x10c6,0x10c6,
    0x10c6,0x10c6,0x10c6,0x10c6,0x10c6,0x10c6,0x10c6,0x10c6,0x10c6,0x10c6,0x10c6,0x10c6,0x10c6,0x10c6,0x10c6,0x10e6,
    0x10e6,0x2146,0x31c7,0x4268,0x5b09,0x6b8a,0x7bea,0x8c6b,0x9ccb,0xa50c,0xa54c,0xad4c,0xad6c,0xad6c,0xad8c,0xad8c,
    0xad8c,0xad8c,0xad6c,0xad6c,0xad4c,0xa54c,0xa50c,0x9ccb,0x8c6b,0x7bea,0x6b8a,0x5ae9,0x4268,0x31c7,0x2146,0x10e6,
    0x10e6,0x10c6,0x10c6,0x10c6,0x10c6,0x10c6,0x10c6,0x10c6,0x10c6,0x10c6,0x10c6,0x10c6,0x10c6,0x10c6,0x10c6,0x10c6,
    0x10c6,0x10c6,0x10c6,0x10c6,0x10c6,0x10c6,0x10c6,0x10c6,0x10c6,0x10c6,0x10c6,0x10c6,0x10c6,0x10c6,0x10c6,0x10c6,
    0x10c6,0x10c6,0x10c6,0x10c6,0x10c6,0x10c6,0x10c6,0x18e6,0x2908,0x496b,0x71ef,0x71ee,0x394a,0x18e7,0x10c6,0xf81f,
    0xf81f,0x2107,0x416b,0x59ac,0x61cd,0x518c,0x2908,0x10c6,0x10c6,0x10c6,0x10c6,0x10c6,0x10c6,0x10c6,0x10c6,0x10c6,
    0x10c6,0x10c6,0x10c6,0x10c6,0x10c6,0x10c6,0x10c6,0x10c6,0x10c6,0x10c6,0x10c6,0x10c6,0x10c6,0x10c6,0x10c6,0x10c6,
    0x10c6,0x10c6,0x10c6,0x10c6,0x10c6,0x10c6,0x10c6,0x10c6,0x10c6,0x10c6,0x10c6,0x10e6,0x1906,0x2146,0x2987,0x31e7,
    0x4228,0x52a8,0x6349,0x7bea,0x8c6b,0x9cec,0xad6c,0xbded,0xce4e,0xd68e,0xd6ae,0xd6ae,0xd6ae,0xd6ae,0xd6ae,0xd6ae,
    0xd6ae,0xd6ae,0xd6ae,0xd6ae,0xd6ae,0xd6ae,0xd68e,0xce4e,0xbded,0xad6d,0x9cec,0x8c6b,0x7bca,0x6349,0x4aa8,0x4228,
    0x31e7,0x2987,0x2146,0x1906,0x10e6,0x10c6,0x10c6,0x10c6,0x10c6,0x10c6,0x10c6,0x10c6,0x10c6,0x10c6,0x10c6,0x10c6,
    0x10c6,0x10c6,0x10c6,0x10c6,0x10c6,0x10c6,0x10c6,0x10c6,0x10c6,0x10c6,0x10c6,0x10c6,0x10c6,0x10c6,0x10c6,0x10c6,
    0x10c6,0x10c6,0x10c6,0x10c6,0x10c6,0x10c6,0x10c6,0x10c6,0x18e6,0x3949,0x71ce,0x71ef,0x496b,0x2908,0x18e6,0xf81f,
    0xf81f,0x2908,0x518c,0x61ce,0x518c,0x414a,0x20e7,0x10c6,0x10c6,0x10c6,0x10c6,0x10c6,0x10c6,0x10c6,0x10c6,0x10c6,
    0x10c6,0x10c6,0x10c6,0x10c6,0x10c6,0x10c6,0x10c6,0x10c6,0x10c6,0x10c6,0x10c6,0x10c6,0x10c6,0x10c6,0x10c6,0x10c6,
    0x10c6,0x10c6,0x10c6,0x10c6,0x10c6,0x10c6,0x10c6,0x10c6,0x10c6,0x10c6,0x10c6,0x1906,0x2967,0x3a28,0x5b09,0x7bca,
    0x94ab,0xa52c,0xad8c,0xb5ad,0xbded,0xc60d,0xce4e,0xce6e,0xd68e,0xd68e,0xd6ae,0xd6ae,0xd6ae,0xd6ae,0xd6ae,0xd6ae,
    0xd6ae,0xd6ae,0xd6ae,0xd6ae,0xd6ae,0xd6ae,0xd68e,0xd68e,0xce6e,0xce4e,0xc60d,0xbded,0xb5ad,0xad6c,0xa52c,0x948b,
    0x7bca,0x5b09,0x3a08,0x2167,0x1906,0x10c6,0x10c6,0x10c6,0x10c6,0x10c6,0x10c6,0x10c6,0x10c6,0x10c6,0x10c6,0x10c6,
    0x10c6,0x10c6,0x10c6,0x10c6,0x10c6,0x10c6,0x10c6,0x10c6,0x10c6,0x10c6,0x10c6,0x10c6,0x10c6,0x10c6,0x10c6,0x10c6,
    0x10c6,0x10c6,0x10c6,0x10c6,0x10c6,0x10c6,0x10c6,0x10c6,0x10c6,0x2908,0x598c,0x69ce,0x598c,0x414a,0x2107,0xf81f,
    0x10c6,0x3128,0x61ce,0x71ce,0x496b,0x2928,0x18e7,0x10c6,0x10c6,0x10c6,0x10c6,0x10c6,0x10c6,0x10c6,0x10c6,0x10c6,
    0x10c6,0x10c6,0x10c6,0x10c6,0x10c6,0x10c6,0x10c6,0x10c6,0x10c6,0x10c6,0x10c6,0x10c6,0x10c6,0x10c6,0x10c6,0x10c6,
    0x10c6,0x10c6,0x10c6,0x10c6,0x10c6,0x10c6,0x10c6,0x10e6,0x1906,0x2146,0x29a7,0x4228,0x52c9,0x6b8a,0x8c6b,0xad4c,
    0xc60d,0xd68e,0xd6ae,0xd6ae,0xd6ae,0xd68e,0xce6e,0xce4e,0xc62d,0xc60d,0xbded,0xbdcd,0xb5ad,0xb5ad,0xb5ad,0xb5ad,
    0xb5ad,0xb5ad,0xb5ad,0xb5cd,0xbdcd,0xbded,0xc60d,0xc62d,0xce4e,0xce6e,0xd68e,0xd6ae,0xd6ae,0xd68e,0xd66e,0xc60d,
    0xad4c,0x8c6b,0x6b8a,0x52c9,0x3a28,0x29a7,0x2146,0x1906,0x10e6,0x10c6,0x10c6,0x10c6,0x10c6,0x10c6,0x10c6,0x10c6,
    0x10c6,0x10c6,0x10c6,0x10c6,0x10c6,0x10c6,0x10c6,0x10c6,0x10c6,0x10c6,0x10c6,0x10c6,0x10c6,0x10c6,0x10c6,0x10c6,
    0x10c6,0x10c6,0x10c6,0x10c6,0x10c6,0x10c6,0x10c6,0x10c6,0x10c6,0x2107,0x416a,0x59ac,0x61ad,0x518c,0x2908,0xf81f,
    0x18e6,0x3129,0x71ef,0x71ef,0x394a,0x18e7,0x10e6,0x10c6,0x10c6,0x10c6,0x10c6,0x10c6,0x10c6,0x10c6,0x10c6,0x10c6,
    0x10c6,0x10c6,0x10c6,0x10c6,0x10c6,0x10c6,0x10c6,0x10c6,0x10c6,0x10c6,0x10c6,0x10c6,0x10c6,0x10c6,0x10c6,0x10c6,
    0x10c6,0x10c6,0x10c6,0x10c6,0x10c6,0x10c6,0x10c6,0x1906,0x2967,0x4248,0x6b69,0x8c4b,0xa52c,0xb5ad,0xbded,0xc62e,
    0xce6e,0xd68e,0xd6ae,0xd6ae,0xd68e,0xce4e,0xbded,0xad6c,0x9d0c,0x94ab,0x8c4b,0x7c0a,0x7bea,0x73aa,0x6b8a,0x6b8a,
    0x6b8a,0x6b8a,0x73aa,0x7bea,0x7c0a,0x8c4b,0x94ab,0xa50c,0xad6d,0xbded,0xce4e,0xd68e,0xd6ae,0xd6ae,0xd68e,0xce6e,
    0xc62e,0xbded,0xb5ad,0xa50c,0x844b,0x6349,0x4228,0x2167,0x1906,0x10c6,0x10c6,0x10c6,0x10c6,0x10c6,0x10c6,0x10c6,
    0x10c6,0x10c6,0x10c6,0x10c6,0x10c6,0x10c6,0x10c6,0x10c6,0x10c6,0x10c6,0x10c6,0x10c6,0x10c6,0x10c6,0x10c6,0x10c6,
    0x10c6,0x10c6,0x10c6,0x10c6,0x10c6,0x10c6,0x10c6,0x10c6,0x10c6,0x18e7,0x3128,0x498b,0x71ef,0x69ce,0x2928,0x10c6,
    0x20e7,0x394a,0x79ef,0x71ef,0x3129,0x10e6,0x10c6,0x10c6,0x10c6,0x10c6,0x10c6,0x10c6,0x10c6,0x10c6,0x10c6,0x10c6,
    0x10c6,0x10c6,0x10c6,0x10c6,0x10c6,0x10c6,0x10c6,0x10c6,0x10c6,0x10c6,0x10c6,0x10c6,0x10c6,0x10c6,0x10c6,0x10c6,
    0x10c6,0x10c6,0x10c6,0x10c6,0x10e6,0x1906,0x2967,0x3a07,0x52c9,0x73aa,0x9ccc,0xb5ad,0xce4e,0xd6ae,0xd6ae,0xd68e,
    0xce4e,0xc60d,0xbdcd,0xb58d,0xad4c,0x9cec,0x8c6b,0x7c0a,0x6b8a,0x6329,0x52e9,0x4aa8,0x4268,0x4248,0x3a28,0x3a07,
    0x3a07,0x3a28,0x4248,0x4a68,0x4aa8,0x52e9,0x6329,0x6b8a,0x7c0a,0x8c6b,0x9cec,0xad4c,0xb58d,0xbdcd,0xc60d,0xce4e,
    0xd68e,0xd6ae,0xd6ae,0xce4e,0xb5ad,0x9ccb,0x73aa,0x52a9,0x3a07,0x2967,0x1906,0x10e6,0x10c6,0x10c6,0x10c6,0x10c6,
    0x10c6,0x10c6,0x10c6,0x10c6,0x10c6,0x10c6,0x10c6,0x10c6,0x10c6,0x10c6,0x10c6,0x10c6,0x10c6,0x10c6,0x10c6,0x10c6,
    0x10c6,0x10c6,0x10c6,0x10c6,0x10c6,0x10c6,0x10c6,0x10c6,0x10c6,0x10e6,0x2107,0x414a,0x71ef,0x71ef,0x3149,0x18e6,
    0x2928,0x416a,0x71ee,0x69ce,0x3128,0x10c6,0x10c6,0x10c6,0x10c6,0x10c6,0x10c6,0x10c6,0x10c6,0x10c6,0x10c6,0x10c6,
    0x10c6,0x10c6,0x10c6,0x10c6,0x10c6,0x10c6,0x10c6,0x10c6,0x10c6,0x10c6,0x10c6,0x10c6,0x10c6,0x10c6,0x10c6,0x10c6,
    0x10c6,0x10c6,0x10c6,0x10e6,0x10e6,0x29a7,0x52c9,0x7bea,0x9cec,0xb5ad,0xc60d,0xce4e,0xd68e,0xd6ae,0xd6ae,0xce4e,
    0xb58d,0x9cec,0x840a,0x6b6a,0x52c9,0x4248,0x3a08,0x31e7,0x31c7,0x29a7,0x2987,0x2167,0x2146,0x2146,0x2146,0x2126,
    0x2126,0x2146,0x2146,0x2146,0x2167,0x2987,0x29a7,0x31c7,0x31e7,0x3a08,0x4268,0x52c9,0x6b6a,0x840b,0x9cec,0xb5ad,
    0xce4e,0xd6ae,0xd6ae,0xd68e,0xce4e,0xc60d,0xb5ad,0x9cec,0x73ca,0x52c9,0x2987,0x10e6,0x10e6,0x10c6,0x10c6,0x10c6,
    0x10c6,0x10c6,0x10c6,0x10c6,0x10c6,0x10c6,0x10c6,0x10c6,0x10c6,0x10c6,0x10c6,0x10c6,0x10c6,0x10c6,0x10c6,0x10c6,
    0x10c6,0x10c6,0x10c6,0x10c6,0x10c6,0x10c6,0x10c6,0x10c6,0x10c6,0x10c6,0x10e6,0x3129,0x71ef,0x71ef,0x414a,0x2107,
    0x3949,0x496b,0x69ce,0x61ad,0x2928,0x10c6,0x10c6,0x10c6,0x10c6,0x10c6,0x10c6,0x10c6,0x10c6,0x10c6,0x10c6,0x10c6,
    0x10c6,0x10c6,0x10c6,0x10c6,0x10c6,0x10c6,0x10c6,0x10c6,0x10c6,0x10c6,0x10c6,0x10c6,0x10c6,0x10c6,0x10c6,0x10c6,
    0x10c6,0x10e6,0x1906,0x2167,0x3a07,0x5ae9,0x842b,0xa54c,0xc62d,0xd6ae,0xd6ae,0xd66e,0xc62e,0xbdcd,0xad8c,0x9cec,
    0x842b,0x6b69,0x52a8,0x39e7,0x2147,0x10e6,0x10e6,0x10c6,0x10c6,0x10c6,0x10c6,0x10c6,0x10c6,0x10e6,0x10e6,0x1906,
    0x1906,0x10e6,0x10e6,0x10c6,0x10c6,0x10c6,0x10c6,0x10c6,0x10c6,0x10e6,0x1906,0x2146,0x39e7,0x52a8,0x6b6a,0x842b,
    0x9cec,0xad8d,0xbded,0xc62e,0xd68e,0xd6ae,0xd68e,0xc62e,0xa52c,0x842b,0x52e9,0x39e7,0x2167,0x1906,0x10e6,0x10c6,
    0x10c6,0x10c6,0x10c6,0x10c6,0x10c6,0x10c6,0x10c6,0x10c6,0x10c6,0x10c6,0x10c6,0x10c6,0x10c6,0x10c6,0x10c6,0x10c6,
    0x10c6,0x10c6,0x10c6,0x10c6,0x10c6,0x10c6,0x10c6,0x10c6,0x10c6,0x10c6,0x10c6,0x3128,0x69ce,0x71ef,0x496b,0x3129,
    0x414a,0x498b,0x69ce,0x59ac,0x2908,0x10c6,0x10c6,0x10c6,0x10c6,0x10c6,0x10c6,0x10c6,0x10c6,0x10c6,0x10c6,0x10c6,
    0x10c6,0x10c6,0x10c6,0x10c6,0x10c6,0x10c6,0x10c6,0x10c6,0x10c6,0x10c6,0x10c6,0x10c6,0x10c6,0x10c6,0x10c6,0x10c6,
    0x10c6,0x1906,0x2167,0x4268,0x7bea,0x9d0c,0xb5ad,0xc62e,0xd68e,0xd6ae,0xd68e,0xc62d,0xa54c,0x844b,0x6349,0x4a88,
    0x3a07,0x29a7,0x2167,0x1926,0x1906,0x10e6,0x10c6,0x10c6,0x10c6,0x10c6,0x10c6,0x10c6,0x10c6,0x10e6,0x2146,0x2167,
    0x2167,0x2146,0x10e6,0x10c6,0x10c6,0x10c6,0x10c6,0x10c6,0x10c6,0x10c6,0x10e6,0x1906,0x1926,0x2167,0x31a7,0x3a08,
    0x4a88,0x6349,0x8c4b,0xad4c,0xc62d,0xd68e,0xd6ae,0xd68e,0xc62e,0xb5ad,0x9cec,0x7bea,0x4248,0x2167,0x1906,0x10c6,
    0x10c6,0x10c6,0x10c6,0x10c6,0x10c6,0x10c6,0x10c6,0x10c6,0x10c6,0x10c6,0x10c6,0x10c6,0x10c6,0x10c6,0x10c6,0x10c6,
    0x10c6,0x10c6,0x10c6,0x10c6,0x10c6,0x10c6,0x10c6,0x10c6,0x10c6,0x10c6,0x10c6,0x2928,0x61ad,0x69ce,0x496b,0x394a,
    0x496b,0x518c,0x61ad,0x518c,0x2908,0x10c6,0x10c6,0x10c6,0x10c6,0x10c6,0x10c6,0x10c6,0x10c6,0x10c6,0x10c6,0x10c6,
    0x10c6,0x10c6,0x10c6,0x10c6,0x10c6,0x10c6,0x10c6,0x10c6,0x10c6,0x10c6,0x10c6,0x10c6,0x10c6,0x10c6,0x10c6,0x10e6,
    0x1926,0x31a7,0x4a88,0x73ca,0xad4c,0xc62e,0xd68e,0xd68e,0xce6e,0xc60d,0xb58d,0x9ccb,0x7bca,0x52c9,0x31c7,0x1926,
    0x10e6,0x10c6,0x10c6,0x10c6,0x10c6,0x10c6,0x10c6,0x10c6,0x10c6,0x10c6,0x10c6,0x10e6,0x10e6,0x2967,0x4268,0x52c9,
    0x52c9,0x4268,0x2967,0x10e6,0x10e6,0x10c6,0x10c6,0x10c6,0x10c6,0x10c6,0x10c6,0x10c6,0x10c6,0x10c6,0x10c6,0x10e6,
    0x2126,0x31e7,0x52e9,0x7bea,0x9cec,0xb58d,0xc60d,0xce6e,0xd68e,0xd68e,0xc62e,0xa54c,0x73ca,0x4a88,0x31a7,0x1926,
    0x10e6,0x10c6,0x10c6,0x10c6,0x10c6,0x10c6,0x10c6,0x10c6,0x10c6,0x10c6,0x10c6,0x10c6,0x10c6,0x10c6,0x10c6,0x10c6,
    0x10c6,0x10c6,0x10c6,0x10c6,0x10c6,0x10c6,0x10c6,0x10c6,0x10c6,0x10c6,0x10c6,0x2908,0x598c,0x69cd,0x518b,0x416a,
    0x518b,0x518c,0x61ad,0x518b,0x2108,0x10c6,0x10c6,0x10c6,0x10c6,0x10c6,0x10c6,0x10c6,0x10c6,0x10c6,0x10c6,0x10c6,
    0x10c6,0x10c6,0x10c6,0x10c6,0x10c6,0x10c6,0x10c6,0x10c6,0x10c6,0x10c6,0x10c6,0x10c6,0x10c6,0x10c6,0x10c6,0x1926,
    0x31c7,0x5ae9,0x8c8b,0xb58d,0xc62d,0xd68e,0xd6ae,0xce6e,0xbdcd,0x9cec,0x6b8a,0x4a88,0x39e7,0x2987,0x1926,0x10e6,
    0x10c6,0x10c6,0x10c6,0x10c6,0x10c6,0x10c6,0x10c6,0x10c6,0x10c6,0x10c6,0x10c6,0x10e6,0x2146,0x4268,0x844b,0xa54c,
    0xa54c,0x844b,0x4268,0x2146,0x10e6,0x10c6,0x10c6,0x10c6,0x10c6,0x10c6,0x10c6,0x10c6,0x10c6,0x10c6,0x10c6,0x10e6,
    0x10e6,0x1926,0x2987,0x3a07,0x4aa8,0x6b8a,0x9cec,0xbded,0xce6e,0xd68e,0xd68e,0xc62d,0xb58d,0x8c8b,0x5ae9,0x31c7,
    0x1926,0x10c6,0x10c6,0x10c6,0x10c6,0x10c6,0x10c6,0x10c6,0x10c6,0x10c6,0x10c6,0x10c6,0x10c6,0x10c6,0x10c6,0x10c6,
    0x10c6,0x10c6,0x10c6,0x10c6,0x10c6,0x10c6,0x10c6,0x10c6,0x10c6,0x10c6,0x10c6,0x2908,0x518c,0x61ad,0x518c,0x498b,
    0x518c,0x59ac,0x59ad,0x496b,0x2108,0x10c6,0x10c6,0x10c6,0x10c6,0x10c6,0x10c6,0x10c6,0x10c6,0x10c6,0x10c6,0x10c6,
    0x10c6,0x10c6,0x10c6,0x10c6,0x10c6,0x10c6,0x10c6,0x10c6,0x10c6,0x10c6,0x10c6,0x10c6,0x10c6,0x10e6,0x1926,0x31e7,
    0x5b09,0x8c4b,0xbdcd,0xd68e,0xd68e,0xce6e,0xc60d,0xad6c,0x8c8b,0x6b69,0x3a28,0x2146,0x10e6,0x10c6,0x10c6,0x10c6,
    0x10c6,0x10c6,0x10c6,0x10c6,0x10c6,0x10c6,0x10c6,0x10c6,0x10c6,0x10c6,0x10c6,0x1906,0x2987,0x5ae9,0xad4c,0xd68e,
    0xd68e,0xad4c,0x5ae9,0x2987,0x1906,0x10c6,0x10c6,0x10c6,0x10c6,0x10c6,0x10c6,0x10c6,0x10c6,0x10c6,0x10c6,0x10c6,
    0x10c6,0x10c6,0x10c6,0x18e6,0x2146,0x3a28,0x6b6a,0x948b,0xad6c,0xc60d,0xce6e,0xd68e,0xd68e,0xbdcd,0x844b,0x5b09,
    0x31e7,0x1926,0x10e6,0x10c6,0x10c6,0x10c6,0x10c6,0x10c6,0x10c6,0x10c6,0x10c6,0x10c6,0x10c6,0x10c6,0x10c6,0x10c6,
    0x10c6,0x10c6,0x10c6,0x10c6,0x10c6,0x10c6,0x10c6,0x10c6,0x10c6,0x10c6,0x10c6,0x2108,0x498b,0x59ad,0x598c,0x518c,
    0x59ac,0x59ac,0x59ac,0x496b,0x2107,0x10c6,0x10c6,0x10c6,0x10c6,0x10c6,0x10c6,0x10c6,0x10c6,0x10c6,0x10c6,0x10c6,
    0x10c6,0x10c6,0x10c6,0x10c6,0x10c6,0x10c6,0x10c6,0x10c6,0x10c6,0x10c6,0x10c6,0x10c6,0x10c6,0x2126,0x3a07,0x6329,
    0x9ccb,0xbdcd,0xce4e,0xd68e,0xd68e,0xc60d,0x9cec,0x73aa,0x4a88,0x31a7,0x2146,0x18e6,0x10e6,0x10c6,0x10c6,0x10c6,
    0x10c6,0x10c6,0x10c6,0x10c6,0x10c6,0x10c6,0x10c6,0x10c6,0x10c6,0x10c6,0x10c6,0x1926,0x31c7,0x6329,0xad8c,0xd6ae,
    0xd6ae,0xad8c,0x6329,0x31c7,0x1926,0x10c6,0x10c6,0x10c6,0x10c6,0x10c6,0x10c6,0x10c6,0x10c6,0x10c6,0x10c6,0x10c6,
    0x10c6,0x10c6,0x10c6,0x10e6,0x1906,0x2146,0x31c7,0x4a88,0x73ca,0x9cec,0xc60d,0xd68e,0xd68e,0xce4e,0xbdcd,0x94cb,
    0x6329,0x3a07,0x2126,0x10c6,0x10c6,0x10c6,0x10c6,0x10c6,0x10c6,0x10c6,0x10c6,0x10c6,0x10c6,0x10c6,0x10c6,0x10c6,
    0x10c6,0x10c6,0x10c6,0x10c6,0x10c6,0x10c6,0x10c6,0x10c6,0x10c6,0x10c6,0x10c6,0x2107,0x496b,0x59ac,0x59ac,0x59ac,
    0x59ac,0x59ac,0x59ac,0x496b,0x2107,0x10c6,0x10c6,0x10c6,0x10c6,0x10c6,0x10c6,0x10c6,0x10c6,0x10c6,0x10c6,0x10c6,
    0x10c6,0x10c6,0x10c6,0x10c6,0x10c6,0x10c6,0x10c6,0x10c6,0x10c6,0x10c6,0x10c6,0x10e6,0x1926,0x31e7,0x6329,0x8c8b,
    0xbded,0xd68e,0xd68e,0xce4e,0xbdcd,0x9cec,0x6b8a,0x4248,0x2146,0x10c6,0x10c6,0x10c6,0x10c6,0x10c6,0x10c6,0x10c6,
    0x10c6,0x10c6,0x10c6,0x10c6,0x10c6,0x10c6,0x10c6,0x10c6,0x10c6,0x10c6,0x10c6,0x1926,0x31e7,0x6b49,0xb58d,0xd6ae,
    0xd6ae,0xb58d,0x6b49,0x31e7,0x1926,0x10c6,0x10c6,0x10c6,0x10c6,0x10c6,0x10c6,0x10c6,0x10c6,0x10c6,0x10c6,0x10c6,
    0x10c6,0x10c6,0x10c6,0x10c6,0x10c6,0x10c6,0x10e6,0x2167,0x4268,0x6b8a,0x9cec,0xbdcd,0xce4e,0xd68e,0xd68e,0xbded,
    0x8c8b,0x6329,0x31e7,0x1926,0x10e6,0x10c6,0x10c6,0x10c6,0x10c6,0x10c6,0x10c6,0x10c6,0x10c6,0x10c6,0x10c6,0x10c6,
    0x10c6,0x10c6,0x10c6,0x10c6,0x10c6,0x10c6,0x10c6,0x10c6,0x10c6,0x10c6,0x10c6,0x2107,0x496b,0x59ac,0x59ac,0x59ac,
    0x59ac,0x59ac,0x59ac,0x496b,0x2107,0x10c6,0x10c6,0x10c6,0x10c6,0x10c6,0x10c6,0x10c6,0x10c6,0x10c6,0x10c6,0x10c6,
    0x10c6,0x10c6,0x10c6,0x10c6,0x10c6,0x10c6,0x10c6,0x10c6,0x10c6,0x10c6,0x10c6,0x1926,0x31e7,0x5b09,0x94cc,0xbded,
    0xce6e,0xd68e,0xd68e,0xb5cd,0x844b,0x5b09,0x3a07,0x2146,0x1906,0x10c6,0x10c6,0x10c6,0x10c6,0x10c6,0x10c6,0x10c6,
    0x10c6,0x10c6,0x10c6,0x10c6,0x10c6,0x10c6,0x10c6,0x10c6,0x10c6,0x10c6,0x10c6,0x1926,0x31e7,0x6b49,0xb58d,0xd6ae,
    0xd6ae,0xb58d,0x6b49,0x31e7,0x1926,0x10c6,0x10c6,0x10c6,0x10c6,0x10c6,0x10c6,0x10c6,0x10c6,0x10c6,0x10c6,0x10c6,
    0x10c6,0x10c6,0x10c6,0x10c6,0x10c6,0x10c6,0x10c6,0x1906,0x2146,0x3a07,0x5b09,0x844b,0xbdcd,0xd68e,0xd68e,0xce6e,
    0xbded,0x94cb,0x5b09,0x31c7,0x1926,0x10c6,0x10c6,0x10c6,0x10c6,0x10c6,0x10c6,0x10c6,0x10c6,0x10c6,0x10c6,0x10c6,
    0x10c6,0x10c6,0x10c6,0x10c6,0x10c6,0x10c6,0x10c6,0x10c6,0x10c6,0x10c6,0x10c6,0x2107,0x496b,0x59ac,0x59ac,0x59ac,
    0x59ac,0x59ac,0x59ac,0x496b,0x2107,0x10c6,0x10c6,0x10c6,0x10c6,0x10c6,0x10c6,0x10c6,0x10c6,0x10c6,0x10c6,0x10c6,
    0x10c6,0x10c6,0x10c6,0x10c6,0x10c6,0x10c6,0x10c6,0x10c6,0x10c6,0x10e6,0x1906,0x31a7,0x5b09,0x8c6b,0xbdcd,0xd68e,
    0xd68e,0xce4e,0xb5ad,0x8c8b,0x5ae9,0x31c7,0x1926,0x10c6,0x10c6,0x10c6,0x10c6,0x10c6,0x10c6,0x10c6,0x10c6,0x10c6,
    0x10c6,0x10c6,0x10c6,0x10c6,0x10c6,0x10c6,0x10c6,0x10c6,0x10c6,0x10c6,0x10c6,0x1926,0x31e7,0x6b49,0xb58d,0xd6ae,
    0xd6ae,0xb58d,0x6b49,0x31e7,0x1926,0x10c6,0x10c6,0x10c6,0x10c6,0x10c6,0x10c6,0x10c6,0x10c6,0x10c6,0x10c6,0x10c6,
    0x10c6,0x10c6,0x10c6,0x10c6,0x10c6,0x10c6,0x10c6,0x10c6,0x10c6,0x1926,0x31c7,0x5ae9,0x948b,0xb5ad,0xce4e,0xd68e,
    0xd68e,0xbdcd,0x844b,0x5ae9,0x31a7,0x1906,0x10e6,0x10c6,0x10c6,0x10c6,0x10c6,0x10c6,0x10c6,0x10c6,0x10c6,0x10c6,
    0x10c6,0x10c6,0x10c6,0x10c6,0x10c6,0x10c6,0x10c6,0x10c6,0x10c6,0x10c6,0x10c6,0x2107,0x496b,0x59ac,0x59ac,0x59ac,
    0x59ac,0x59ac,0x59ac,0x496b,0x2107,0x10c6,0x10c6,0x10c6,0x10c6,0x10c6,0x10c6,0x10c6,0x10c6,0x10c6,0x10c6,0x10c6,
    0x10c6,0x10c6,0x10c6,0x10c6,0x10c6,0x10c6,0x10c6,0x10c6,0x10c6,0x1906,0x2967,0x4aa8,0x8c8b,0xbdcd,0xce4e,0xd68e,
    0xd68e,0xb5ad,0x7c0a,0x52c9,0x31c7,0x1926,0x10e6,0x10c6,0x10c6,0x10c6,0x10c6,0x10c6,0x10c6,0x10c6,0x10c6,0x10c6,
    0x10c6,0x10c6,0x10c6,0x10c6,0x10c6,0x10c6,0x10c6,0x10c6,0x10c6,0x10c6,0x10c6,0x1926,0x31e7,0x6b49,0xb58d,0xd6ae,
    0xd6ae,0xb58d,0x6b49,0x31e7,0x1926,0x10c6,0x10c6,0x10c6,0x10c6,0x10c6,0x10c6,0x10c6,0x10c6,0x10c6,0x10c6,0x10c6,
    0x10c6,0x10c6,0x10c6,0x10c6,0x10c6,0x10c6,0x10c6,0x10c6,0x10c6,0x10e6,0x1926,0x31c7,0x52c9,0x840a,0xb5ad,0xd68e,
    0xd68e,0xce4e,0xbdcd,0x8c8b,0x4a88,0x2167,0x1906,0x10c6,0x10c6,0x10c6,0x10c6,0x10c6,0x10c6,0x10c6,0x10c6,0x10c6,
    0x10c6,0x10c6,0x10c6,0x10c6,0x10c6,0x10c6,0x10c6,0x10c6,0x10c6,0x10c6,0x10c6,0x2107,0x496b,0x59ac,0x59ac,0x59ac,
    0x59ac,0x59ac,0x59ac,0x496b,0x2107,0x10c6,0x10c6,0x10c6,0x10c6,0x10c6,0x10c6,0x10c6,0x10c6,0x10c6,0x10c6,0x10c6,
    0x10c6,0x10c6,0x10c6,0x10c6,0x10c6,0x10c6,0x10c6,0x10c6,0x10e6,0x2167,0x4a68,0x73ca,0xb58d,0xd68e,0xd68e,0xce4e,
    0xb5ad,0x8c8b,0x52c8,0x2987,0x1906,0x10c6,0x10c6,0x10c6,0x10c6,0x10c6,0x10c6,0x10c6,0x10c6,0x10c6,0x10c6,0x10c6,
    0x10c6,0x10c6,0x10c6,0x10c6,0x10c6,0x10c6,0x10c6,0x10c6,0x10c6,0x10c6,0x10c6,0x1926,0x31e7,0x6b49,0xb58d,0xd6ae,
    0xd6ae,0xb58d,0x6b49,0x31e7,0x1926,0x10c6,0x10c6,0x10c6,0x10c6,0x10c6,0x10c6,0x10c6,0x10c6,0x10c6,0x10c6,0x10c6,
    0x10c6,0x10c6,0x10c6,0x10c6,0x10c6,0x10c6,0x10c6,0x10c6,0x10c6,0x10c6,0x10c6,0x1906,0x29a7,0x52c8,0x948b,0xbdcd,
    0xce4e,0xd68e,0xd68e,0xb58d,0x73ca,0x4248,0x2167,0x10e6,0x10c6,0x10c6,0x10c6,0x10c6,0x10c6,0x10c6,0x10c6,0x10c6,
    0x10c6,0x10c6,0x10c6,0x10c6,0x10c6,0x10c6,0x10c6,0x10c6,0x10c6,0x10c6,0x10c6,0x2107,0x496b,0x59ac,0x59ac,0x59ac,
    0x59ac,0x59ac,0x59ac,0x496b,0x2107,0x10c6,0x10c6,0x10c6,0x10c6,0x10c6,0x10c6,0x10c6,0x10c6,0x10c6,0x10c6,0x10c6,
    0x10c6,0x10c6,0x10c6,0x10c6,0x10c6,0x10c6,0x10c6,0x10e6,0x1906,0x3a07,0x7bea,0xad4c,0xc62e,0xd68e,0xd68e,0xbdcd,
    0x842b,0x52e9,0x31a7,0x1906,0x10e6,0x10c6,0x10c6,0x10c6,0x10c6,0x10c6,0x10c6,0x10c6,0x10c6,0x10c6,0x10c6,0x10c6,
    0x10c6,0x10c6,0x10c6,0x10c6,0x10c6,0x10c6,0x10c6,0x10c6,0x10c6,0x10c6,0x10c6,0x1926,0x31e7,0x6b49,0xb58d,0xd6ae,
    0xd6ae,0xb58d,0x6b49,0x31e7,0x1926,0x10c6,0x10c6,0x10c6,0x10c6,0x10c6,0x10c6,0x10c6,0x10c6,0x10c6,0x10c6,0x10c6,
    0x10c6,0x10c6,0x10c6,0x10c6,0x10c6,0x10c6,0x10c6,0x10c6,0x10c6,0x10c6,0x10c6,0x10e6,0x1906,0x31c7,0x5ae9,0x844b,
    0xbdcd,0xd68e,0xd68e,0xc62e,0xa54c,0x7bea,0x39e7,0x10e6,0x10e6,0x10c6,0x10c6,0x10c6,0x10c6,0x10c6,0x10c6,0x10c6,
    0x10c6,0x10c6,0x10c6,0x10c6,0x10c6,0x10c6,0x10c6,0x10c6,0x10c6,0x10c6,0x10c6,0x2107,0x496b,0x59ac,0x59ac,0x59ac,
    0x59ac,0x59ac,0x59ac,0x496b,0x2107,0x10c6,0x10c6,0x10c6,0x10c6,0x10c6,0x10c6,0x10c6,0x10c6,0x10c6,0x10c6,0x10c6,
    0x10c6,0x10c6,0x10c6,0x10c6,0x10c6,0x10c6,0x10c6,0x1906,0x29a7,0x5ae9,0x9d0c,0xc62e,0xd68e,0xce6e,0xc60d,0x9ccc,
    0x5ae9,0x31a7,0x1926,0x10c6,0x10c6,0x10c6,0x10c6,0x10c6,0x10c6,0x10c6,0x10c6,0x10c6,0x10c6,0x10c6,0x10c6,0x10c6,
    0x10c6,0x10c6,0x10c6,0x10c6,0x10c6,0x10c6,0x10c6,0x10c6,0x10c6,0x10c6,0x10c6,0x1926,0x31e7,0x6b49,0xb58d,0xd6ae,
    0xd6ae,0xb58d,0x6b49,0x31e7,0x1926,0x10c6,0x10c6,0x10c6,0x10c6,0x10c6,0x10c6,0x10c6,0x10c6,0x10c6,0x10c6,0x10c6,
    0x10c6,0x10c6,0x10c6,0x10c6,0x10c6,0x10c6,0x10c6,0x10e6,0x10e6,0x1906,0x1906,0x10e6,0x10e6,0x1926,0x31c7,0x5b09,
    0x9cec,0xc60d,0xce6e,0xd68e,0xc62e,0x9cec,0x5ae9,0x29a7,0x1906,0x10c6,0x10c6,0x10c6,0x10c6,0x10c6,0x10c6,0x10c6,
    0x10c6,0x10c6,0x10c6,0x10c6,0x10c6,0x10c6,0x10c6,0x10c6,0x10c6,0x10c6,0x10c6,0x2107,0x496b,0x59ac,0x59ac,0x59ac,
    0x59ac,0x59ac,0x59ac,0x496b,0x2107,0x10c6,0x10c6,0x10c6,0x10c6,0x10c6,0x10c6,0x10c6,0x10c6,0x10c6,0x10c6,0x10c6,
    0x10c6,0x10c6,0x10c6,0x10c6,0x10c6,0x10c6,0x10c6,0x2987,0x52c9,0x844b,0xb5ad,0xd68e,0xd6ae,0xc60d,0x9cec,0x6b8a,
    0x39e7,0x1926,0x10e6,0x10c6,0x10c6,0x10c6,0x10c6,0x10c6,0x10c6,0x10c6,0x10c6,0x10c6,0x10c6,0x10c6,0x10c6,0x10c6,
    0x10c6,0x10c6,0x10c6,0x10c6,0x10c6,0x10c6,0x10c6,0x10c6,0x10c6,0x10c6,0x10c6,0x1926,0x31e7,0x6b49,0xb58d,0xd6ae,
    0xd6ae,0xb58d,0x6b49,0x31e7,0x1926,0x10c6,0x10c6,0x10c6,0x10c6,0x10c6,0x10c6,0x10c6,0x10c6,0x10c6,0x10c6,0x10c6,
    0x10c6,0x10c6,0x10c6,0x10c6,0x10c6,0x10c6,0x10c6,0x10e6,0x2146,0x2167,0x2167,0x2146,0x10e6,0x10e6,0x1926,0x3a07,
    0x6b8a,0x9cec,0xc60d,0xd68e,0xd68e,0xb5ad,0x842b,0x52c9,0x2967,0x10c6,0x10c6,0x10c6,0x10c6,0x10c6,0x10c6,0x10c6,
    0x10c6,0x10c6,0x10c6,0x10c6,0x10c6,0x10c6,0x10c6,0x10c6,0x10c6,0x10c6,0x10c6,0x2107,0x496b,0x59ac,0x59ac,0x59ac,
    0x59ac,0x59ac,0x59ac,0x496b,0x2107,0x10c6,0x10c6,0x10c6,0x10c6,0x10c6,0x10c6,0x10c6,0x10c6,0x10c6,0x10c6,0x10c6,
    0x10c6,0x10c6,0x10c6,0x10c6,0x10c6,0x10e6,0x1906,0x3a07,0x7bea,0xad4c,0xc62e,0xd68e,0xce6e,0xad6c,0x73aa,0x4248,
    0x2146,0x10c6,0x10c6,0x10c6,0x10c6,0x10c6,0x10c6,0x10c6,0x10c6,0x10c6,0x10c6,0x10c6,0x10c6,0x10c6,0x10c6,0x10c6,
    0x10c6,0x10c6,0x10c6,0x10c6,0x10c6,0x10c6,0x10c6,0x10c6,0x10c6,0x10c6,0x10c6,0x1926,0x31c7,0x6329,0xad8c,0xd6ae,
    0xd6ae,0xad8c,0x6329,0x31c7,0x1926,0x10c6,0x10c6,0x10c6,0x10c6,0x10c6,0x10c6,0x10c6,0x10c6,0x10c6,0x10c6,0x10c6,
    0x10c6,0x10c6,0x10c6,0x10c6,0x10c6,0x10e6,0x1906,0x2987,0x4a68,0x52c9,0x52c9,0x4268,0x2967,0x10e6,0x10e6,0x2146,
    0x4268,0x73ca,0xad6c,0xce6e,0xd68e,0xc62e,0xa54c,0x7bea,0x3a07,0x1906,0x10e6,0x10c6,0x10c6,0x10c6,0x10c6,0x10c6,
    0x10c6,0x10c6,0x10c6,0x10c6,0x10c6,0x10c6,0x10c6,0x10c6,0x10c6,0x10c6,0x10c6,0x2107,0x496b,0x59ac,0x59ac,0x59ac,
    0x59ac,0x59ac,0x59ac,0x496b,0x2107,0x10c6,0x10c6,0x10c6,0x10c6,0x10c6,0x10c6,0x10c6,0x10c6,0x10c6,0x10c6,0x10c6,
    0x10c6,0x10c6,0x10c6,0x10c6,0x10c6,0x1906,0x2987,0x52c9,0x9cec,0xc62d,0xd68e,0xce6e,0xbdcd,0x8c8b,0x4a88,0x2146,
    0x18e6,0x10c6,0x10c6,0x10c6,0x10c6,0x10c6,0x10c6,0x10c6,0x10c6,0x10c6,0x10c6,0x10c6,0x10c6,0x10c6,0x10c6,0x10c6,
    0x10c6,0x10c6,0x10c6,0x10c6,0x10c6,0x10c6,0x10c6,0x10c6,0x10c6,0x10c6,0x10c6,0x1906,0x2987,0x5ae9,0xad4c,0xd68e,
    0xd68e,0xad4c,0x5ae9,0x2987,0x1906,0x10c6,0x10c6,0x10c6,0x10c6,0x10c6,0x10c6,0x10c6,0x10c6,0x10c6,0x10c6,0x10c6,
    0x10c6,0x10c6,0x10c6,0x10c6,0x10c6,0x1906,0x29a7,0x52c8,0x8c6b,0xa54c,0xa54c,0x844b,0x4268,0x2146,0x10e6,0x1906,
    0x2167,0x4a88,0x948b,0xbdcd,0xce6e,0xd66e,0xc62e,0x9cec,0x52a9,0x2167,0x1906,0x10c6,0x10c6,0x10c6,0x10c6,0x10c6,
    0x10c6,0x10c6,0x10c6,0x10c6,0x10c6,0x10c6,0x10c6,0x10c6,0x10c6,0x10c6,0x10c6,0x2107,0x496b,0x59ac,0x59ac,0x59ac,
    0x59ac,0x59ac,0x59ac,0x496b,0x2107,0x10c6,0x10c6,0x10c6,0x10c6,0x10c6,0x10c6,0x10c6,0x10c6,0x10c6,0x10c6,0x10c6,
    0x10c6,0x10c6,0x10c6,0x10c6,0x10c6,0x2146,0x4248,0x73ca,0xb5ad,0xd6ae,0xd6ae,0xc60d,0x9ccc,0x6b6a,0x31a7,0x10c6,
    0x10c6,0x10c6,0x10c6,0x10c6,0x10c6,0x10c6,0x10c6,0x10c6,0x10c6,0x10c6,0x10c6,0x10c6,0x10c6,0x10c6,0x10c6,0x10c6,
    0x10c6,0x10c6,0x10c6,0x10c6,0x10c6,0x10c6,0x10c6,0x10c6,0x10c6,0x10c6,0x10c6,0x10e6,0x2146,0x4268,0x844b,0xa54c,
    0xa54c,0x844b,0x4268,0x2146,0x10e6,0x10c6,0x10c6,0x10c6,0x10c6,0x10c6,0x10c6,0x10c6,0x10c6,0x10c6,0x10c6,0x10c6,
    0x10c6,0x10c6,0x10c6,0x10e6,0x1906,0x29a7,0x52a8,0x840a,0xb5ad,0xd68e,0xd68e,0xa54c,0x52c9,0x2167,0x1906,0x10c6,
    0x10e6,0x31c7,0x6b6a,0x9cec,0xc60d,0xd6ae,0xd68e,0xb5ad,0x73aa,0x4228,0x2146,0x10c6,0x10c6,0x10c6,0x10c6,0x10c6,
    0x10c6,0x10c6,0x10c6,0x10c6,0x10c6,0x10c6,0x10c6,0x10c6,0x10c6,0x10c6,0x10c6,0x2107,0x496b,0x59ac,0x59ac,0x59ac,
    0x59ac,0x59ac,0x59ac,0x496b,0x2107,0x10c6,0x10c6,0x10c6,0x10c6,0x10c6,0x10c6,0x10c6,0x10c6,0x10c6,0x10c6,0x10c6,
    0x10c6,0x10c6,0x10c6,0x10c6,0x10c6,0x31a7,0x6b6a,0x9cec,0xc60d,0xd6ae,0xd68e,0xb58d,0x6b8a,0x3a08,0x2146,0x10c6,
    0x10c6,0x10c6,0x10c6,0x10c6,0x10c6,0x10c6,0x10c6,0x10c6,0x10c6,0x10c6,0x10c6,0x10c6,0x10c6,0x10c6,0x10c6,0x10c6,
    0x10c6,0x10c6,0x10c6,0x10c6,0x10c6,0x10c6,0x10c6,0x10c6,0x10c6,0x10c6,0x10c6,0x10e6,0x10e6,0x2967,0x4268,0x52c9,
    0x52c9,0x4268,0x2967,0x10e6,0x10e6,0x10c6,0x10c6,0x10c6,0x10c6,0x10c6,0x10c6,0x10c6,0x10c6,0x10c6,0x10c6,0x10c6,
    0x10c6,0x10c6,0x10c6,0x18e6,0x2146,0x4a68,0x8c4b,0xb5ad,0xce4e,0xd68e,0xd68e,0xa54c,0x52c9,0x2167,0x1906,0x10c6,
    0x10c6,0x2146,0x3a28,0x6b8a,0xb58d,0xd68e,0xd6ae,0xc60d,0x9ccc,0x6b69,0x29a7,0x10c6,0x10c6,0x10c6,0x10c6,0x10c6,
    0x10c6,0x10c6,0x10c6,0x10c6,0x10c6,0x10c6,0x10c6,0x10c6,0x10c6,0x10c6,0x10c6,0x2107,0x496b,0x59ac,0x59ac,0x59ac,
    0x59ac,0x59ac,0x59ac,0x496b,0x2107,0x10c6,0x10c6,0x10c6,0x10c6,0x10c6,0x10c6,0x10c6,0x10c6,0x10c6,0x10c6,0x10c6,
    0x10c6,0x10c6,0x10c6,0x10e6,0x1906,0x4228,0x8c6b,0xbdcd,0xce6e,0xd66e,0xc60d,0x94cb,0x4a88,0x2146,0x10e6,0x10c6,
    0x10c6,0x10c6,0x10c6,0x10c6,0x10c6,0x10c6,0x10c6,0x10c6,0x10c6,0x10c6,0x10c6,0x10c6,0x10c6,0x10c6,0x10c6,0x10c6,
    0x10c6,0x10c6,0x10c6,0x10c6,0x10c6,0x10c6,0x10c6,0x10c6,0x10c6,0x10c6,0x10c6,0x10c6,0x10c6,0x10e6,0x2146,0x2167,
    0x2167,0x2146,0x10e6,0x10c6,0x10c6,0x10c6,0x10c6,0x10c6,0x10c6,0x10c6,0x10c6,0x10c6,0x10c6,0x10c6,0x10c6,0x10c6,
    0x10c6,0x10c6,0x10e6,0x2167,0x4248,0x73aa,0xad8c,0xce6e,0xd68e,0xce6e,0xbded,0x8c8b,0x4a68,0x2146,0x10e6,0x10c6,
    0x10c6,0x18e6,0x2146,0x4aa8,0x9ccc,0xc62d,0xd68e,0xce4e,0xb5ad,0x8c4b,0x4228,0x1906,0x10e6,0x10c6,0x10c6,0x10c6,
    0x10c6,0x10c6,0x10c6,0x10c6,0x10c6,0x10c6,0x10c6,0x10c6,0x10c6,0x10c6,0x10c6,0x2107,0x496b,0x59ac,0x59ac,0x59ac,
    0x59ac,0x59ac,0x59ac,0x496b,0x2107,0x10c6,0x10c6,0x10c6,0x10c6,0x10c6,0x10c6,0x10c6,0x10c6,0x10c6,0x10c6,0x10c6,
    0x10c6,0x10c6,0x10c6,0x1906,0x2987,0x52e9,0xa52c,0xce6e,0xd68e,0xc62e,0xa52c,0x73ca,0x39e7,0x10e6,0x10e6,0x10c6,
    0x10c6,0x10c6,0x10c6,0x10c6,0x10c6,0x10c6,0x10c6,0x10c6,0x10c6,0x10c6,0x10c6,0x10c6,0x10c6,0x10c6,0x10c6,0x10c6,
    0x10c6,0x10c6,0x10c6,0x10c6,0x10c6,0x10c6,0x10c6,0x10c6,0x10c6,0x10c6,0x10c6,0x10c6,0x10c6,0x10e6,0x10e6,0x1906,
    0x1906,0x10e6,0x10e6,0x10c6,0x10c6,0x10c6,0x10c6,0x10c6,0x10c6,0x10c6,0x10c6,0x10c6,0x10c6,0x10c6,0x10c6,0x10c6,
    0x10c6,0x10e6,0x1906,0x3a28,0x7bea,0xad4c,0xc62d,0xd68e,0xd6ae,0xbded,0x8c8b,0x5b29,0x31a7,0x10e6,0x10e6,0x10c6,
    0x10c6,0x10e6,0x1906,0x39e7,0x7bea,0xa54c,0xc62e,0xd68e,0xce4e,0xa52c,0x52c9,0x2967,0x1906,0x10c6,0x10c6,0x10c6,
    0x10c6,0x10c6,0x10c6,0x10c6,0x10c6,0x10c6,0x10c6,0x10c6,0x10c6,0x10c6,0x10c6,0x2107,0x496b,0x59ac,0x59ac,0x59ac,
    0x59ac,0x59ac,0x59ac,0x496b,0x2107,0x10c6,0x10c6,0x10c6,0x10c6,0x10c6,0x10c6,0x10c6,0x10c6,0x10c6,0x10c6,0x10c6,
    0x10c6,0x10c6,0x10c6,0x2146,0x4228,0x73aa,0xb5ad,0xd6ae,0xd6ae,0xbdcd,0x842b,0x52c9,0x2967,0x10c6,0x10c6,0x10c6,
    0x10c6,0x10c6,0x10c6,0x10c6,0x10c6,0x10c6,0x10c6,0x10c6,0x10c6,0x10c6,0x10c6,0x10c6,0x10c6,0x10c6,0x10c6,0x10c6,
    0x10c6,0x10c6,0x10c6,0x10c6,0x10c6,0x10c6,0x10c6,0x10c6,0x10c6,0x10c6,0x10c6,0x10c6,0x10c6,0x10c6,0x10c6,0x10c6,
    0x10c6,0x10c6,0x10c6,0x10c6,0x10c6,0x10c6,0x10c6,0x10c6,0x10c6,0x10c6,0x10c6,0x10c6,0x10c6,0x10c6,0x10c6,0x10c6,
    0x10c6,0x2146,0x39e7,0x6349,0xa52c,0xce2e,0xd68e,0xd66e,0xc60d,0x9d0c,0x6349,0x3a07,0x2126,0x10c6,0x10c6,0x10c6,
    0x10c6,0x10c6,0x10c6,0x2987,0x52e9,0x8c4b,0xbded,0xd6ae,0xd6ae,0xb5ad,0x73aa,0x3a28,0x2146,0x10c6,0x10c6,0x10c6,
    0x10c6,0x10c6,0x10c6,0x10c6,0x10c6,0x10c6,0x10c6,0x10c6,0x10c6,0x10c6,0x10c6,0x2107,0x496b,0x59ac,0x59ac,0x59ac,
    0x59ac,0x59ac,0x59ac,0x496b,0x2107,0x10c6,0x10c6,0x10c6,0x10c6,0x10c6,0x10c6,0x10c6,0x10c6,0x10c6,0x10c6,0x10c6,
    0x10c6,0x10c6,0x10c6,0x2987,0x6329,0x948b,0xbded,0xd6ae,0xd68e,0xad6c,0x6329,0x31c7,0x1926,0x10c6,0x10c6,0x10c6,
    0x10c6,0x10c6,0x10c6,0x10c6,0x10c6,0x10c6,0x10c6,0x10c6,0x10c6,0x10c6,0x10c6,0x10c6,0x10c6,0x10c6,0x10c6,0x10c6,
    0x10c6,0x10c6,0x10c6,0x10c6,0x10c6,0x10c6,0x10c6,0x10c6,0x10c6,0x10c6,0x10c6,0x10c6,0x10c6,0x10c6,0x10c6,0x10c6,
    0x10c6,0x10c6,0x10c6,0x10c6,0x10c6,0x10c6,0x10c6,0x10c6,0x10c6,0x10c6,0x10c6,0x10c6,0x10c6,0x10c6,0x10c6,0x10e6,
    0x10e6,0x31c7,0x6b8a,0x9cec,0xbded,0xd68e,0xd6ae,0xc60d,0x9cec,0x73aa,0x3a28,0x1926,0x10e6,0x10c6,0x10c6,0x10c6,
    0x10c6,0x10c6,0x10c6,0x1926,0x31c7,0x6349,0xad6c,0xd6ae,0xd6ae,0xbded,0x8c8b,0x5b09,0x2987,0x10c6,0x10c6,0x10c6,
    0x10c6,0x10c6,0x10c6,0x10c6,0x10c6,0x10c6,0x10c6,0x10c6,0x10c6,0x10c6,0x10c6,0x2107,0x496b,0x59ac,0x59ac,0x59ac,
    0x59ac,0x59ac,0x59ac,0x496b,0x2107,0x10c6,0x10c6,0x10c6,0x10c6,0x10c6,0x10c6,0x10c6,0x10c6,0x10c6,0x10c6,0x10c6,
    0x10c6,0x10c6,0x10e6,0x31e7,0x7bea,0xad6c,0xce4e,0xd68e,0xc62e,0x9cec,0x4a88,0x1926,0x10e6,0x10c6,0x10c6,0x10c6,
    0x10c6,0x10c6,0x10c6,0x10c6,0x10c6,0x10c6,0x10c6,0x10c6,0x10c6,0x10c6,0x10c6,0x10c6,0x10c6,0x10c6,0x10c6,0x10c6,
    0x10c6,0x10c6,0x10c6,0x10c6,0x10c6,0x10c6,0x10c6,0x10c6,0x10c6,0x10c6,0x10c6,0x10c6,0x10c6,0x10c6,0x10c6,0x10c6,
    0x10c6,0x10c6,0x10c6,0x10c6,0x10c6,0x10c6,0x10c6,0x10c6,0x10c6,0x10c6,0x10c6,0x10c6,0x10c6,0x10c6,0x10c6,0x1926,
    0x29a7,0x5ae9,0x94cc,0xbded,0xce6e,0xd68e,0xce4e,0xad4c,0x73ca,0x4a68,0x2146,0x10c6,0x10c6,0x10c6,0x10c6,0x10c6,
    0x10c6,0x10c6,0x10c6,0x10e6,0x1926,0x4a88,0x9cec,0xce4e,0xd68e,0xce2e,0xad6c,0x7bea,0x31e7,0x10c6,0x10c6,0x10c6,
    0x10c6,0x10c6,0x10c6,0x10c6,0x10c6,0x10c6,0x10c6,0x10c6,0x10c6,0x10c6,0x10c6,0x2107,0x496b,0x59ac,0x59ac,0x59ac,
    0x59ac,0x59ac,0x59ac,0x496b,0x2107,0x10c6,0x10c6,0x10c6,0x10c6,0x10c6,0x10c6,0x10c6,0x10c6,0x10c6,0x10c6,0x10c6,
    0x10c6,0x10e6,0x10e6,0x4248,0x94ab,0xc62d,0xd66e,0xce4e,0xad8d,0x7c0a,0x3a07,0x10e6,0x10c6,0x10c6,0x10c6,0x10c6,
    0x10c6,0x10c6,0x10c6,0x10c6,0x10c6,0x10c6,0x10c6,0x10c6,0x10c6,0x10c6,0x10c6,0x10c6,0x10c6,0x10c6,0x10c6,0x10c6,
    0x10c6,0x10c6,0x10c6,0x10c6,0x10c6,0x10c6,0x10c6,0x10c6,0x10c6,0x10c6,0x10c6,0x10c6,0x10c6,0x10c6,0x10c6,0x10c6,
    0x10c6,0x10c6,0x10c6,0x10c6,0x10c6,0x10c6,0x10c6,0x10c6,0x10c6,0x10c6,0x10c6,0x10c6,0x10c6,0x10c6,0x10e6,0x2987,
    0x5b09,0x8c6b,0xb5ad,0xce6e,0xd68e,0xce4e,0xad6c,0x842b,0x4a68,0x2146,0x1906,0x10c6,0x10c6,0x10c6,0x10c6,0x10c6,
    0x10c6,0x10c6,0x10c6,0x10c6,0x10e6,0x3a08,0x842b,0xb58d,0xce4e,0xd66e,0xc60d,0x94ab,0x4228,0x10e6,0x10e6,0x10c6,
    0x10c6,0x10c6,0x10c6,0x10c6,0x10c6,0x10c6,0x10c6,0x10c6,0x10c6,0x10c6,0x10c6,0x2107,0x496b,0x59ac,0x59ac,0x59ac,
    0x59ac,0x59ac,0x59ac,0x496b,0x2107,0x10c6,0x10c6,0x10c6,0x10c6,0x10c6,0x10c6,0x10c6,0x10c6,0x10c6,0x10c6,0x10c6,
    0x10c6,0x18e6,0x2147,0x52c9,0xa54c,0xd68e,0xd6ae,0xc60d,0x94cb,0x6349,0x29a7,0x10c6,0x10c6,0x10c6,0x10c6,0x10c6,
    0x10c6,0x10c6,0x10c6,0x10c6,0x10c6,0x10c6,0x10c6,0x10c6,0x10c6,0x10c6,0x10c6,0x10c6,0x10c6,0x10c6,0x10c6,0x10c6,
    0x10c6,0x10c6,0x10c6,0x10c6,0x10c6,0x10c6,0x10c6,0x10c6,0x10c6,0x10c6,0x10c6,0x10c6,0x10c6,0x10c6,0x10c6,0x10c6,
    0x10c6,0x10c6,0x10c6,0x10c6,0x10c6,0x10c6,0x10c6,0x10c6,0x10c6,0x10c6,0x10c6,0x10c6,0x10c6,0x1906,0x2967,0x4a88,
    0x8c6b,0xb58d,0xce4e,0xd68e,0xce6e,0xb58d,0x844b,0x5ae9,0x2987,0x10c6,0x10c6,0x10c6,0x10c6,0x10c6,0x10c6,0x10c6,
    0x10c6,0x10c6,0x10c6,0x10c6,0x10c6,0x29a7,0x6b6a,0x9ccc,0xc60d,0xd6ae,0xd68e,0xa52c,0x52a8,0x2146,0x10e6,0x10c6,
    0x10c6,0x10c6,0x10c6,0x10c6,0x10c6,0x10c6,0x10c6,0x10c6,0x10c6,0x10c6,0x10c6,0x2107,0x496b,0x59ac,0x59ac,0x59ac,
    0x59ac,0x59ac,0x59ac,0x496b,0x2107,0x10c6,0x10c6,0x10c6,0x10c6,0x10c6,0x10c6,0x10c6,0x10c6,0x10c6,0x10c6,0x10c6,
    0x10c6,0x1926,0x39e7,0x6b69,0xb58d,0xd6ae,0xd6ae,0xbdcd,0x7bea,0x4a88,0x2167,0x10c6,0x10c6,0x10c6,0x10c6,0x10c6,
    0x10c6,0x10c6,0x10c6,0x10c6,0x10c6,0x10c6,0x10c6,0x10c6,0x10c6,0x10c6,0x10c6,0x10c6,0x10c6,0x10c6,0x10c6,0x10c6,
    0x10c6,0x10c6,0x10c6,0x10c6,0x10c6,0x10c6,0x10c6,0x10c6,0x10c6,0x10c6,0x10c6,0x10c6,0x10c6,0x10c6,0x10c6,0x10c6,
    0x10c6,0x10c6,0x10c6,0x10c6,0x10c6,0x10c6,0x10c6,0x10c6,0x10c6,0x10c6,0x10c6,0x10c6,0x10c6,0x2167,0x52a8,0x7c0a,
    0xad6d,0xce4e,0xd68e,0xce6e,0xbdcd,0x948b,0x52a8,0x2987,0x1906,0x10c6,0x10c6,0x10c6,0x10c6,0x10c6,0x10c6,0x10c6,
    0x10c6,0x10c6,0x10c6,0x10c6,0x10c6,0x2167,0x4a88,0x7c0b,0xbdcd,0xd6ae,0xd68e,0xad8c,0x6349,0x31e7,0x1926,0x10c6,
    0x10c6,0x10c6,0x10c6,0x10c6,0x10c6,0x10c6,0x10c6,0x10c6,0x10c6,0x10c6,0x10c6,0x2107,0x496b,0x59ac,0x59ac,0x59ac,
    0x59ac,0x59ac,0x59ac,0x496b,0x2107,0x10c6,0x10c6,0x10c6,0x10c6,0x10c6,0x10c6,0x10c6,0x10c6,0x10c6,0x10c6,0x10c6,
    0x10c6,0x2167,0x4a88,0x7c0a,0xbdcd,0xd6ae,0xd6ae,0xad8d,0x6349,0x31c7,0x1926,0x10c6,0x10c6,0x10c6,0x10c6,0x10c6,
    0x10c6,0x10c6,0x10c6,0x10c6,0x10c6,0x10c6,0x10c6,0x10c6,0x10c6,0x10c6,0x10c6,0x10c6,0x10c6,0x10c6,0x10c6,0x10c6,
    0x10c6,0x10c6,0x10c6,0x10c6,0x10c6,0x10c6,0x10c6,0x10c6,0x10c6,0x10c6,0x10c6,0x10c6,0x10c6,0x10c6,0x10c6,0x10c6,
    0x10c6,0x10c6,0x10c6,0x10c6,0x10c6,0x10c6,0x10c6,0x10c6,0x10c6,0x10c6,0x10c6,0x10e6,0x2146,0x4248,0x7bea,0xa52c,
    0xc62e,0xd68e,0xd66e,0xbdcd,0x94ab,0x6349,0x31a7,0x10e6,0x10c6,0x10c6,0x10c6,0x10c6,0x10c6,0x10c6,0x10c6,0x10c6,
    0x10c6,0x10c6,0x10c6,0x10c6,0x10c6,0x1926,0x31e7,0x6349,0xb58d,0xd6ae,0xd6ae,0xb5cd,0x7bea,0x4a68,0x2146,0x10c6,
    0x10c6,0x10c6,0x10c6,0x10c6,0x10c6,0x10c6,0x10c6,0x10c6,0x10c6,0x10c6,0x10c6,0x2107,0x496b,0x59ac,0x59ac,0x59ac,
    0x59ac,0x59ac,0x59ac,0x496b,0x2107,0x10c6,0x10c6,0x10c6,0x10c6,0x10c6,0x10c6,0x10c6,0x10c6,0x10c6,0x10c6,0x10c6,
    0x10c6,0x2987,0x5b29,0x948b,0xbded,0xd6ae,0xd68e,0xa52c,0x52a8,0x2146,0x10e6,0x10c6,0x10c6,0x10c6,0x10c6,0x10c6,
    0x10c6,0x10c6,0x10c6,0x10c6,0x10c6,0x10c6,0x10c6,0x10c6,0x10c6,0x10c6,0x10c6,0x10c6,0x10c6,0x10c6,0x10c6,0x10c6,
    0x10c6,0x10c6,0x10c6,0x10c6,0x10c6,0x10c6,0x10c6,0x10c6,0x10c6,0x10c6,0x10c6,0x10c6,0x10c6,0x10c6,0x10c6,0x10c6,
    0x10c6,0x10c6,0x10c6,0x10c6,0x10c6,0x10c6,0x10c6,0x10c6,0x10c6,0x10c6,0x10c6,0x2146,0x4228,0x6b8a,0xa52c,0xc62e,
    0xd68e,0xd66e,0xc60d,0x9cec,0x5b09,0x31c7,0x1926,0x10c6,0x10c6,0x10c6,0x10c6,0x10c6,0x10c6,0x10c6,0x10c6,0x10c6,
    0x10c6,0x10c6,0x10c6,0x10c6,0x10c6,0x10e6,0x2146,0x52a9,0xa54c,0xd68e,0xd6ae,0xbded,0x8c8b,0x5b09,0x2987,0x10c6,
    0x10c6,0x10c6,0x10c6,0x10c6,0x10c6,0x10c6,0x10c6,0x10c6,0x10c6,0x10c6,0x10c6,0x2107,0x496b,0x59ac,0x59ac,0x59ac,
    0x59ac,0x59ac,0x59ac,0x496b,0x2107,0x10c6,0x10c6,0x10c6,0x10c6,0x10c6,0x10c6,0x10c6,0x10c6,0x10c6,0x10c6,0x10c6,
    0x10c6,0x31c7,0x73aa,0xa50c,0xc62d,0xd68e,0xce4e,0x9ccc,0x4248,0x10e6,0x10e6,0x10c6,0x10c6,0x10c6,0x10c6,0x10c6,
    0x10c6,0x10c6,0x10c6,0x10c6,0x10c6,0x10c6,0x10c6,0x10c6,0x10c6,0x10c6,0x10c6,0x10c6,0x10c6,0x10c6,0x10c6,0x10c6,
    0x10c6,0x10c6,0x10c6,0x10c6,0x10c6,0x10c6,0x10c6,0x10c6,0x10c6,0x10c6,0x10c6,0x10c6,0x10c6,0x10c6,0x10c6,0x10c6,
    0x10c6,0x10c6,0x10c6,0x10c6,0x10c6,0x10c6,0x10c6,0x10c6,0x10c6,0x10e6,0x1926,0x39e7,0x6b6a,0x94cb,0xc60d,0xd6ae,
    0xd68e,0xc60d,0xa50c,0x73ca,0x39e7,0x1906,0x10e6,0x10c6,0x10c6,0x10c6,0x10c6,0x10c6,0x10c6,0x10c6,0x10c6,0x10c6,
    0x10c6,0x10c6,0x10c6,0x10c6,0x10c6,0x10e6,0x10e6,0x4248,0x9cec,0xce4e,0xd68e,0xc62d,0xa50c,0x6b8a,0x31c7,0x10c6,
    0x10c6,0x10c6,0x10c6,0x10c6,0x10c6,0x10c6,0x10c6,0x10c6,0x10c6,0x10c6,0x10c6,0x2107,0x496b,0x59ac,0x59ac,0x59ac,
    0x59ac,0x59ac,0x59ac,0x496b,0x2107,0x10c6,0x10c6,0x10c6,0x10c6,0x10c6,0x10c6,0x10c6,0x10c6,0x10c6,0x10c6,0x10c6,
    0x10c6,0x31e7,0x842a,0xb58d,0xce4e,0xce6e,0xbdcd,0x8c4b,0x3a07,0x10c6,0x10c6,0x10c6,0x10c6,0x10c6,0x10c6,0x10c6,
    0x10c6,0x10c6,0x10c6,0x10c6,0x10c6,0x10c6,0x10c6,0x10c6,0x10c6,0x10c6,0x10c6,0x10c6,0x10c6,0x10c6,0x10c6,0x10c6,
    0x10c6,0x10c6,0x10c6,0x10c6,0x10c6,0x10c6,0x10c6,0x10c6,0x10c6,0x10c6,0x10c6,0x10c6,0x10c6,0x10c6,0x10c6,0x10c6,
    0x10c6,0x10c6,0x10c6,0x10c6,0x10c6,0x10c6,0x10c6,0x10c6,0x10c6,0x1926,0x31c7,0x5b09,0x9ccc,0xbded,0xce6e,0xd68e,
    0xce4e,0xad4c,0x6b8a,0x3a28,0x2146,0x10e6,0x10c6,0x10c6,0x10c6,0x10c6,0x10c6,0x10c6,0x10c6,0x10c6,0x10c6,0x10c6,
    0x10c6,0x10c6,0x10c6,0x10c6,0x10c6,0x10c6,0x10c6,0x3a08,0x8c6b,0xbdcd,0xce6e,0xce4e,0xb58d,0x7c0a,0x31e7,0x10c6,
    0x10c6,0x10c6,0x10c6,0x10c6,0x10c6,0x10c6,0x10c6,0x10c6,0x10c6,0x10c6,0x10c6,0x2107,0x496b,0x59ac,0x59ac,0x59ac,
    0x59ac,0x59ac,0x59ac,0x496b,0x2107,0x10c6,0x10c6,0x10c6,0x10c6,0x10c6,0x10c6,0x10c6,0x10c6,0x10c6,0x10c6,0x10c6,
    0x10c6,0x3a08,0x8c8b,0xc60d,0xce6e,0xce2e,0xad4c,0x7bea,0x31c7,0x10c6,0x10c6,0x10c6,0x10c6,0x10c6,0x10c6,0x10c6,
    0x10c6,0x10c6,0x10c6,0x10c6,0x10c6,0x10c6,0x10c6,0x10c6,0x10c6,0x10c6,0x10c6,0x10c6,0x10c6,0x10c6,0x10c6,0x10c6,
    0x10c6,0x10c6,0x10c6,0x10c6,0x10c6,0x10c6,0x10c6,0x10c6,0x10c6,0x10c6,0x10c6,0x10c6,0x10c6,0x10c6,0x10c6,0x10c6,
    0x10c6,0x10c6,0x10c6,0x10c6,0x10c6,0x10c6,0x10c6,0x10e6,0x1906,0x31a7,0x5ae9,0x844b,0xbdcd,0xd68e,0xd68e,0xc62e,
    0xad6d,0x842b,0x4248,0x2126,0x10e6,0x10c6,0x10c6,0x10c6,0x10c6,0x10c6,0x10c6,0x10c6,0x10c6,0x10c6,0x10c6,0x10c6,
    0x10c6,0x10c6,0x10c6,0x10c6,0x10c6,0x10c6,0x10c6,0x31e7,0x7bea,0xad6c,0xce4e,0xce6e,0xbded,0x8c8b,0x3a08,0x10c6,
    0x10c6,0x10c6,0x10c6,0x10c6,0x10c6,0x10c6,0x10c6,0x10c6,0x10c6,0x10c6,0x10c6,0x2107,0x496b,0x59ac,0x59ac,0x59ac,
    0x59ac,0x59ac,0x59ac,0x496b,0x2107,0x10c6,0x10c6,0x10c6,0x10c6,0x10c6,0x10c6,0x10c6,0x10c6,0x10c6,0x10c6,0x10c6,
    0x10e6,0x4248,0x9cec,0xce4e,0xd68e,0xc60d,0x9cec,0x6b6a,0x31a7,0x10c6,0x10c6,0x10c6,0x10c6,0x10c6,0x10c6,0x10c6,
    0x10c6,0x10c6,0x10c6,0x10c6,0x10c6,0x10c6,0x10c6,0x10c6,0x10c6,0x10c6,0x10c6,0x10c6,0x10c6,0x10c6,0x10c6,0x10c6,
    0x10c6,0x10c6,0x10c6,0x10c6,0x10c6,0x10c6,0x10c6,0x10c6,0x10c6,0x10c6,0x10c6,0x10c6,0x10c6,0x10c6,0x10c6,0x10c6,
    0x10c6,0x10c6,0x10c6,0x10c6,0x10c6,0x10c6,0x10c6,0x1906,0x2987,0x4aa8,0x8c8b,0xbdcd,0xce4e,0xd68e,0xd68e,0xb5ad,
    0x7bea,0x4a88,0x2987,0x10e6,0x10e6,0x10c6,0x10c6,0x10c6,0x10c6,0x10c6,0x10c6,0x10c6,0x10c6,0x10c6,0x10c6,0x10c6,
    0x10c6,0x10c6,0x10c6,0x10c6,0x10c6,0x10c6,0x10c6,0x31a7,0x6b8a,0x9cec,0xc60d,0xd68e,0xce4e,0x9cec,0x4228,0x10e6,
    0x10c6,0x10c6,0x10c6,0x10c6,0x10c6,0x10c6,0x10c6,0x10c6,0x10c6,0x10c6,0x10c6,0x2107,0x496b,0x59ac,0x59ac,0x59ac,
    0x59ac,0x59ac,0x59ac,0x496b,0x2107,0x10c6,0x10c6,0x10c6,0x10c6,0x10c6,0x10c6,0x10c6,0x10c6,0x10c6,0x10c6,0x10e6,
    0x1906,0x4a68,0xa52c,0xd68e,0xd6ae,0xbded,0x8c8b,0x5b09,0x2987,0x10c6,0x10c6,0x10c6,0x10c6,0x10c6,0x10c6,0x10c6,
    0x10c6,0x10c6,0x10c6,0x10c6,0x10c6,0x10c6,0x10c6,0x10c6,0x10c6,0x10c6,0x10c6,0x10c6,0x10c6,0x10c6,0x10c6,0x10c6,
    0x10c6,0x10c6,0x10c6,0x10c6,0x10c6,0x10c6,0x10c6,0x10c6,0x10c6,0x10c6,0x10c6,0x10c6,0x10c6,0x10c6,0x10c6,0x10c6,
    0x10c6,0x10c6,0x10c6,0x10c6,0x10c6,0x10e6,0x10e6,0x2987,0x4a88,0x7bea,0xb5ad,0xd68e,0xd68e,0xce4e,0xbdcd,0x8c8b,
    0x4aa8,0x2987,0x1906,0x10c6,0x10c6,0x10c6,0x10c6,0x10c6,0x10c6,0x10c6,0x10c6,0x10c6,0x10c6,0x10c6,0x10c6,0x10c6,
    0x10c6,0x10c6,0x10c6,0x10c6,0x10c6,0x10c6,0x10c6,0x2987,0x6329,0x948b,0xbded,0xd6ae,0xd68e,0xa52c,0x4268,0x10e6,
    0x10e6,0x10c6,0x10c6,0x10c6,0x10c6,0x10c6,0x10c6,0x10c6,0x10c6,0x10c6,0x10c6,0x2107,0x496b,0x59ac,0x59ac,0x59ac,
    0x59ac,0x59ac,0x59ac,0x496b,0x2107,0x10c6,0x10c6,0x10c6,0x10c6,0x10c6,0x10c6,0x10c6,0x10c6,0x10c6,0x10c6,0x10e6,
    0x1926,0x52a8,0xad4c,0xd6ae,0xd6ae,0xbdcd,0x842b,0x52a8,0x2967,0x10c6,0x10c6,0x10c6,0x10c6,0x10c6,0x10c6,0x10c6,
    0x10c6,0x10c6,0x10c6,0x10c6,0x10c6,0x10c6,0x10c6,0x10c6,0x10c6,0x10c6,0x10c6,0x10c6,0x10c6,0x10c6,0x10c6,0x10c6,
    0x10c6,0x10c6,0x10c6,0x10c6,0x10c6,0x10c6,0x10c6,0x10c6,0x10c6,0x10c6,0x10c6,0x10c6,0x10c6,0x10c6,0x10c6,0x10c6,
    0x10c6,0x10c6,0x10c6,0x10c6,0x10c6,0x10e6,0x2126,0x4248,0x842b,0xad6d,0xc62e,0xd68e,0xd68e,0xbdcd,0x844b,0x5ae9,
    0x31a7,0x1906,0x10e6,0x10c6,0x10c6,0x10c6,0x10c6,0x10c6,0x10c6,0x10c6,0x10c6,0x10c6,0x10c6,0x10c6,0x10c6,0x10c6,
    0x10c6,0x10c6,0x10c6,0x10c6,0x10c6,0x10c6,0x10c6,0x2987,0x52c9,0x844b,0xbded,0xd6ae,0xd6ae,0xad4c,0x4aa8,0x1926,
    0x10e6,0x10c6,0x10c6,0x10c6,0x10c6,0x10c6,0x10c6,0x10c6,0x10c6,0x10c6,0x10c6,0x2107,0x496b,0x59ac,0x59ac,0x59ac,
    0x59ac,0x59ac,0x59ac,0x496b,0x2107,0x10c6,0x10c6,0x10c6,0x10c6,0x10c6,0x10c6,0x10c6,0x10c6,0x10c6,0x10c6,0x1906,
    0x2166,0x52e9,0xad6c,0xd6ae,0xd6ae,0xbdcd,0x7bea,0x4a68,0x2167,0x10c6,0x10c6,0x10c6,0x10c6,0x10c6,0x10c6,0x10c6,
    0x10c6,0x10c6,0x10c6,0x10c6,0x10c6,0x10c6,0x10c6,0x10c6,0x10c6,0x10c6,0x10c6,0x10c6,0x10c6,0x10c6,0x10c6,0x10c6,
    0x10c6,0x10c6,0x10c6,0x10c6,0x10c6,0x10c6,0x10c6,0x10c6,0x10c6,0x10c6,0x10c6,0x10c6,0x10c6,0x10c6,0x10c6,0x10c6,
    0x10c6,0x10c6,0x10c6,0x10c6,0x10e6,0x2146,0x3a28,0x6b8a,0xad4c,0xce4e,0xd68e,0xce6e,0xbded,0x9ccc,0x5b09,0x31c7,
    0x1926,0x10c6,0x10c6,0x10c6,0x10c6,0x10c6,0x10c6,0x10c6,0x10c6,0x10c6,0x10c6,0x10c6,0x10c6,0x10c6,0x10c6,0x10c6,
    0x10c6,0x10c6,0x10c6,0x10c6,0x10c6,0x10c6,0x10c6,0x2167,0x4a88,0x7c0a,0xbdcd,0xd6ae,0xd6ae,0xad6c,0x52c9,0x2146,
    0x1906,0x10c6,0x10c6,0x10c6,0x10c6,0x10c6,0x10c6,0x10c6,0x10c6,0x10c6,0x10c6,0x2107,0x496b,0x59ac,0x59ac,0x59ac,
    0x59ac,0x59ac,0x59ac,0x496b,0x2107,0x10c6,0x10c6,0x10c6,0x10c6,0x10c6,0x10c6,0x10c6,0x10c6,0x10c6,0x10c6,0x1906,
    0x2987,0x5b09,0xad6c,0xd6ae,0xd6ae,0xb5ad,0x73aa,0x4248,0x2146,0x10c6,0x10c6,0x10c6,0x10c6,0x10c6,0x10c6,0x10c6,
    0x10c6,0x10c6,0x10c6,0x10c6,0x10c6,0x10c6,0x10c6,0x10c6,0x10c6,0x10c6,0x10c6,0x10c6,0x10c6,0x10c6,0x10c6,0x10c6,
    0x10c6,0x10c6,0x10c6,0x10c6,0x10c6,0x10c6,0x10c6,0x10c6,0x10c6,0x10c6,0x10c6,0x10c6,0x10c6,0x10c6,0x10c6,0x10c6,
    0x10c6,0x10c6,0x10c6,0x10e6,0x1906,0x39e7,0x73ca,0xa50c,0xc60d,0xd68e,0xd6ae,0xc60d,0x94cb,0x6b6a,0x39e7,0x1926,
    0x10e6,0x10c6,0x10c6,0x10c6,0x10c6,0x10c6,0x10c6,0x10c6,0x10c6,0x10c6,0x10c6,0x10c6,0x10c6,0x10c6,0x10c6,0x10c6,
    0x10c6,0x10c6,0x10c6,0x10c6,0x10c6,0x10c6,0x10c6,0x2146,0x4248,0x73ca,0xb5ad,0xd6ae,0xd6ae,0xad6c,0x5b09,0x2987,
    0x1906,0x10c6,0x10c6,0x10c6,0x10c6,0x10c6,0x10c6,0x10c6,0x10c6,0x10c6,0x10c6,0x2107,0x496b,0x59ac,0x59ac,0x59ac,
    0x59ac,0x59ac,0x59ac,0x496b,0x2107,0x10c6,0x10c6,0x10c6,0x10c6,0x10c6,0x10c6,0x10c6,0x10c6,0x10c6,0x10c6,0x1926,
    0x31c7,0x6329,0xb58c,0xd6ae,0xd6ae,0xb5ad,0x6b8a,0x3a08,0x2146,0x10c6,0x10c6,0x10e6,0x10e6,0x1906,0x1926,0x1926,
    0x1926,0x1926,0x1926,0x1926,0x1926,0x1926,0x1926,0x1926,0x1906,0x10e6,0x10e6,0x10c6,0x10c6,0x10c6,0x10c6,0x10c6,
    0x10c6,0x10c6,0x10c6,0x10c6,0x10c6,0x10c6,0x10c6,0x10c6,0x10c6,0x10c6,0x10c6,0x10c6,0x10c6,0x10e6,0x1906,0x1906,
    0x1906,0x1906,0x10e6,0x1926,0x31c7,0x5b09,0x9cec,0xc60d,0xd66e,0xd68e,0xc62e,0xa52c,0x6b8a,0x4228,0x2146,0x10c6,
    0x10c6,0x10c6,0x10c6,0x10c6,0x10c6,0x10e6,0x10e6,0x1906,0x1926,0x1926,0x1926,0x1926,0x1926,0x1926,0x1926,0x1926,
    0x1926,0x1926,0x1906,0x10e6,0x10e6,0x10c6,0x10c6,0x2146,0x3a28,0x6b8a,0xb5ad,0xd6ae,0xd6ae,0xb58c,0x6329,0x31a7,
    0x1926,0x10c6,0x10c6,0x10c6,0x10c6,0x10c6,0x10c6,0x10c6,0x10c6,0x10c6,0x10c6,0x2107,0x496b,0x59ac,0x59ac,0x59ac,
    0x59ac,0x59ac,0x59ac,0x496b,0x2107,0x10c6,0x10c6,0x10c6,0x10c6,0x10c6,0x10c6,0x10c6,0x10c6,0x10c6,0x10c6,0x1926,
    0x31c7,0x6349,0xb58d,0xd6ae,0xd6ae,0xb58d,0x6b6a,0x39e8,0x2126,0x10c6,0x10c6,0x10e6,0x2146,0x2987,0x31c7,0x3a07,
    0x3a07,0x3a07,0x3a07,0x3a07,0x3a07,0x3a07,0x3a07,0x31c7,0x2987,0x2146,0x10e6,0x10c6,0x10c6,0x10c6,0x10c6,0x10c6,
    0x10c6,0x10c6,0x10c6,0x10c6,0x10c6,0x10c6,0x10c6,0x10c6,0x10c6,0x10c6,0x10c6,0x10c6,0x10e6,0x1906,0x2167,0x2987,
    0x2987,0x2167,0x1906,0x31c7,0x6b49,0x94ab,0xbdcd,0xd66e,0xd68e,0xc62e,0xa52c,0x7bea,0x4248,0x2146,0x10e6,0x10c6,
    0x10c6,0x10c6,0x10c6,0x10c6,0x10c6,0x10e6,0x2146,0x2987,0x31c7,0x3a07,0x3a07,0x3a07,0x3a07,0x3a07,0x3a07,0x3a07,
    0x3a07,0x31c7,0x2987,0x2146,0x10e6,0x10c6,0x10c6,0x2146,0x3a08,0x6b8a,0xb5ad,0xd6ae,0xd6ae,0xb58d,0x6349,0x31c7,
    0x1926,0x10c6,0x10c6,0x10c6,0x10c6,0x10c6,0x10c6,0x10c6,0x10c6,0x10c6,0x10c6,0x2107,0x496b,0x59ac,0x59ac,0x59ac,
    0x59ac,0x59ac,0x59ac,0x496b,0x2107,0x10c6,0x10c6,0x10c6,0x10c6,0x10c6,0x10c6,0x10c6,0x10c6,0x10c6,0x10c6,0x1926,
    0x31e7,0x6b69,0xb58d,0xd6ae,0xd6ae,0xb58d,0x6b6a,0x39e7,0x1926,0x10e6,0x10e6,0x2967,0x4268,0x5ae9,0x6349,0x6b6a,
    0x6b6a,0x6b6a,0x6b6a,0x6b6a,0x6b6a,0x6b6a,0x6b6a,0x6349,0x5ae9,0x4268,0x2967,0x10e6,0x10e6,0x10c6,0x10c6,0x10c6,
    0x10c6,0x10c6,0x10c6,0x10c6,0x10c6,0x10c6,0x10c6,0x10c6,0x10c6,0x10e6,0x2146,0x29a7,0x3a07,0x4a68,0x52c9,0x5b09,
    0x5b09,0x52c9,0x4a88,0x6329,0x94ab,0xbdcd,0xce6e,0xd68e,0xce4e,0xad6d,0x7c0a,0x52a8,0x2167,0x10c6,0x10c6,0x10c6,
    0x10c6,0x10c6,0x10c6,0x10e6,0x10e6,0x2967,0x4268,0x5ae9,0x6349,0x6b6a,0x6b6a,0x6b6a,0x6b6a,0x6b6a,0x6b6a,0x6b6a,
    0x6b6a,0x6349,0x5ae9,0x4268,0x2967,0x10e6,0x10e6,0x1926,0x3a07,0x6b6a,0xb58d,0xd6ae,0xd6ae,0xb58d,0x6349,0x31c7,
    0x1926,0x10c6,0x10c6,0x10c6,0x10c6,0x10c6,0x10c6,0x10c6,0x10c6,0x10c6,0x10c6,0x2107,0x496b,0x59ac,0x59ac,0x59ac,
    0x59ac,0x59ac,0x59ac,0x496b,0x2107,0x10c6,0x10c6,0x10c6,0x10c6,0x10c6,0x10c6,0x10c6,0x10c6,0x10c6,0x10c6,0x1926,
    0x31e7,0x6b49,0xb58d,0xd6ae,0xd6ae,0xb58d,0x6b49,0x31e7,0x1926,0x10e6,0x2146,0x4268,0x844b,0xad4c,0xb58d,0xb58d,
    0xb58d,0xb58d,0xb58d,0xb58d,0xb58d,0xb58d,0xb58d,0xb58d,0xad4c,0x844b,0x4268,0x2146,0x10e6,0x10c6,0x10c6,0x10c6,
    0x10c6,0x10c6,0x10c6,0x10c6,0x10c6,0x10c6,0x10c6,0x10c6,0x10c6,0x2146,0x4228,0x6329,0x8c4b,0xa50c,0xad4c,0xad6c,
    0xad6c,0xad6c,0xa52c,0xad6c,0xc60d,0xce6e,0xd68e,0xce4e,0xb58d,0x8c6b,0x4a88,0x2967,0x1906,0x10c6,0x10c6,0x10c6,
    0x10c6,0x10c6,0x10c6,0x10e6,0x2146,0x4268,0x844b,0xad4c,0xb58d,0xb58d,0xb58d,0xb58d,0xb58d,0xb58d,0xb58d,0xb58d,
    0xb58d,0xb58d,0xad4c,0x844b,0x4268,0x2146,0x10e6,0x1926,0x3a07,0x6b6a,0xb58d,0xd6ae,0xd6ae,0xb58d,0x6349,0x31c7,
    0x1926,0x10c6,0x10c6,0x10c6,0x10c6,0x10c6,0x10c6,0x10c6,0x10c6,0x10c6,0x10c6,0x2107,0x496b,0x59ac,0x59ac,0x59ac,
    0x59ac,0x59ac,0x59ac,0x496b,0x2107,0x10c6,0x10c6,0x10c6,0x10c6,0x10c6,0x10c6,0x10c6,0x10c6,0x10c6,0x10c6,0x1926,
    0x31e7,0x6349,0xb58d,0xd6ae,0xd6ae,0xb58d,0x6b6a,0x39e7,0x1926,0x1906,0x2167,0x52c9,0xa54c,0xd68e,0xd6ae,0xd6ae,
    0xd6ae,0xd6ae,0xd6ae,0xd6ae,0xd6ae,0xd6ae,0xd6ae,0xd6ae,0xd68e,0xa54c,0x52c9,0x2167,0x1906,0x10c6,0x10c6,0x10c6,
    0x10c6,0x10c6,0x10c6,0x10c6,0x10c6,0x10c6,0x10c6,0x10e6,0x2146,0x3a08,0x6b69,0x94ab,0xbdcd,0xce6e,0xd68e,0xd6ae,
    0xd6ae,0xd6ae,0xd68e,0xd68e,0xd6ae,0xd6ae,0xd68e,0xbdcd,0x8c8b,0x5b09,0x2987,0x10e6,0x10c6,0x10c6,0x10c6,0x10c6,
    0x10c6,0x10c6,0x10c6,0x1906,0x2167,0x52c9,0xa54c,0xd68e,0xd6ae,0xd6ae,0xd6ae,0xd6ae,0xd6ae,0xd6ae,0xd6ae,0xd6ae,
    0xd6ae,0xd6ae,0xd68e,0xa54c,0x52c9,0x2167,0x1906,0x2146,0x3a08,0x6b8a,0xb5ad,0xd6ae,0xd6ae,0xb58d,0x6349,0x31c7,
    0x1926,0x10c6,0x10c6,0x10c6,0x10c6,0x10c6,0x10c6,0x10c6,0x10c6,0x10c6,0x10c6,0x2107,0x496b,0x59ac,0x59ac,0x59ac,
    0x59ac,0x59ac,0x59ac,0x496b,0x2107,0x10c6,0x10c6,0x10c6,0x10c6,0x10c6,0x10c6,0x10c6,0x10c6,0x10c6,0x10c6,0x1926,
    0x31c7,0x6329,0xb58d,0xd6ae,0xd6ae,0xb5ad,0x6b8a,0x3a08,0x2146,0x1906,0x2167,0x52c9,0xa54c,0xd68e,0xd6ae,0xd6ae,
    0xd6ae,0xd6ae,0xd6ae,0xd6ae,0xd6ae,0xd6ae,0xd6ae,0xd6ae,0xd68e,0xa54c,0x52c9,0x2167,0x1906,0x10c6,0x10c6,0x10c6,
    0x10c6,0x10c6,0x10c6,0x10c6,0x10c6,0x10c6,0x10c6,0x2146,0x3a28,0x6349,0x9d0c,0xc60d,0xce6e,0xd68e,0xd6ae,0xd6ae,
    0xd6ae,0xd6ae,0xd6ae,0xd6ae,0xd6ae,0xd68e,0xce4e,0xa50c,0x5b09,0x29a7,0x1926,0x10c6,0x10c6,0x10c6,0x10c6,0x10c6,
    0x10c6,0x10c6,0x10c6,0x1906,0x2167,0x52c9,0xa54c,0xd68e,0xd6ae,0xd6ae,0xd6ae,0xd6ae,0xd6ae,0xd6ae,0xd6ae,0xd6ae,
    0xd6ae,0xd6ae,0xd68e,0xa54c,0x52c9,0x2167,0x1906,0x2146,0x3a28,0x6b8a,0xb5ad,0xd6ae,0xd6ae,0xb58c,0x6329,0x31a7,
    0x1926,0x10c6,0x10c6,0x10c6,0x10c6,0x10c6,0x10c6,0x10c6,0x10c6,0x10c6,0x10c6,0x2107,0x496b,0x59ac,0x59ac,0x59ac,
    0x59ac,0x59ac,0x59ac,0x496b,0x2107,0x10c6,0x10c6,0x10c6,0x10c6,0x10c6,0x10c6,0x10c6,0x10c6,0x10c6,0x10c6,0x1906,
    0x29a7,0x5b09,0xad6d,0xd6ae,0xd6ae,0xb5ad,0x73aa,0x4228,0x2146,0x10e6,0x2146,0x4268,0x844b,0xad4c,0xb58d,0xb58d,
    0xb58d,0xb58d,0xb58d,0xb58d,0xb58d,0xb58d,0xb58d,0xb58d,0xad4c,0x844b,0x4268,0x2146,0x10e6,0x10c6,0x10c6,0x10c6,
    0x10c6,0x10c6,0x10c6,0x10c6,0x10c6,0x10c6,0x10c6,0x29a7,0x6329,0x948b,0xbded,0xd6ae,0xd68e,0xce6e,0xc62d,0xc62e,
    0xd68e,0xd6ae,0xd6ae,0xd6ae,0xd6ae,0xd68e,0xc62d,0x94cb,0x4248,0x10e6,0x10e6,0x10c6,0x10c6,0x10c6,0x10c6,0x10c6,
    0x10c6,0x10c6,0x10c6,0x10e6,0x2146,0x4268,0x844b,0xad4c,0xb58d,0xb58d,0xb58d,0xb58d,0xb58d,0xb58d,0xb58d,0xb58d,
    0xb58d,0xb58d,0xad4c,0x844b,0x4268,0x2146,0x10e6,0x2146,0x4248,0x73ca,0xb5ad,0xd6ae,0xd6ae,0xad6c,0x5b09,0x2987,
    0x1906,0x10c6,0x10c6,0x10c6,0x10c6,0x10c6,0x10c6,0x10c6,0x10c6,0x10c6,0x10c6,0x2107,0x496b,0x59ac,0x59ac,0x59ac,
    0x59ac,0x59ac,0x59ac,0x496b,0x2107,0x10c6,0x10c6,0x10c6,0x10c6,0x10c6,0x10c6,0x10c6,0x10c6,0x10c6,0x10c6,0x1906,
    0x2167,0x5ae9,0xad6c,0xd6ae,0xd6ae,0xbdcd,0x7bea,0x4a68,0x2167,0x10e6,0x10e6,0x2967,0x4268,0x5ae9,0x6349,0x6b6a,
    0x6b6a,0x6b6a,0x6b6a,0x6b6a,0x6b6a,0x6b6a,0x6b6a,0x6349,0x5ae9,0x4268,0x2967,0x10e6,0x10e6,0x10c6,0x10c6,0x10c6,
    0x10c6,0x10c6,0x10c6,0x10c6,0x10c6,0x10c6,0x10e6,0x3a08,0x8c4b,0xbdcd,0xce6e,0xd68e,0xce4e,0xbdcd,0xa52c,0xad4c,
    0xc62e,0xd6ae,0xd6ae,0xd6ae,0xd6ae,0xd68e,0xce4e,0x9cec,0x4248,0x10e6,0x10c6,0x10c6,0x10c6,0x10c6,0x10c6,0x10c6,
    0x10c6,0x10c6,0x10c6,0x10e6,0x10e6,0x2967,0x4268,0x5ae9,0x6349,0x6b6a,0x6b6a,0x6b6a,0x6b6a,0x6b6a,0x6b6a,0x6b6a,
    0x6b6a,0x6349,0x5ae9,0x4268,0x2967,0x10e6,0x10e6,0x2167,0x4a88,0x7bea,0xbdcd,0xd6ae,0xd6ae,0xad6c,0x52c9,0x2167,
    0x1906,0x10c6,0x10c6,0x10c6,0x10c6,0x10c6,0x10c6,0x10c6,0x10c6,0x10c6,0x10c6,0x2107,0x496b,0x59ac,0x59ac,0x59ac,
    0x59ac,0x59ac,0x59ac,0x496b,0x2107,0x10c6,0x10c6,0x10c6,0x10c6,0x10c6,0x10c6,0x10c6,0x10c6,0x10c6,0x10c6,0x10e6,
    0x2126,0x52a8,0xad4c,0xd6ae,0xd6ae,0xbdcd,0x842b,0x52a8,0x2967,0x10c6,0x10c6,0x10e6,0x2146,0x2987,0x31c7,0x3a07,
    0x3a07,0x3a07,0x3a07,0x3a07,0x3a07,0x3a07,0x3a07,0x31c7,0x2987,0x2146,0x10e6,0x10c6,0x10c6,0x10c6,0x10c6,0x10c6,
    0x10c6,0x10c6,0x10c6,0x10c6,0x10c6,0x10e6,0x1906,0x4268,0xa50c,0xce6e,0xd68e,0xce4e,0xb5ad,0xa52c,0x9cec,0xad4c,
    0xc62e,0xd6ae,0xd6ae,0xd6ae,0xd6ae,0xd68e,0xce6e,0xa50c,0x4a68,0x1906,0x10e6,0x10c6,0x10c6,0x10c6,0x10c6,0x10c6,
    0x10c6,0x10c6,0x10c6,0x10c6,0x10c6,0x10e6,0x2146,0x2987,0x31c7,0x3a07,0x3a07,0x3a07,0x3a07,0x3a07,0x3a07,0x3a07,
    0x3a07,0x31c7,0x2987,0x2146,0x10e6,0x10c6,0x10c6,0x2967,0x52c9,0x842b,0xbdcd,0xd6ae,0xd6ae,0xad4c,0x4aa8,0x1926,
    0x10e6,0x10c6,0x10c6,0x10c6,0x10c6,0x10c6,0x10c6,0x10c6,0x10c6,0x10c6,0x10c6,0x2107,0x496b,0x59ac,0x59ac,0x59ac,
    0x59ac,0x59ac,0x59ac,0x496b,0x2107,0x10c6,0x10c6,0x10c6,0x10c6,0x10c6,0x10c6,0x10c6,0x10c6,0x10c6,0x10c6,0x10e6,
    0x1906,0x4a68,0xa52c,0xd68e,0xd6ae,0xbded,0x8c8b,0x5b09,0x2987,0x10c6,0x10c6,0x10e6,0x10e6,0x1906,0x1926,0x1926,
    0x1926,0x1926,0x1926,0x1926,0x1926,0x1926,0x1926,0x1926,0x1906,0x10e6,0x10e6,0x10c6,0x10c6,0x10c6,0x10c6,0x10c6,
    0x10c6,0x10c6,0x10c6,0x10c6,0x10c6,0x1906,0x2146,0x52c9,0xad4c,0xd68e,0xd6ae,0xc60d,0x94ab,0x8c6b,0xad6c,0xc62d,
    0xd66e,0xd68e,0xd68e,0xd68e,0xd6ae,0xd6ae,0xd68e,0xad4c,0x52c9,0x2146,0x1906,0x10c6,0x10c6,0x10c6,0x10c6,0x10c6,
    0x10c6,0x10c6,0x10c6,0x10c6,0x10c6,0x10e6,0x10e6,0x1906,0x1926,0x1926,0x1926,0x1926,0x1926,0x1926,0x1926,0x1926,
    0x1926,0x1926,0x1906,0x10e6,0x10e6,0x10c6,0x10c6,0x2987,0x5b09,0x8c8b,0xbded,0xd6ae,0xd68e,0xa52c,0x4a68,0x18e6,
    0x10e6,0x10c6,0x10c6,0x10c6,0x10c6,0x10c6,0x10c6,0x10c6,0x10c6,0x10c6,0x10c6,0x2107,0x496b,0x59ac,0x59ac,0x59ac,
    0x59ac,0x59ac,0x59ac,0x496b,0x2107,0x10c6,0x10c6,0x10c6,0x10c6,0x10c6,0x10c6,0x10c6,0x10c6,0x10c6,0x10c6,0x10c6,
    0x10e6,0x4248,0x9cec,0xce6e,0xd68e,0xc60d,0x9cec,0x6b69,0x29a7,0x10c6,0x10c6,0x10c6,0x10c6,0x10c6,0x10c6,0x10c6,
    0x10c6,0x10c6,0x10c6,0x10c6,0x10c6,0x10c6,0x10c6,0x10c6,0x10c6,0x10c6,0x10c6,0x10c6,0x10c6,0x10c6,0x10c6,0x10c6,
    0x10c6,0x10c6,0x10c6,0x10c6,0x10c6,0x1906,0x2967,0x5ae9,0xad6c,0xd6ae,0xd6ae,0xbdcd,0x842b,0x842b,0xb5ad,0xd68e,
    0xd68e,0xce6e,0xbded,0xc60d,0xce6e,0xd6ae,0xd6ae,0xad6c,0x5ae9,0x2967,0x1906,0x10c6,0x10c6,0x10c6,0x10c6,0x10c6,
    0x10c6,0x10c6,0x10c6,0x10c6,0x10c6,0x10c6,0x10c6,0x10c6,0x10c6,0x10c6,0x10c6,0x10c6,0x10c6,0x10c6,0x10c6,0x10c6,
    0x10c6,0x10c6,0x10c6,0x10c6,0x10c6,0x10c6,0x10c6,0x31a7,0x6b6a,0x9cec,0xc60d,0xd68e,0xce4e,0x9cec,0x4248,0x10e6,
    0x10c6,0x10c6,0x10c6,0x10c6,0x10c6,0x10c6,0x10c6,0x10c6,0x10c6,0x10c6,0x10c6,0x2107,0x496b,0x59ac,0x59ac,0x59ac,
    0x59ac,0x59ac,0x59ac,0x496b,0x2107,0x10c6,0x10c6,0x10c6,0x10c6,0x10c6,0x10c6,0x10c6,0x10c6,0x10c6,0x10c6,0x10c6,
    0x10c6,0x3a08,0x94ab,0xc60d,0xce6e,0xc62e,0xad4c,0x7bca,0x31c7,0x10c6,0x10c6,0x10c6,0x10c6,0x10c6,0x10c6,0x10c6,
    0x10c6,0x10c6,0x10c6,0x10c6,0x10c6,0x10c6,0x10c6,0x10c6,0x10c6,0x10c6,0x10c6,0x10c6,0x10c6,0x10c6,0x10c6,0x10c6,
    0x10c6,0x10c6,0x10c6,0x10c6,0x10c6,0x1906,0x2967,0x5ae9,0xad6c,0xd6ae,0xd6ae,0xbdcd,0x842b,0x842b,0xb5ad,0xd68e,
    0xd68e,0xc60d,0x9d0c,0x9d0c,0xc60d,0xd6ae,0xd6ae,0xad6c,0x5ae9,0x2967,0x1906,0x10c6,0x10c6,0x10c6,0x10c6,0x10c6,
    0x10c6,0x10c6,0x10c6,0x10c6,0x10c6,0x10c6,0x10c6,0x10c6,0x10c6,0x10c6,0x10c6,0x10c6,0x10c6,0x10c6,0x10c6,0x10c6,
    0x10c6,0x10c6,0x10c6,0x10c6,0x10c6,0x10c6,0x10c6,0x31c7,0x7bea,0xad6c,0xce4e,0xce6e,0xc60d,0x8c8b,0x3a08,0x10c6,
    0x10c6,0x10c6,0x10c6,0x10c6,0x10c6,0x10c6,0x10c6,0x10c6,0x10c6,0x10c6,0x10c6,0x2107,0x496b,0x59ac,0x59ac,0x59ac,
    0x59ac,0x59ac,0x59ac,0x496b,0x2107,0x10c6,0x10c6,0x10c6,0x10c6,0x10c6,0x10c6,0x10c6,0x10c6,0x10c6,0x10c6,0x10c6,
    0x10c6,0x31e7,0x842b,0xb5ad,0xce4e,0xce6e,0xbdcd,0x8c4b,0x3a07,0x10c6,0x10c6,0x10c6,0x10c6,0x10c6,0x10c6,0x10c6,
    0x10c6,0x10c6,0x10c6,0x10c6,0x10c6,0x10c6,0x10c6,0x10c6,0x10c6,0x10c6,0x10c6,0x10c6,0x10c6,0x10c6,0x10c6,0x10c6,
    0x10c6,0x10c6,0x10c6,0x10c6,0x10c6,0x1906,0x2146,0x52c9,0xad4c,0xd68e,0xd6ae,0xc60d,0x94ab,0x8c6b,0xad4c,0xb5ad,
    0xb5ad,0xad6c,0x94ab,0x9cec,0xc60d,0xd6ae,0xd68e,0xad4c,0x52c9,0x2146,0x1906,0x10c6,0x10c6,0x10c6,0x10c6,0x10c6,
    0x10c6,0x10c6,0x10c6,0x10c6,0x10c6,0x10c6,0x10c6,0x10c6,0x10c6,0x10c6,0x10c6,0x10c6,0x10c6,0x10c6,0x10c6,0x10c6,
    0x10c6,0x10c6,0x10c6,0x10c6,0x10c6,0x10c6,0x10c6,0x3a07,0x8c6b,0xbdcd,0xce6e,0xce4e,0xb58d,0x842a,0x31e7,0x10c6,
    0x10c6,0x10c6,0x10c6,0x10c6,0x10c6,0x10c6,0x10c6,0x10c6,0x10c6,0x10c6,0x10c6,0x2107,0x496b,0x59ac,0x59ac,0x59ac,
    0x59ac,0x59ac,0x59ac,0x496b,0x2107,0x10c6,0x10c6,0x10c6,0x10c6,0x10c6,0x10c6,0x10c6,0x10c6,0x10c6,0x10c6,0x10c6,
    0x10c6,0x31c7,0x73aa,0xa52c,0xc62d,0xd68e,0xce2e,0x9ccb,0x4248,0x10e6,0x10c6,0x10c6,0x10c6,0x10c6,0x10c6,0x10c6,
    0x10c6,0x10c6,0x10c6,0x10c6,0x10c6,0x10c6,0x10c6,0x10c6,0x10c6,0x10c6,0x10c6,0x10c6,0x10c6,0x10c6,0x10c6,0x10c6,
    0x10c6,0x10c6,0x10c6,0x10c6,0x10c6,0x10e6,0x1906,0x4268,0xa50c,0xce6e,0xd68e,0xce4e,0xb5ad,0x9d0c,0x8c6b,0x842b,
    0x842b,0x8c6b,0xa50c,0xb5ad,0xce4e,0xd68e,0xce6e,0xa50c,0x4268,0x1906,0x10e6,0x10c6,0x10c6,0x10c6,0x10c6,0x10c6,
    0x10c6,0x10c6,0x10c6,0x10c6,0x10c6,0x10c6,0x10c6,0x10c6,0x10c6,0x10c6,0x10c6,0x10c6,0x10c6,0x10c6,0x10c6,0x10c6,
    0x10c6,0x10c6,0x10c6,0x10c6,0x10c6,0x10e6,0x10e6,0x4248,0x9ccc,0xce4e,0xd68e,0xc62d,0xa50c,0x73aa,0x31c7,0x10c6,
    0x10c6,0x10c6,0x10c6,0x10c6,0x10c6,0x10c6,0x10c6,0x10c6,0x10c6,0x10c6,0x10c6,0x2107,0x496b,0x59ac,0x59ac,0x59ac,
    0x59ac,0x59ac,0x59ac,0x496b,0x2107,0x10c6,0x10c6,0x10c6,0x10c6,0x10c6,0x10c6,0x10c6,0x10c6,0x10c6,0x10c6,0x10c6,
    0x10c6,0x2987,0x6329,0x94ab,0xbded,0xd6ae,0xd68e,0xa52c,0x52a8,0x2126,0x10e6,0x10c6,0x10c6,0x10c6,0x10c6,0x10c6,
    0x10c6,0x10c6,0x10c6,0x10c6,0x10c6,0x10c6,0x10c6,0x10c6,0x10c6,0x10c6,0x10c6,0x10c6,0x10c6,0x10c6,0x10c6,0x10c6,
    0x10c6,0x10c6,0x10c6,0x10c6,0x10c6,0x10c6,0x10e6,0x3a08,0x8c4b,0xbdcd,0xce6e,0xd68e,0xce4e,0xb5ad,0x94ab,0x842b,
    0x842b,0x94ab,0xb5ad,0xce4e,0xd68e,0xce6e,0xbdcd,0x8c4b,0x3a08,0x10e6,0x10c6,0x10c6,0x10c6,0x10c6,0x10c6,0x10c6,
    0x10c6,0x10c6,0x10c6,0x10c6,0x10c6,0x10c6,0x10c6,0x10c6,0x10c6,0x10c6,0x10c6,0x10c6,0x10c6,0x10c6,0x10c6,0x10c6,
    0x10c6,0x10c6,0x10c6,0x10c6,0x10c6,0x10e6,0x2146,0x52a8,0xa52c,0xd68e,0xd6ae,0xbded,0x8c8b,0x5b29,0x2987,0x10c6,
    0x10c6,0x10c6,0x10c6,0x10c6,0x10c6,0x10c6,0x10c6,0x10c6,0x10c6,0x10c6,0x10c6,0x2107,0x496b,0x59ac,0x59ac,0x59ac,
    0x59ac,0x59ac,0x59ac,0x496b,0x2107,0x10c6,0x10c6,0x10c6,0x10c6,0x10c6,0x10c6,0x10c6,0x10c6,0x10c6,0x10c6,0x10c6,
    0x10c6,0x2167,0x4a88,0x7c0a,0xbdcd,0xd6ae,0xd6ae,0xad8c,0x6349,0x31c7,0x1926,0x10c6,0x10c6,0x10c6,0x10c6,0x10c6,
    0x10c6,0x10c6,0x10c6,0x10c6,0x10c6,0x10c6,0x10c6,0x10c6,0x10c6,0x10c6,0x10c6,0x10c6,0x10c6,0x10c6,0x10c6,0x10c6,
    0x10c6,0x10c6,0x10c6,0x10c6,0x10c6,0x10c6,0x10c6,0x29a7,0x6329,0x948b,0xbded,0xd6ae,0xd68e,0xce4e,0xc60d,0xbdcd,
    0xbdcd,0xc60d,0xce4e,0xd68e,0xd6ae,0xbded,0x948b,0x5b29,0x2987,0x10c6,0x10c6,0x10c6,0x10c6,0x10c6,0x10c6,0x10c6,
    0x10c6,0x10c6,0x10c6,0x10c6,0x10c6,0x10c6,0x10c6,0x10c6,0x10c6,0x10c6,0x10c6,0x10c6,0x10c6,0x10c6,0x10c6,0x10c6,
    0x10c6,0x10c6,0x10c6,0x10c6,0x10c6,0x1926,0x31c7,0x6349,0xad8d,0xd6ae,0xd6ae,0xbdcd,0x7bea,0x4a88,0x2167,0x10c6,
    0x10c6,0x10c6,0x10c6,0x10c6,0x10c6,0x10c6,0x10c6,0x10c6,0x10c6,0x10c6,0x10c6,0x2107,0x496b,0x59ac,0x59ac,0x59ac,
    0x59ac,0x59ac,0x59ac,0x496b,0x2107,0x10c6,0x10c6,0x10c6,0x10c6,0x10c6,0x10c6,0x10c6,0x10c6,0x10c6,0x10c6,0x10c6,
    0x10c6,0x1926,0x39e7,0x6b69,0xb58d,0xd6ae,0xd6ae,0xb5cd,0x7bea,0x4a68,0x2147,0x10c6,0x10c6,0x10c6,0x10c6,0x10c6,
    0x10c6,0x10c6,0x10c6,0x10c6,0x10c6,0x10c6,0x10c6,0x10c6,0x10c6,0x10c6,0x10c6,0x10c6,0x10c6,0x10c6,0x10c6,0x10c6,
    0x10c6,0x10c6,0x10c6,0x10c6,0x10c6,0x10c6,0x10c6,0x2146,0x3a28,0x6349,0x9d0c,0xc60d,0xce6e,0xd68e,0xd6ae,0xd6ae,
    0xd6ae,0xd6ae,0xd68e,0xce6e,0xc60d,0x9d0c,0x6349,0x3a08,0x2146,0x10c6,0x10c6,0x10c6,0x10c6,0x10c6,0x10c6,0x10c6,
    0x10c6,0x10c6,0x10c6,0x10c6,0x10c6,0x10c6,0x10c6,0x10c6,0x10c6,0x10c6,0x10c6,0x10c6,0x10c6,0x10c6,0x10c6,0x10c6,
    0x10c6,0x10c6,0x10c6,0x10c6,0x10c6,0x2167,0x4a88,0x7bea,0xbdcd,0xd6ae,0xd6ae,0xb58d,0x6b69,0x31e7,0x1926,0x10c6,
    0x10c6,0x10c6,0x10c6,0x10c6,0x10c6,0x10c6,0x10c6,0x10c6,0x10c6,0x10c6,0x10c6,0x2107,0x496b,0x59ac,0x59ac,0x59ac,
    0x59ac,0x59ac,0x59ac,0x496b,0x2107,0x10c6,0x10c6,0x10c6,0x10c6,0x10c6,0x10c6,0x10c6,0x10c6,0x10c6,0x10c6,0x10c6,
    0x10c6,0x1906,0x2166,0x52c9,0xad4c,0xd68e,0xd6ae,0xc60d,0x94ab,0x6329,0x29a7,0x10c6,0x10c6,0x10c6,0x10c6,0x10c6,
    0x10c6,0x10c6,0x10c6,0x10c6,0x10c6,0x10c6,0x10c6,0x10c6,0x10c6,0x10c6,0x10c6,0x10c6,0x10c6,0x10c6,0x10c6,0x10c6,
    0x10c6,0x10c6,0x10c6,0x10c6,0x10c6,0x10c6,0x10c6,0x10e6,0x2146,0x3a08,0x6b69,0x94ab,0xbdcd,0xce6e,0xd68e,0xd6ae,
    0xd6ae,0xd68e,0xce6e,0xbdcd,0x94ab,0x6b69,0x3a08,0x2146,0x10e6,0x10c6,0x10c6,0x10c6,0x10c6,0x10c6,0x10c6,0x10c6,
    0x10c6,0x10c6,0x10c6,0x10c6,0x10c6,0x10c6,0x10c6,0x10c6,0x10c6,0x10c6,0x10c6,0x10c6,0x10c6,0x10c6,0x10c6,0x10c6,
    0x10c6,0x10c6,0x10c6,0x10c6,0x10c6,0x29a7,0x6349,0x94cb,0xc60d,0xd6ae,0xd68e,0xa54c,0x52c9,0x2147,0x18e6,0x10c6,
    0x10c6,0x10c6,0x10c6,0x10c6,0x10c6,0x10c6,0x10c6,0x10c6,0x10c6,0x10c6,0x10c6,0x2107,0x496b,0x59ac,0x59ac,0x59ac,
    0x59ac,0x59ac,0x59ac,0x496b,0x2107,0x10c6,0x10c6,0x10c6,0x10c6,0x10c6,0x10c6,0x10c6,0x10c6,0x10c6,0x10c6,0x10c6,
    0x10c6,0x10e6,0x1906,0x4248,0x94cb,0xc62e,0xd68e,0xce4e,0xad6c,0x7c0a,0x39e7,0x10e6,0x10c6,0x10c6,0x10c6,0x10c6,
    0x10c6,0x10c6,0x10c6,0x10c6,0x10c6,0x10c6,0x10c6,0x10c6,0x10c6,0x10c6,0x10c6,0x10c6,0x10c6,0x10c6,0x10c6,0x10c6,
    0x10c6,0x10c6,0x10c6,0x10c6,0x10c6,0x10c6,0x10c6,0x10c6,0x10c6,0x2146,0x4228,0x6329,0x8c4b,0xa50c,0xad4c,0xad6c,
    0xad6c,0xad4c,0xa50c,0x8c4b,0x6329,0x4228,0x2146,0x10c6,0x10c6,0x10c6,0x10c6,0x10c6,0x10c6,0x10c6,0x10c6,0x10c6,
    0x10c6,0x10c6,0x10c6,0x10c6,0x10c6,0x10c6,0x10c6,0x10c6,0x10c6,0x10c6,0x10c6,0x10c6,0x10c6,0x10c6,0x10c6,0x10c6,
    0x10c6,0x10c6,0x10c6,0x10c6,0x10e6,0x3a07,0x7c0a,0xad6c,0xce4e,0xd66e,0xc62d,0x94ab,0x4248,0x10e6,0x10e6,0x10c6,
    0x10c6,0x10c6,0x10c6,0x10c6,0x10c6,0x10c6,0x10c6,0x10c6,0x10c6,0x10c6,0x10c6,0x2107,0x496b,0x59ac,0x59ac,0x59ac,
    0x59ac,0x59ac,0x59ac,0x496b,0x2107,0x10c6,0x10c6,0x10c6,0x10c6,0x10c6,0x10c6,0x10c6,0x10c6,0x10c6,0x10c6,0x10c6,
    0x10c6,0x10c6,0x10e6,0x39e7,0x7c0a,0xb58d,0xce4e,0xd68e,0xc62e,0x9ccb,0x4268,0x1906,0x10e6,0x10c6,0x10c6,0x10c6,
    0x10c6,0x10c6,0x10c6,0x10c6,0x10c6,0x10c6,0x10c6,0x10c6,0x10c6,0x10c6,0x10c6,0x10c6,0x10c6,0x10c6,0x10c6,0x10c6,
    0x10c6,0x10c6,0x10c6,0x10c6,0x10c6,0x10c6,0x10c6,0x10c6,0x10c6,0x10e6,0x2146,0x29a7,0x3a07,0x4a68,0x52c9,0x5b09,
    0x5b09,0x52c9,0x4a68,0x3a07,0x29a7,0x2146,0x10e6,0x10c6,0x10c6,0x10c6,0x10c6,0x10c6,0x10c6,0x10c6,0x10c6,0x10c6,
    0x10c6,0x10c6,0x10c6,0x10c6,0x10c6,0x10c6,0x10c6,0x10c6,0x10c6,0x10c6,0x10c6,0x10c6,0x10c6,0x10c6,0x10c6,0x10c6,
    0x10c6,0x10c6,0x10c6,0x10e6,0x1926,0x4a68,0x9ccc,0xc62e,0xd68e,0xce4e,0xad6c,0x7bea,0x31e7,0x10e6,0x10c6,0x10c6,
    0x10c6,0x10c6,0x10c6,0x10c6,0x10c6,0x10c6,0x10c6,0x10c6,0x10c6,0x10c6,0x10c6,0x2107,0x496b,0x59ac,0x59ac,0x59ac,
    0x59ac,0x59ac,0x59ac,0x496b,0x2107,0x10c6,0x10c6,0x10c6,0x10c6,0x10c6,0x10c6,0x10c6,0x10c6,0x10c6,0x10c6,0x10c6,
    0x10c6,0x10c6,0x10c6,0x29a7,0x6349,0x94ab,0xc60d,0xd6ae,0xd68e,0xad6c,0x5b09,0x29a7,0x1906,0x10c6,0x10c6,0x10c6,
    0x10c6,0x10c6,0x10c6,0x10c6,0x10c6,0x10c6,0x10c6,0x10c6,0x10c6,0x10c6,0x10c6,0x10c6,0x10c6,0x10c6,0x10c6,0x10c6,
    0x10c6,0x10c6,0x10c6,0x10c6,0x10c6,0x10c6,0x10c6,0x10c6,0x10c6,0x10c6,0x10c6,0x10c6,0x10e6,0x1906,0x2167,0x2987,
    0x2987,0x2167,0x1906,0x10e6,0x10c6,0x10c6,0x10c6,0x10c6,0x10c6,0x10c6,0x10c6,0x10c6,0x10c6,0x10c6,0x10c6,0x10c6,
    0x10c6,0x10c6,0x10c6,0x10c6,0x10c6,0x10c6,0x10c6,0x10c6,0x10c6,0x10c6,0x10c6,0x10c6,0x10c6,0x10c6,0x10c6,0x10c6,
    0x10c6,0x10c6,0x10c6,0x1926,0x31c7,0x6329,0xad6c,0xd68e,0xd6ae,0xbded,0x94ab,0x6329,0x2987,0x10c6,0x10c6,0x10c6,
    0x10c6,0x10c6,0x10c6,0x10c6,0x10c6,0x10c6,0x10c6,0x10c6,0x10c6,0x10c6,0x10c6,0x2107,0x496b,0x59ac,0x59ac,0x59ac,
    0x59ac,0x59ac,0x59ac,0x496b,0x2107,0x10c6,0x10c6,0x10c6,0x10c6,0x10c6,0x10c6,0x10c6,0x10c6,0x10c6,0x10c6,0x10c6,
    0x10c6,0x10c6,0x10c6,0x2146,0x4248,0x73ca,0xb5ad,0xd6ae,0xd6ae,0xbdcd,0x842a,0x52a8,0x2167,0x10c6,0x10c6,0x10c6,
    0x10c6,0x10c6,0x10c6,0x10c6,0x10c6,0x10c6,0x10c6,0x10c6,0x10c6,0x10c6,0x10c6,0x10c6,0x10c6,0x10c6,0x10c6,0x10c6,
    0x10c6,0x10c6,0x10c6,0x10c6,0x10c6,0x10c6,0x10c6,0x10c6,0x10c6,0x10c6,0x10c6,0x10c6,0x10c6,0x10e6,0x1906,0x1906,
    0x1906,0x1906,0x10e6,0x10c6,0x10c6,0x10c6,0x10c6,0x10c6,0x10c6,0x10c6,0x10c6,0x10c6,0x10c6,0x10c6,0x10c6,0x10c6,
    0x10c6,0x10c6,0x10c6,0x10c6,0x10c6,0x10c6,0x10c6,0x10c6,0x10c6,0x10c6,0x10c6,0x10c6,0x10c6,0x10c6,0x10c6,0x10c6,
    0x10c6,0x10c6,0x10c6,0x2967,0x52a8,0x842b,0xbdcd,0xd6ae,0xd6ae,0xb5ad,0x73aa,0x4248,0x2146,0x10c6,0x10c6,0x10c6,
    0x10c6,0x10c6,0x10c6,0x10c6,0x10c6,0x10c6,0x10c6,0x10c6,0x10c6,0x10c6,0x10c6,0x2107,0x496b,0x59ac,0x59ac,0x59ac,
    0x59ac,0x59ac,0x59ac,0x496b,0x2107,0x10c6,0x10c6,0x10c6,0x10c6,0x10c6,0x10c6,0x10c6,0x10c6,0x10c6,0x10c6,0x10c6,
    0x10c6,0x10c6,0x10c6,0x1906,0x29a7,0x5b09,0xa52c,0xce6e,0xd68e,0xc62d,0xa50c,0x73aa,0x31e7,0x10e6,0x10e6,0x10c6,
    0x10c6,0x10c6,0x10c6,0x10c6,0x10c6,0x10c6,0x10c6,0x10c6,0x10c6,0x10c6,0x10c6,0x10c6,0x10c6,0x10c6,0x10c6,0x10c6,
    0x10c6,0x10c6,0x10c6,0x10c6,0x10c6,0x10c6,0x10c6,0x10c6,0x10c6,0x10c6,0x10c6,0x10c6,0x10c6,0x10c6,0x10c6,0x10c6,
    0x10c6,0x10c6,0x10c6,0x10c6,0x10c6,0x10c6,0x10c6,0x10c6,0x10c6,0x10c6,0x10c6,0x10c6,0x10c6,0x10c6,0x10c6,0x10c6,
    0x10c6,0x10c6,0x10c6,0x10c6,0x10c6,0x10c6,0x10c6,0x10c6,0x10c6,0x10c6,0x10c6,0x10c6,0x10c6,0x10c6,0x10c6,0x10c6,
    0x10c6,0x10e6,0x10e6,0x31e7,0x73aa,0xa52c,0xc62d,0xd68e,0xce6e,0xa52c,0x5ae9,0x2987,0x1906,0x10c6,0x10c6,0x10c6,
    0x10c6,0x10c6,0x10c6,0x10c6,0x10c6,0x10c6,0x10c6,0x10c6,0x10c6,0x10c6,0x10c6,0x2107,0x496b,0x59ac,0x59ac,0x59ac,
    0x59ac,0x59ac,0x59ac,0x496b,0x2107,0x10c6,0x10c6,0x10c6,0x10c6,0x10c6,0x10c6,0x10c6,0x10c6,0x10c6,0x10c6,0x10c6,
    0x10c6,0x10c6,0x10c6,0x10e6,0x1906,0x4248,0x8c8b,0xbded,0xce6e,0xce6e,0xc60d,0x94ab,0x4a68,0x2126,0x10e6,0x10c6,
    0x10c6,0x10c6,0x10c6,0x10c6,0x10c6,0x10c6,0x10c6,0x10c6,0x10c6,0x10c6,0x10c6,0x10c6,0x10c6,0x10c6,0x10c6,0x10c6,
    0x10c6,0x10c6,0x10c6,0x10c6,0x10c6,0x10c6,0x10c6,0x10c6,0x10c6,0x10c6,0x10c6,0x10c6,0x10c6,0x10c6,0x10c6,0x10c6,
    0x10c6,0x10c6,0x10c6,0x10c6,0x10c6,0x10c6,0x10c6,0x10c6,0x10c6,0x10c6,0x10c6,0x10c6,0x10c6,0x10c6,0x10c6,0x10c6,
    0x10c6,0x10c6,0x10c6,0x10c6,0x10c6,0x10c6,0x10c6,0x10c6,0x10c6,0x10c6,0x10c6,0x10c6,0x10c6,0x10c6,0x10c6,0x10c6,
    0x10c6,0x10e6,0x2146,0x4a88,0x94cb,0xc60d,0xd66e,0xce6e,0xbdcd,0x8c6b,0x4248,0x1906,0x10e6,0x10c6,0x10c6,0x10c6,
    0x10c6,0x10c6,0x10c6,0x10c6,0x10c6,0x10c6,0x10c6,0x10c6,0x10c6,0x10c6,0x10c6,0x2107,0x496b,0x59ac,0x59ac,0x59ac,
    0x59ac,0x59ac,0x59ac,0x496b,0x2107,0x10c6,0x10c6,0x10c6,0x10c6,0x10c6,0x10c6,0x10c6,0x10c6,0x10c6,0x10c6,0x10c6,
    0x10c6,0x10c6,0x10c6,0x10c6,0x10c6,0x31c7,0x6b8a,0xa50c,0xc62d,0xd68e,0xd68e,0xad6d,0x6b6a,0x3a07,0x1926,0x10c6,
    0x10c6,0x10c6,0x10c6,0x10c6,0x10c6,0x10c6,0x10c6,0x10c6,0x10c6,0x10c6,0x10c6,0x10c6,0x10c6,0x10c6,0x10c6,0x10c6,
    0x10c6,0x10c6,0x10c6,0x10c6,0x10c6,0x10c6,0x10c6,0x10c6,0x10c6,0x10c6,0x10c6,0x10c6,0x10c6,0x10c6,0x10c6,0x10c6,
    0x10c6,0x10c6,0x10c6,0x10c6,0x10c6,0x10c6,0x10c6,0x10c6,0x10c6,0x10c6,0x10c6,0x10c6,0x10c6,0x10c6,0x10c6,0x10c6,
    0x10c6,0x10c6,0x10c6,0x10c6,0x10c6,0x10c6,0x10c6,0x10c6,0x10c6,0x10c6,0x10c6,0x10c6,0x10c6,0x10c6,0x10c6,0x10c6,
    0x10c6,0x2126,0x3a08,0x6b6a,0xad8d,0xd68e,0xd6ae,0xc60d,0x9cec,0x6b8a,0x31a7,0x10c6,0x10c6,0x10c6,0x10c6,0x10c6,
    0x10c6,0x10c6,0x10c6,0x10c6,0x10c6,0x10c6,0x10c6,0x10c6,0x10c6,0x10c6,0x10c6,0x2107,0x496b,0x59ac,0x59ac,0x59ac,
    0x59ac,0x59ac,0x59ac,0x496b,0x2107,0x10c6,0x10c6,0x10c6,0x10c6,0x10c6,0x10c6,0x10c6,0x10c6,0x10c6,0x10c6,0x10c6,
    0x10c6,0x10c6,0x10c6,0x10c6,0x10c6,0x2146,0x4a68,0x7bca,0xb5ad,0xd6ae,0xd6ae,0xc5ed,0x94ab,0x6349,0x29a7,0x10c6,
    0x10c6,0x10c6,0x10c6,0x10c6,0x10c6,0x10c6,0x10c6,0x10c6,0x10c6,0x10c6,0x10c6,0x10c6,0x10c6,0x10c6,0x10c6,0x10c6,
    0x10c6,0x10c6,0x10c6,0x10c6,0x10c6,0x10c6,0x10c6,0x10c6,0x10c6,0x10c6,0x10c6,0x10c6,0x10c6,0x10c6,0x10c6,0x10c6,
    0x10c6,0x10c6,0x10c6,0x10c6,0x10c6,0x10c6,0x10c6,0x10c6,0x10c6,0x10c6,0x10c6,0x10c6,0x10c6,0x10c6,0x10c6,0x10c6,
    0x10c6,0x10c6,0x10c6,0x10c6,0x10c6,0x10c6,0x10c6,0x10c6,0x10c6,0x10c6,0x10c6,0x10c6,0x10c6,0x10c6,0x10c6,0x10c6,
    0x10c6,0x29a7,0x6349,0x94cb,0xc60d,0xd6ae,0xd6ae,0xb5ad,0x73ca,0x4248,0x2146,0x10c6,0x10c6,0x10c6,0x10c6,0x10c6,
    0x10c6,0x10c6,0x10c6,0x10c6,0x10c6,0x10c6,0x10c6,0x10c6,0x10c6,0x10c6,0x10c6,0x2107,0x496b,0x59ac,0x59ac,0x59ac,
    0x59ac,0x59ac,0x59ac,0x496b,0x2107,0x10c6,0x10c6,0x10c6,0x10c6,0x10c6,0x10c6,0x10c6,0x10c6,0x10c6,0x10c6,0x10c6,
    0x10c6,0x10c6,0x10c6,0x10c6,0x10c6,0x1906,0x2987,0x5ae9,0xa50c,0xce2e,0xd68e,0xce4e,0xb5ad,0x8c6b,0x4a68,0x2146,
    0x10e6,0x10c6,0x10c6,0x10c6,0x10c6,0x10c6,0x10c6,0x10c6,0x10c6,0x10c6,0x10c6,0x10c6,0x10c6,0x10c6,0x10c6,0x10c6,
    0x10c6,0x10c6,0x10c6,0x10c6,0x10c6,0x10c6,0x10c6,0x10c6,0x10c6,0x10c6,0x10c6,0x10c6,0x10c6,0x10c6,0x10c6,0x10c6,
    0x10c6,0x10c6,0x10c6,0x10c6,0x10c6,0x10c6,0x10c6,0x10c6,0x10c6,0x10c6,0x10c6,0x10c6,0x10c6,0x10c6,0x10c6,0x10c6,
    0x10c6,0x10c6,0x10c6,0x10c6,0x10c6,0x10c6,0x10c6,0x10c6,0x10c6,0x10c6,0x10c6,0x10c6,0x10c6,0x10c6,0x10c6,0x10e6,
    0x2146,0x4a68,0x8c6b,0xb5cd,0xce4e,0xd68e,0xc62e,0x9d0c,0x52c9,0x2987,0x1906,0x10c6,0x10c6,0x10c6,0x10c6,0x10c6,
    0x10c6,0x10c6,0x10c6,0x10c6,0x10c6,0x10c6,0x10c6,0x10c6,0x10c6,0x10c6,0x10c6,0x2107,0x496b,0x59ac,0x59ac,0x59ac,
    0x59ac,0x59ac,0x59ac,0x496b,0x2107,0x10c6,0x10c6,0x10c6,0x10c6,0x10c6,0x10c6,0x10c6,0x10c6,0x10c6,0x10c6,0x10c6,
    0x10c6,0x10c6,0x10c6,0x10c6,0x10c6,0x10e6,0x1906,0x3a08,0x7c0a,0xad6c,0xce4e,0xd68e,0xce4e,0xad4c,0x6b8a,0x4228,
    0x2146,0x10c6,0x10c6,0x10c6,0x10c6,0x10c6,0x10c6,0x10c6,0x10c6,0x10c6,0x10c6,0x10c6,0x10c6,0x10c6,0x10c6,0x10c6,
    0x10c6,0x10c6,0x10c6,0x10c6,0x10c6,0x10c6,0x10c6,0x10c6,0x10c6,0x10c6,0x10c6,0x10c6,0x10c6,0x10c6,0x10c6,0x10c6,
    0x10c6,0x10c6,0x10c6,0x10c6,0x10c6,0x10c6,0x10c6,0x10c6,0x10c6,0x10c6,0x10c6,0x10c6,0x10c6,0x10c6,0x10c6,0x10c6,
    0x10c6,0x10c6,0x10c6,0x10c6,0x10c6,0x10c6,0x10c6,0x10c6,0x10c6,0x10c6,0x10c6,0x10c6,0x10c6,0x10c6,0x10c6,0x2146,
    0x4228,0x6b8a,0xad6c,0xce4e,0xd68e,0xce4e,0xad6c,0x7c0a,0x3a08,0x1906,0x10e6,0x10c6,0x10c6,0x10c6,0x10c6,0x10c6,
    0x10c6,0x10c6,0x10c6,0x10c6,0x10c6,0x10c6,0x10c6,0x10c6,0x10c6,0x10c6,0x10c6,0x2107,0x496b,0x59ac,0x59ac,0x59ac,
    0x59ac,0x59ac,0x59ac,0x496b,0x2107,0x10c6,0x10c6,0x10c6,0x10c6,0x10c6,0x10c6,0x10c6,0x10c6,0x10c6,0x10c6,0x10c6,
    0x10c6,0x10c6,0x10c6,0x10c6,0x10c6,0x10c6,0x10c6,0x2987,0x5ae9,0x8c4b,0xbdcd,0xd68e,0xd6ae,0xc60d,0x94ab,0x6349,
    0x31c7,0x10e6,0x10e6,0x10c6,0x10c6,0x10c6,0x10c6,0x10c6,0x10c6,0x10c6,0x10c6,0x10c6,0x10c6,0x10c6,0x10c6,0x10c6,
    0x10c6,0x10c6,0x10c6,0x10c6,0x10c6,0x10c6,0x10c6,0x10c6,0x10c6,0x10c6,0x10c6,0x10c6,0x10c6,0x10c6,0x10c6,0x10c6,
    0x10c6,0x10c6,0x10c6,0x10c6,0x10c6,0x10c6,0x10c6,0x10c6,0x10c6,0x10c6,0x10c6,0x10c6,0x10c6,0x10c6,0x10c6,0x10c6,
    0x10c6,0x10c6,0x10c6,0x10c6,0x10c6,0x10c6,0x10c6,0x10c6,0x10c6,0x10c6,0x10c6,0x10c6,0x10c6,0x10e6,0x10e6,0x31c7,
    0x6349,0x94cb,0xc60d,0xd6ae,0xd68e,0xbdcd,0x844b,0x5ae9,0x2987,0x10c6,0x10c6,0x10c6,0x10c6,0x10c6,0x10c6,0x10c6,
    0x10c6,0x10c6,0x10c6,0x10c6,0x10c6,0x10c6,0x10c6,0x10c6,0x10c6,0x10c6,0x10c6,0x2107,0x496b,0x59ac,0x59ac,0x59ac,
    0x59ac,0x59ac,0x59ac,0x496b,0x2107,0x10c6,0x10c6,0x10c6,0x10c6,0x10c6,0x10c6,0x10c6,0x10c6,0x10c6,0x10c6,0x10c6,
    0x10c6,0x10c6,0x10c6,0x10c6,0x10c6,0x10c6,0x10c6,0x1926,0x31a7,0x5b09,0xa52c,0xce4e,0xd68e,0xce6e,0xbded,0x94ab,
    0x4a68,0x2146,0x10e6,0x10c6,0x10c6,0x10c6,0x10c6,0x10c6,0x10c6,0x10c6,0x10c6,0x10c6,0x10c6,0x10c6,0x10c6,0x10c6,
    0x10c6,0x10c6,0x10c6,0x10c6,0x10c6,0x10c6,0x10c6,0x10c6,0x10c6,0x10c6,0x10c6,0x10c6,0x10c6,0x10c6,0x10c6,0x10c6,
    0x10c6,0x10c6,0x10c6,0x10c6,0x10c6,0x10c6,0x10c6,0x10c6,0x10c6,0x10c6,0x10c6,0x10c6,0x10c6,0x10c6,0x10c6,0x10c6,
    0x10c6,0x10c6,0x10c6,0x10c6,0x10c6,0x10c6,0x10c6,0x10c6,0x10c6,0x10c6,0x10c6,0x10c6,0x10c6,0x10e6,0x2146,0x4a68,
    0x94ab,0xbded,0xce6e,0xd68e,0xce4e,0xa50c,0x5b09,0x29a7,0x1926,0x10c6,0x10c6,0x10c6,0x10c6,0x10c6,0x10c6,0x10c6,
    0x10c6,0x10c6,0x10c6,0x10c6,0x10c6,0x10c6,0x10c6,0x10c6,0x10c6,0x10c6,0x10c6,0x2107,0x496b,0x59ac,0x59ac,0x59ac,
    0x59ac,0x59ac,0x59ac,0x496b,0x2107,0x10c6,0x10c6,0x10c6,0x10c6,0x10c6,0x10c6,0x10c6,0x10c6,0x10c6,0x10c6,0x10c6,
    0x10c6,0x10c6,0x10c6,0x10c6,0x10c6,0x10c6,0x10c6,0x10e6,0x1906,0x3a08,0x7c0a,0xad6c,0xce2e,0xd68e,0xd68e,0xad4c,
    0x52c9,0x2167,0x1906,0x10c6,0x10c6,0x10c6,0x10c6,0x10c6,0x10c6,0x10c6,0x10c6,0x10c6,0x10c6,0x10c6,0x10c6,0x10c6,
    0x10c6,0x10c6,0x10c6,0x10c6,0x10c6,0x10c6,0x10c6,0x10c6,0x10c6,0x10c6,0x10c6,0x10c6,0x10c6,0x10c6,0x10c6,0x10c6,
    0x10c6,0x10c6,0x10c6,0x10c6,0x10c6,0x10c6,0x10c6,0x10c6,0x10c6,0x10c6,0x10c6,0x10c6,0x10c6,0x10c6,0x10c6,0x10c6,
    0x10c6,0x10c6,0x10c6,0x10c6,0x10c6,0x10c6,0x10c6,0x10c6,0x10c6,0x10c6,0x10c6,0x10c6,0x10c6,0x1906,0x2167,0x52c9,
    0xad4c,0xd68e,0xd68e,0xc62e,0xad6c,0x7c0a,0x3a08,0x1906,0x10e6,0x10c6,0x10c6,0x10c6,0x10c6,0x10c6,0x10c6,0x10c6,
    0x10c6,0x10c6,0x10c6,0x10c6,0x10c6,0x10c6,0x10c6,0x10c6,0x10c6,0x10c6,0x10c6,0x2107,0x496b,0x59ac,0x59ac,0x59ac,
    0x59ac,0x59ac,0x59ac,0x496b,0x2107,0x10c6,0x10c6,0x10c6,0x10c6,0x10c6,0x10c6,0x10c6,0x10c6,0x10c6,0x10c6,0x10c6,
    0x10c6,0x10c6,0x10c6,0x10c6,0x10c6,0x10c6,0x10c6,0x10c6,0x10e6,0x2967,0x4a88,0x7bea,0xb5ad,0xd68e,0xd68e,0xa54c,
    0x52c9,0x2167,0x1906,0x10c6,0x10c6,0x10c6,0x10c6,0x10c6,0x10c6,0x10c6,0x10c6,0x10c6,0x10c6,0x10c6,0x10c6,0x10c6,
    0x10c6,0x10c6,0x10c6,0x10c6,0x10c6,0x10c6,0x10c6,0x10c6,0x10c6,0x10c6,0x10c6,0x10c6,0x10c6,0x10c6,0x10c6,0x10c6,
    0x10c6,0x10c6,0x10c6,0x10c6,0x10c6,0x10c6,0x10c6,0x10c6,0x10c6,0x10c6,0x10c6,0x10c6,0x10c6,0x10c6,0x10c6,0x10c6,
    0x10c6,0x10c6,0x10c6,0x10c6,0x10c6,0x10c6,0x10c6,0x10c6,0x10c6,0x10c6,0x10c6,0x10c6,0x10c6,0x1906,0x2167,0x52c9,
    0xa54c,0xd68e,0xd68e,0xb5ad,0x7bea,0x4a88,0x2167,0x10e6,0x10c6,0x10c6,0x10c6,0x10c6,0x10c6,0x10c6,0x10c6,0x10c6,
    0x10c6,0x10c6,0x10c6,0x10c6,0x10c6,0x10c6,0x10c6,0x10c6,0x10c6,0x10c6,0x10c6,0x2107,0x496b,0x59ac,0x59ac,0x59ac,
    0x59ac,0x59ac,0x59ac,0x496b,0x2107,0x10c6,0x10c6,0x10c6,0x10c6,0x10c6,0x10c6,0x10c6,0x10c6,0x10c6,0x10c6,0x10c6,
    0x10c6,0x10c6,0x10c6,0x10c6,0x10c6,0x10c6,0x10c6,0x10c6,0x10c6,0x1906,0x2987,0x52a8,0x8c6b,0xa54c,0xa54c,0x844b,
    0x4268,0x2146,0x10e6,0x10c6,0x10c6,0x10c6,0x10c6,0x10c6,0x10c6,0x10c6,0x10c6,0x10c6,0x10c6,0x10c6,0x10c6,0x10c6,
    0x10c6,0x10c6,0x10c6,0x10c6,0x10c6,0x10c6,0x10c6,0x10c6,0x10c6,0x10c6,0x10c6,0x10c6,0x10c6,0x10c6,0x10c6,0x10c6,
    0x10c6,0x10c6,0x10c6,0x10c6,0x10c6,0x10c6,0x10c6,0x10c6,0x10c6,0x10c6,0x10c6,0x10c6,0x10c6,0x10c6,0x10c6,0x10c6,
    0x10c6,0x10c6,0x10c6,0x10c6,0x10c6,0x10c6,0x10c6,0x10c6,0x10c6,0x10c6,0x10c6,0x10c6,0x10c6,0x10e6,0x2146,0x4268,
    0x844b,0xa54c,0xa54c,0x8c6b,0x4aa8,0x2987,0x1906,0x10c6,0x10c6,0x10c6,0x10c6,0x10c6,0x10c6,0x10c6,0x10c6,0x10c6,
    0x10c6,0x10c6,0x10c6,0x10c6,0x10c6,0x10c6,0x10c6,0x10c6,0x10c6,0x10c6,0x10c6,0x2107,0x496b,0x59ac,0x59ac,0x59ac,
    0x59ac,0x59ac,0x59ac,0x496b,0x2107,0x10c6,0x10c6,0x10c6,0x10c6,0x10c6,0x10c6,0x10c6,0x10c6,0x10c6,0x10c6,0x10c6,
    0x10c6,0x10c6,0x10c6,0x10c6,0x10c6,0x10c6,0x10c6,0x10c6,0x10c6,0x10e6,0x1906,0x2987,0x4a68,0x52c9,0x52c9,0x4268,
    0x2967,0x10e6,0x10e6,0x10c6,0x10c6,0x10c6,0x10c6,0x10c6,0x10c6,0x10c6,0x10c6,0x10c6,0x10c6,0x10c6,0x10c6,0x10c6,
    0x10c6,0x10c6,0x10c6,0x10c6,0x10c6,0x10c6,0x10c6,0x10c6,0x10c6,0x10c6,0x10c6,0x10c6,0x10c6,0x10c6,0x10c6,0x10c6,
    0x10c6,0x10c6,0x10c6,0x10c6,0x10c6,0x10c6,0x10c6,0x10c6,0x10c6,0x10c6,0x10c6,0x10c6,0x10c6,0x10c6,0x10c6,0x10c6,
    0x10c6,0x10c6,0x10c6,0x10c6,0x10c6,0x10c6,0x10c6,0x10c6,0x10c6,0x10c6,0x10c6,0x10c6,0x10c6,0x10e6,0x10e6,0x2967,
    0x4268,0x52c9,0x52c9,0x4268,0x2987,0x1906,0x10e6,0x10c6,0x10c6,0x10c6,0x10c6,0x10c6,0x10c6,0x10c6,0x10c6,0x10c6,
    0x10c6,0x10c6,0x10c6,0x10c6,0x10c6,0x10c6,0x10c6,0x10c6,0x10c6,0x10c6,0x10c6,0x2107,0x496b,0x59ac,0x59ac,0x59ac,
    0x59ac,0x59ac,0x59ac,0x496b,0x2107,0x10c6,0x10c6,0x10c6,0x10c6,0x10c6,0x10c6,0x10c6,0x10c6,0x10c6,0x10c6,0x10c6,
    0x10c6,0x10c6,0x10c6,0x10c6,0x10c6,0x10c6,0x10c6,0x10c6,0x10c6,0x10c6,0x10c6,0x10e6,0x2146,0x2167,0x2167,0x2146,
    0x10e6,0x10c6,0x10c6,0x10c6,0x10c6,0x10c6,0x10c6,0x10c6,0x10c6,0x10c6,0x10c6,0x10c6,0x10c6,0x10c6,0x10c6,0x10c6,
    0x10c6,0x10c6,0x10c6,0x10c6,0x10c6,0x10c6,0x10c6,0x10c6,0x10c6,0x10c6,0x10c6,0x10c6,0x10c6,0x10c6,0x10c6,0x10c6,
    0x10c6,0x10c6,0x10c6,0x10c6,0x10c6,0x10c6,0x10c6,0x10c6,0x10c6,0x10c6,0x10c6,0x10c6,0x10c6,0x10c6,0x10c6,0x10c6,
    0x10c6,0x10c6,0x10c6,0x10c6,0x10c6,0x10c6,0x10c6,0x10c6,0x10c6,0x10c6,0x10c6,0x10c6,0x10c6,0x10c6,0x10c6,0x10e6,
    0x2146,0x2167,0x2167,0x2146,0x10e6,0x10c6,0x10c6,0x10c6,0x10c6,0x10c6,0x10c6,0x10c6,0x10c6,0x10c6,0x10c6,0x10c6,
    0x10c6,0x10c6,0x10c6,0x10c6,0x10c6,0x10c6,0x10c6,0x10c6,0x10c6,0x10c6,0x10c6,0x2107,0x496b,0x59ac,0x59ac,0x59ac,
    0x59ac,0x59ac,0x59ac,0x496b,0x2107,0x10c6,0x10c6,0x10c6,0x10c6,0x10c6,0x10c6,0x10c6,0x10c6,0x10c6,0x10c6,0x10c6,
    0x10c6,0x10c6,0x10c6,0x10c6,0x10c6,0x10c6,0x10c6,0x10c6,0x10c6,0x10c6,0x10c6,0x10e6,0x10e6,0x1906,0x1906,0x10e6,
    0x10e6,0x10c6,0x10c6,0x10c6,0x10c6,0x10c6,0x10c6,0x10c6,0x10c6,0x10c6,0x10c6,0x10c6,0x10c6,0x10c6,0x10c6,0x10c6,
    0x10c6,0x10c6,0x10c6,0x10c6,0x10c6,0x10c6,0x10c6,0x10c6,0x10c6,0x10c6,0x10c6,0x10c6,0x10c6,0x10c6,0x10c6,0x10c6,
    0x10c6,0x10c6,0x10c6,0x10c6,0x10c6,0x10c6,0x10c6,0x10c6,0x10c6,0x10c6,0x10c6,0x10c6,0x10c6,0x10c6,0x10c6,0x10c6,
    0x10c6,0x10c6,0x10c6,0x10c6,0x10c6,0x10c6,0x10c6,0x10c6,0x10c6,0x10c6,0x10c6,0x10c6,0x10c6,0x10c6,0x10c6,0x10e6,
    0x10e6,0x1906,0x1906,0x10e6,0x10e6,0x10c6,0x10c6,0x10c6,0x10c6,0x10c6,0x10c6,0x10c6,0x10c6,0x10c6,0x10c6,0x10c6,
    0x10c6,0x10c6,0x10c6,0x10c6,0x10c6,0x10c6,0x10c6,0x10c6,0x10c6,0x10c6,0x10c6,0x2107,0x496b,0x59ac,0x59ac,0x59ac,
    0x59ac,0x59ac,0x59ac,0x496b,0x2107,0x10c6,0x10c6,0x10c6,0x10c6,0x10c6,0x10c6,0x10c6,0x10c6,0x10c6,0x10c6,0x10c6,
    0x10c6,0x10c6,0x10c6,0x10c6,0x10c6,0x10c6,0x10c6,0x10c6,0x10c6,0x10c6,0x10c6,0x10c6,0x10c6,0x10c6,0x10c6,0x10c6,
    0x10c6,0x10c6,0x10c6,0x10c6,0x10c6,0x10c6,0x10c6,0x10c6,0x10c6,0x10c6,0x10c6,0x10c6,0x10c6,0x10c6,0x10c6,0x10c6,
    0x10c6,0x10c6,0x10c6,0x10c6,0x10c6,0x10c6,0x10c6,0x10c6,0x10c6,0x10c6,0x10c6,0x10c6,0x10c6,0x10c6,0x10c6,0x10c6,
    0x10c6,0x10c6,0x10c6,0x10c6,0x10c6,0x10c6,0x10c6,0x10c6,0x10c6,0x10c6,0x10c6,0x10c6,0x10c6,0x10c6,0x10c6,0x10c6,
    0x10c6,0x10c6,0x10c6,0x10c6,0x10c6,0x10c6,0x10c6,0x10c6,0x10c6,0x10c6,0x10c6,0x10c6,0x10c6,0x10c6,0x10c6,0x10c6,
    0x10c6,0x10c6,0x10c6,0x10c6,0x10c6,0x10c6,0x10c6,0x10c6,0x10c6,0x10c6,0x10c6,0x10c6,0x10c6,0x10c6,0x10c6,0x10c6,
    0x10c6,0x10c6,0x10c6,0x10c6,0x10c6,0x10c6,0x10c6,0x10c6,0x10c6,0x10c6,0x10c6,0x2107,0x496b,0x59ad,0x59ac,0x59ac,
    0x518c,0x598c,0x59ad,0x498b,0x2108,0x10c6,0x10c6,0x10c6,0x10c6,0x10c6,0x10c6,0x10c6,0x10c6,0x10c6,0x10c6,0x10c6,
    0x10c6,0x10c6,0x10c6,0x10c6,0x10c6,0x10c6,0x10c6,0x10c6,0x10c6,0x10c6,0x10c6,0x10c6,0x10c6,0x10c6,0x10c6,0x10c6,
    0x10c6,0x10c6,0x10c6,0x10c6,0x10c6,0x10c6,0x10c6,0x10c6,0x10c6,0x10c6,0x10c6,0x10c6,0x10c6,0x10c6,0x10c6,0x10c6,
    0x10c6,0x10c6,0x10c6,0x10c6,0x10c6,0x10c6,0x10c6,0x10c6,0x10c6,0x10c6,0x10c6,0x10c6,0x10c6,0x10c6,0x10c6,0x10c6,
    0x10c6,0x10c6,0x10c6,0x10c6,0x10c6,0x10c6,0x10c6,0x10c6,0x10c6,0x10c6,0x10c6,0x10c6,0x10c6,0x10c6,0x10c6,0x10c6,
    0x10c6,0x10c6,0x10c6,0x10c6,0x10c6,0x10c6,0x10c6,0x10c6,0x10c6,0x10c6,0x10c6,0x10c6,0x10c6,0x10c6,0x10c6,0x10c6,
    0x10c6,0x10c6,0x10c6,0x10c6,0x10c6,0x10c6,0x10c6,0x10c6,0x10c6,0x10c6,0x10c6,0x10c6,0x10c6,0x10c6,0x10c6,0x10c6,
    0x10c6,0x10c6,0x10c6,0x10c6,0x10c6,0x10c6,0x10c6,0x10c6,0x10c6,0x10c6,0x10c6,0x2108,0x498b,0x59ad,0x598c,0x518c,
    0x498b,0x518c,0x61ad,0x518c,0x2908,0x10c6,0x10c6,0x10c6,0x10c6,0x10c6,0x10c6,0x10c6,0x10c6,0x10c6,0x10c6,0x10c6,
    0x10c6,0x10c6,0x10c6,0x10c6,0x10c6,0x10c6,0x10c6,0x10c6,0x10c6,0x10c6,0x10c6,0x10c6,0x10c6,0x10c6,0x10c6,0x10c6,
    0x10c6,0x10c6,0x10c6,0x10c6,0x10c6,0x10c6,0x10c6,0x10c6,0x10c6,0x10c6,0x10c6,0x10c6,0x10c6,0x10c6,0x10c6,0x10c6,
    0x10c6,0x10c6,0x10c6,0x10c6,0x10c6,0x10c6,0x10c6,0x10c6,0x10c6,0x10c6,0x10c6,0x10c6,0x10c6,0x10c6,0x10c6,0x10c6,
    0x10c6,0x10c6,0x10c6,0x10c6,0x10c6,0x10c6,0x10c6,0x10c6,0x10c6,0x10c6,0x10c6,0x10c6,0x10c6,0x10c6,0x10c6,0x10c6,
    0x10c6,0x10c6,0x10c6,0x10c6,0x10c6,0x10c6,0x10c6,0x10c6,0x10c6,0x10c6,0x10c6,0x10c6,0x10c6,0x10c6,0x10c6,0x10c6,
    0x10c6,0x10c6,0x10c6,0x10c6,0x10c6,0x10c6,0x10c6,0x10c6,0x10c6,0x10c6,0x10c6,0x10c6,0x10c6,0x10c6,0x10c6,0x10c6,
    0x10c6,0x10c6,0x10c6,0x10c6,0x10c6,0x10c6,0x10c6,0x10c6,0x10c6,0x10c6,0x10c6,0x2108,0x518b,0x61ad,0x518c,0x518b,
    0x416a,0x518b,0x61cd,0x598c,0x2908,0x10c6,0x10c6,0x10c6,0x10c6,0x10c6,0x10c6,0x10c6,0x10c6,0x10c6,0x10c6,0x10c6,
    0x10c6,0x10c6,0x10c6,0x10c6,0x10c6,0x10c6,0x10c6,0x10c6,0x10c6,0x10c6,0x10c6,0x10c6,0x10c6,0x10c6,0x10c6,0x10c6,
    0x10c6,0x10c6,0x10c6,0x10c6,0x10c6,0x10c6,0x10c6,0x10c6,0x10c6,0x10c6,0x10c6,0x10c6,0x10c6,0x10c6,0x10c6,0x10c6,
    0x10c6,0x10c6,0x10c6,0x10c6,0x10c6,0x10c6,0x10c6,0x10c6,0x10c6,0x10c6,0x10c6,0x10c6,0x10c6,0x10c6,0x10c6,0x10c6,
    0x10c6,0x10c6,0x10c6,0x10c6,0x10c6,0x10c6,0x10c6,0x10c6,0x10c6,0x10c6,0x10c6,0x10c6,0x10c6,0x10c6,0x10c6,0x10c6,
    0x10c6,0x10c6,0x10c6,0x10c6,0x10c6,0x10c6,0x10c6,0x10c6,0x10c6,0x10c6,0x10c6,0x10c6,0x10c6,0x10c6,0x10c6,0x10c6,
    0x10c6,0x10c6,0x10c6,0x10c6,0x10c6,0x10c6,0x10c6,0x10c6,0x10c6,0x10c6,0x10c6,0x10c6,0x10c6,0x10c6,0x10c6,0x10c6,
    0x10c6,0x10c6,0x10c6,0x10c6,0x10c6,0x10c6,0x10c6,0x10c6,0x10c6,0x10c6,0x10c6,0x2908,0x518c,0x61cd,0x518c,0x496b,
    0x394a,0x496b,0x69ce,0x61ad,0x2928,0x10c6,0x10c6,0x10c6,0x10c6,0x10c6,0x10c6,0x10c6,0x10c6,0x10c6,0x10c6,0x10c6,
    0x10c6,0x10c6,0x10c6,0x10c6,0x10c6,0x10c6,0x10c6,0x10c6,0x10c6,0x10c6,0x10c6,0x10c6,0x10c6,0x10c6,0x10c6,0x10c6,
    0x10c6,0x10c6,0x10c6,0x10c6,0x10c6,0x10c6,0x10c6,0x10c6,0x10c6,0x10c6,0x10c6,0x10c6,0x10c6,0x10c6,0x10c6,0x10c6,
    0x10c6,0x10c6,0x10c6,0x10c6,0x10c6,0x10c6,0x10c6,0x10c6,0x10c6,0x10c6,0x10c6,0x10c6,0x10c6,0x10c6,0x10c6,0x10c6,
    0x10c6,0x10c6,0x10c6,0x10c6,0x10c6,0x10c6,0x10c6,0x10c6,0x10c6,0x10c6,0x10c6,0x10c6,0x10c6,0x10c6,0x10c6,0x10c6,
    0x10c6,0x10c6,0x10c6,0x10c6,0x10c6,0x10c6,0x10c6,0x10c6,0x10c6,0x10c6,0x10c6,0x10c6,0x10c6,0x10c6,0x10c6,0x10c6,
    0x10c6,0x10c6,0x10c6,0x10c6,0x10c6,0x10c6,0x10c6,0x10c6,0x10c6,0x10c6,0x10c6,0x10c6,0x10c6,0x10c6,0x10c6,0x10c6,
    0x10c6,0x10c6,0x10c6,0x10c6,0x10c6,0x10c6,0x10c6,0x10c6,0x10c6,0x10c6,0x10c6,0x2908,0x59ad,0x69ce,0x496b,0x414a,
    0x3129,0x496b,0x71ef,0x69ce,0x3128,0x10c6,0x10c6,0x10c6,0x10c6,0x10c6,0x10c6,0x10c6,0x10c6,0x10c6,0x10c6,0x10c6,
    0x10c6,0x10c6,0x10c6,0x10c6,0x10c6,0x10c6,0x10c6,0x10c6,0x10c6,0x10c6,0x10c6,0x10c6,0x10c6,0x10c6,0x10c6,0x10c6,
    0x10c6,0x10c6,0x10c6,0x10c6,0x10c6,0x10c6,0x10c6,0x10c6,0x10c6,0x10c6,0x10c6,0x10c6,0x10c6,0x10c6,0x10c6,0x10c6,
    0x10c6,0x10c6,0x10c6,0x10c6,0x10c6,0x10c6,0x10c6,0x10c6,0x10c6,0x10c6,0x10c6,0x10c6,0x10c6,0x10c6,0x10c6,0x10c6,
    0x10c6,0x10c6,0x10c6,0x10c6,0x10c6,0x10c6,0x10c6,0x10c6,0x10c6,0x10c6,0x10c6,0x10c6,0x10c6,0x10c6,0x10c6,0x10c6,
    0x10c6,0x10c6,0x10c6,0x10c6,0x10c6,0x10c6,0x10c6,0x10c6,0x10c6,0x10c6,0x10c6,0x10c6,0x10c6,0x10c6,0x10c6,0x10c6,
    0x10c6,0x10c6,0x10c6,0x10c6,0x10c6,0x10c6,0x10c6,0x10c6,0x10c6,0x10c6,0x10c6,0x10c6,0x10c6,0x10c6,0x10c6,0x10c6,
    0x10c6,0x10c6,0x10c6,0x10c6,0x10c6,0x10c6,0x10c6,0x10c6,0x10c6,0x10c6,0x10c6,0x2928,0x61ad,0x69ce,0x496b,0x3949,
    0x2107,0x414a,0x71ef,0x71ef,0x3129,0x10e6,0x10c6,0x10c6,0x10c6,0x10c6,0x10c6,0x10c6,0x10c6,0x10c6,0x10c6,0x10c6,
    0x10c6,0x10c6,0x10c6,0x10c6,0x10c6,0x10c6,0x10c6,0x10c6,0x10c6,0x10c6,0x10c6,0x10c6,0x10c6,0x10c6,0x10c6,0x10c6,
    0x10c6,0x10c6,0x10c6,0x10c6,0x10c6,0x10c6,0x10c6,0x10c6,0x10c6,0x10c6,0x10c6,0x10c6,0x10c6,0x10c6,0x10c6,0x10c6,
    0x10c6,0x10c6,0x10c6,0x10c6,0x10c6,0x10c6,0x10c6,0x10c6,0x10c6,0x10c6,0x10c6,0x10c6,0x10c6,0x10c6,0x10c6,0x10c6,
    0x10c6,0x10c6,0x10c6,0x10c6,0x10c6,0x10c6,0x10c6,0x10c6,0x10c6,0x10c6,0x10c6,0x10c6,0x10c6,0x10c6,0x10c6,0x10c6,
    0x10c6,0x10c6,0x10c6,0x10c6,0x10c6,0x10c6,0x10c6,0x10c6,0x10c6,0x10c6,0x10c6,0x10c6,0x10c6,0x10c6,0x10c6,0x10c6,
    0x10c6,0x10c6,0x10c6,0x10c6,0x10c6,0x10c6,0x10c6,0x10c6,0x10c6,0x10c6,0x10c6,0x10c6,0x10c6,0x10c6,0x10c6,0x10c6,
    0x10c6,0x10c6,0x10c6,0x10c6,0x10c6,0x10c6,0x10c6,0x10c6,0x10c6,0x10c6,0x10c6,0x3128,0x69ce,0x71ce,0x416a,0x2928,
    0x18e6,0x3129,0x71ee,0x71ef,0x414a,0x20e7,0x10e6,0x10c6,0x10c6,0x10c6,0x10c6,0x10c6,0x10c6,0x10c6,0x10c6,0x10c6,
    0x10c6,0x10c6,0x10c6,0x10c6,0x10c6,0x10c6,0x10c6,0x10c6,0x10c6,0x10c6,0x10c6,0x10c6,0x10c6,0x10c6,0x10c6,0x10c6,
    0x10c6,0x10c6,0x10c6,0x10c6,0x10c6,0x10c6,0x10c6,0x10c6,0x10c6,0x10c6,0x10c6,0x10c6,0x10c6,0x10c6,0x10c6,0x10c6,
    0x10c6,0x10c6,0x10c6,0x10c6,0x10c6,0x10c6,0x10c6,0x10c6,0x10c6,0x10c6,0x10c6,0x10c6,0x10c6,0x10c6,0x10c6,0x10c6,
    0x10c6,0x10c6,0x10c6,0x10c6,0x10c6,0x10c6,0x10c6,0x10c6,0x10c6,0x10c6,0x10c6,0x10c6,0x10c6,0x10c6,0x10c6,0x10c6,
    0x10c6,0x10c6,0x10c6,0x10c6,0x10c6,0x10c6,0x10c6,0x10c6,0x10c6,0x10c6,0x10c6,0x10c6,0x10c6,0x10c6,0x10c6,0x10c6,
    0x10c6,0x10c6,0x10c6,0x10c6,0x10c6,0x10c6,0x10c6,0x10c6,0x10c6,0x10c6,0x10c6,0x10c6,0x10c6,0x10c6,0x10c6,0x10c6,
    0x10c6,0x10c6,0x10c6,0x10c6,0x10c6,0x10c6,0x10c6,0x10c6,0x10c6,0x10c6,0x10e6,0x3149,0x71ef,0x79ef,0x394a,0x20e7,
    0xf81f,0x2928,0x69ce,0x71ee,0x496b,0x3128,0x18e7,0x10c6,0x10c6,0x10c6,0x10c6,0x10c6,0x10c6,0x10c6,0x10c6,0x10c6,
    0x10c6,0x10c6,0x10c6,0x10c6,0x10c6,0x10c6,0x10c6,0x10c6,0x10c6,0x10c6,0x10c6,0x10c6,0x10c6,0x10c6,0x10c6,0x10c6,
    0x10c6,0x10c6,0x10c6,0x10c6,0x10c6,0x10c6,0x10c6,0x10c6,0x10c6,0x10c6,0x10c6,0x10c6,0x10c6,0x10c6,0x10c6,0x10c6,
    0x10c6,0x10c6,0x10c6,0x10c6,0x10c6,0x10c6,0x10c6,0x10c6,0x10c6,0x10c6,0x10c6,0x10c6,0x10c6,0x10c6,0x10c6,0x10c6,
    0x10c6,0x10c6,0x10c6,0x10c6,0x10c6,0x10c6,0x10c6,0x10c6,0x10c6,0x10c6,0x10c6,0x10c6,0x10c6,0x10c6,0x10c6,0x10c6,
    0x10c6,0x10c6,0x10c6,0x10c6,0x10c6,0x10c6,0x10c6,0x10c6,0x10c6,0x10c6,0x10c6,0x10c6,0x10c6,0x10c6,0x10c6,0x10c6,
    0x10c6,0x10c6,0x10c6,0x10c6,0x10c6,0x10c6,0x10c6,0x10c6,0x10c6,0x10c6,0x10c6,0x10c6,0x10c6,0x10c6,0x10c6,0x10c6,
    0x10c6,0x10c6,0x10c6,0x10c6,0x10c6,0x10c6,0x10c6,0x10c6,0x10c6,0x10e6,0x18e7,0x414a,0x71ef,0x71ef,0x3129,0x10e6,
    0xf81f,0x2908,0x518c,0x61ad,0x598c,0x416a,0x2107,0x10c6,0x10c6,0x10c6,0x10c6,0x10c6,0x10c6,0x10c6,0x10c6,0x10c6,
    0x10c6,0x10c6,0x10c6,0x10c6,0x10c6,0x10c6,0x10c6,0x10c6,0x10c6,0x10c6,0x10c6,0x10c6,0x10c6,0x10c6,0x10c6,0x10c6,
    0x10c6,0x10c6,0x10c6,0x10c6,0x10c6,0x10c6,0x10c6,0x10c6,0x10c6,0x10c6,0x10c6,0x10c6,0x10c6,0x10c6,0x10c6,0x10c6,
    0x10c6,0x10c6,0x10c6,0x10c6,0x10c6,0x10c6,0x10c6,0x10c6,0x10c6,0x10c6,0x10c6,0x10c6,0x10c6,0x10c6,0x10c6,0x10c6,
    0x10c6,0x10c6,0x10c6,0x10c6,0x10c6,0x10c6,0x10c6,0x10c6,0x10c6,0x10c6,0x10c6,0x10c6,0x10c6,0x10c6,0x10c6,0x10c6,
    0x10c6,0x10c6,0x10c6,0x10c6,0x10c6,0x10c6,0x10c6,0x10c6,0x10c6,0x10c6,0x10c6,0x10c6,0x10c6,0x10c6,0x10c6,0x10c6,
    0x10c6,0x10c6,0x10c6,0x10c6,0x10c6,0x10c6,0x10c6,0x10c6,0x10c6,0x10c6,0x10c6,0x10c6,0x10c6,0x10c6,0x10c6,0x10c6,
    0x10c6,0x10c6,0x10c6,0x10c6,0x10c6,0x10c6,0x10c6,0x10c6,0x10c6,0x18e7,0x2928,0x496b,0x71ee,0x69ce,0x3128,0x10c6,
    0xf81f,0x2107,0x414a,0x598c,0x69cd,0x598c,0x2908,0x10c6,0x10c6,0x10c6,0x10c6,0x10c6,0x10c6,0x10c6,0x10c6,0x10c6,
    0x10c6,0x10c6,0x10c6,0x10c6,0x10c6,0x10c6,0x10c6,0x10c6,0x10c6,0x10c6,0x10c6,0x10c6,0x10c6,0x10c6,0x10c6,0x10c6,
    0x10c6,0x10c6,0x10c6,0x10c6,0x10c6,0x10c6,0x10c6,0x10c6,0x10c6,0x10c6,0x10c6,0x10c6,0x10c6,0x10c6,0x10c6,0x10c6,
    0x10c6,0x10c6,0x10c6,0x10c6,0x10c6,0x10c6,0x10c6,0x10c6,0x10c6,0x10c6,0x10c6,0x10c6,0x10c6,0x10c6,0x10c6,0x10c6,
    0x10c6,0x10c6,0x10c6,0x10c6,0x10c6,0x10c6,0x10c6,0x10c6,0x10c6,0x10c6,0x10c6,0x10c6,0x10c6,0x10c6,0x10c6,0x10c6,
    0x10c6,0x10c6,0x10c6,0x10c6,0x10c6,0x10c6,0x10c6,0x10c6,0x10c6,0x10c6,0x10c6,0x10c6,0x10c6,0x10c6,0x10c6,0x10c6,
    0x10c6,0x10c6,0x10c6,0x10c6,0x10c6,0x10c6,0x10c6,0x10c6,0x10c6,0x10c6,0x10c6,0x10c6,0x10c6,0x10c6,0x10c6,0x10c6,
    0x10c6,0x10c6,0x10c6,0x10c6,0x10c6,0x10c6,0x10c6,0x10c6,0x10c6,0x20e7,0x414a,0x598c,0x61cd,0x598c,0x2908,0xf81f,
    0xf81f,0x18e6,0x2908,0x496b,0x71ef,0x69ce,0x3149,0x18e6,0x10c6,0x10c6,0x10c6,0x10c6,0x10c6,0x10c6,0x10c6,0x10c6,
    0x10c6,0x10c6,0x10c6,0x10c6,0x10c6,0x10c6,0x10c6,0x10c6,0x10c6,0x10c6,0x10c6,0x10c6,0x10c6,0x10c6,0x10c6,0x10c6,
    0x10c6,0x10c6,0x10c6,0x10c6,0x10c6,0x10c6,0x10c6,0x10c6,0x10c6,0x10c6,0x10c6,0x10c6,0x10c6,0x10c6,0x10c6,0x10c6,
    0x10c6,0x10c6,0x10c6,0x10c6,0x10c6,0x10c6,0x10c6,0x10c6,0x10c6,0x10c6,0x10c6,0x10c6,0x10c6,0x10c6,0x10c6,0x10c6,
    0x10c6,0x10c6,0x10c6,0x10c6,0x10c6,0x10c6,0x10c6,0x10c6,0x10c6,0x10c6,0x10c6,0x10c6,0x10c6,0x10c6,0x10c6,0x10c6,
    0x10c6,0x10c6,0x10c6,0x10c6,0x10c6,0x10c6,0x10c6,0x10c6,0x10c6,0x10c6,0x10c6,0x10c6,0x10c6,0x10c6,0x10c6,0x10c6,
    0x10c6,0x10c6,0x10c6,0x10c6,0x10c6,0x10c6,0x10c6,0x10c6,0x10c6,0x10c6,0x10c6,0x10c6,0x10c6,0x10c6,0x10c6,0x10c6,
    0x10c6,0x10c6,0x10c6,0x10c6,0x10c6,0x10c6,0x10c6,0x10c6,0x10c6,0x2908,0x518c,0x61cd,0x59ad,0x416a,0x2107,0xf81f,
    0xf81f,0x10c6,0x18e7,0x394a,0x71ee,0x71ef,0x416b,0x2908,0x18e6,0x10c6,0x10c6,0x10c6,0x10c6,0x10c6,0x10c6,0x10c6,
    0x10c6,0x10c6,0x10c6,0x10c6,0x10c6,0x10c6,0x10c6,0x10c6,0x10c6,0x10c6,0x10c6,0x10c6,0x10c6,0x10c6,0x10c6,0x10c6,
    0x10c6,0x10c6,0x10c6,0x10c6,0x10c6,0x10c6,0x10c6,0x10c6,0x10c6,0x10c6,0x10c6,0x10c6,0x10c6,0x10c6,0x10c6,0x10c6,
    0x10c6,0x10c6,0x10c6,0x10c6,0x10c6,0x10c6,0x10c6,0x10c6,0x10c6,0x10c6,0x10c6,0x10c6,0x10c6,0x10c6,0x10c6,0x10c6,
    0x10c6,0x10c6,0x10c6,0x10c6,0x10c6,0x10c6,0x10c6,0x10c6,0x10c6,0x10c6,0x10c6,0x10c6,0x10c6,0x10c6,0x10c6,0x10c6,
    0x10c6,0x10c6,0x10c6,0x10c6,0x10c6,0x10c6,0x10c6,0x10c6,0x10c6,0x10c6,0x10c6,0x10c6,0x10c6,0x10c6,0x10c6,0x10c6,
    0x10c6,0x10c6,0x10c6,0x10c6,0x10c6,0x10c6,0x10c6,0x10c6,0x10c6,0x10c6,0x10c6,0x10c6,0x10c6,0x10c6,0x10c6,0x10c6,
    0x10c6,0x10c6,0x10c6,0x10c6,0x10c6,0x10c6,0x10c6,0x10c6,0x18e6,0x3129,0x61cd,0x69ee,0x496b,0x3129,0x18e7,0xf81f,
    0xf81f,0x10c6,0x10c6,0x2928,0x59ac,0x69ce,0x59ac,0x416a,0x2107,0x10c6,0x10c6,0x10c6,0x10c6,0x10c6,0x10c6,0x10c6,
    0x10c6,0x10c6,0x10c6,0x10c6,0x10c6,0x10c6,0x10c6,0x10c6,0x10c6,0x10c6,0x10c6,0x10c6,0x10c6,0x10c6,0x10c6,0x10c6,
    0x10c6,0x10c6,0x10c6,0x10c6,0x10c6,0x10c6,0x10c6,0x10c6,0x10c6,0x10c6,0x10c6,0x10c6,0x10c6,0x10c6,0x10c6,0x10c6,
    0x10c6,0x10c6,0x10c6,0x10c6,0x10c6,0x10c6,0x10c6,0x10c6,0x10c6,0x10c6,0x10c6,0x10c6,0x10c6,0x10c6,0x10c6,0x10c6,
    0x10c6,0x10c6,0x10c6,0x10c6,0x10c6,0x10c6,0x10c6,0x10c6,0x10c6,0x10c6,0x10c6,0x10c6,0x10c6,0x10c6,0x10c6,0x10c6,
    0x10c6,0x10c6,0x10c6,0x10c6,0x10c6,0x10c6,0x10c6,0x10c6,0x10c6,0x10c6,0x10c6,0x10c6,0x10c6,0x10c6,0x10c6,0x10c6,
    0x10c6,0x10c6,0x10c6,0x10c6,0x10c6,0x10c6,0x10c6,0x10c6,0x10c6,0x10c6,0x10c6,0x10c6,0x10c6,0x10c6,0x10c6,0x10c6,
    0x10c6,0x10c6,0x10c6,0x10c6,0x10c6,0x10c6,0x10c6,0x18e6,0x2108,0x416a,0x71ef,0x71ee,0x394a,0x18e7,0x10e6,0xf81f,
    0xf81f,0xf81f,0xf81f,0x2107,0x416a,0x59ac,0x69ce,0x59ad,0x3129,0x18e6,0x10c6,0x10c6,0x10c6,0x10c6,0x10c6,0x10c6,
    0x10c6,0x10c6,0x10c6,0x10c6,0x10c6,0x10c6,0x10c6,0x10c6,0x10c6,0x10c6,0x10c6,0x10c6,0x10c6,0x10c6,0x10c6,0x10c6,
    0x10c6,0x10c6,0x10c6,0x10c6,0x10c6,0x10c6,0x10c6,0x10c6,0x10c6,0x10c6,0x10c6,0x10c6,0x10c6,0x10c6,0x10c6,0x10c6,
    0x10c6,0x10c6,0x10c6,0x10c6,0x10c6,0x10c6,0x10c6,0x10c6,0x10c6,0x10c6,0x10c6,0x10c6,0x10c6,0x10c6,0x10c6,0x10c6,
    0x10c6,0x10c6,0x10c6,0x10c6,0x10c6,0x10c6,0x10c6,0x10c6,0x10c6,0x10c6,0x10c6,0x10c6,0x10c6,0x10c6,0x10c6,0x10c6,
    0x10c6,0x10c6,0x10c6,0x10c6,0x10c6,0x10c6,0x10c6,0x10c6,0x10c6,0x10c6,0x10c6,0x10c6,0x10c6,0x10c6,0x10c6,0x10c6,
    0x10c6,0x10c6,0x10c6,0x10c6,0x10c6,0x10c6,0x10c6,0x10c6,0x10c6,0x10c6,0x10c6,0x10c6,0x10c6,0x10c6,0x10c6,0x10c6,
    0x10c6,0x10c6,0x10c6,0x10c6,0x10c6,0x10c6,0x10c6,0x2107,0x394a,0x598c,0x71ee,0x61ad,0x2928,0x10e6,0x10c6,0xf81f,
    0xf81f,0xf81f,0xf81f,0x18e6,0x2108,0x416a,0x71ef,0x71ef,0x416b,0x2908,0x18e6,0x10c6,0x10c6,0x10c6,0x10c6,0x10c6,
    0x10c6,0x10c6,0x10c6,0x10c6,0x10c6,0x10c6,0x10c6,0x10c6,0x10c6,0x10c6,0x10c6,0x10c6,0x10c6,0x10c6,0x10c6,0x10c6,
    0x10c6,0x10c6,0x10c6,0x10c6,0x10c6,0x10c6,0x10c6,0x10c6,0x10c6,0x10c6,0x10c6,0x10c6,0x10c6,0x10c6,0x10c6,0x10c6,
    0x10c6,0x10c6,0x10c6,0x10c6,0x10c6,0x10c6,0x10c6,0x10c6,0x10c6,0x10c6,0x10c6,0x10c6,0x10c6,0x10c6,0x10c6,0x10c6,
    0x10c6,0x10c6,0x10c6,0x10c6,0x10c6,0x10c6,0x10c6,0x10c6,0x10c6,0x10c6,0x10c6,0x10c6,0x10c6,0x10c6,0x10c6,0x10c6,
    0x10c6,0x10c6,0x10c6,0x10c6,0x10c6,0x10c6,0x10c6,0x10c6,0x10c6,0x10c6,0x10c6,0x10c6,0x10c6,0x10c6,0x10c6,0x10c6,
    0x10c6,0x10c6,0x10c6,0x10c6,0x10c6,0x10c6,0x10c6,0x10c6,0x10c6,0x10c6,0x10c6,0x10c6,0x10c6,0x10c6,0x10c6,0x10c6,
    0x10c6,0x10c6,0x10c6,0x10c6,0x10c6,0x10c6,0x10c6,0x2908,0x59ac,0x69ce,0x59ad,0x416b,0x2107,0x10c6,0x10c6,0xf81f,
    0xf81f,0xf81f,0xf81f,0x10e6,0x18e6,0x3129,0x61cd,0x71ef,0x59ad,0x416a,0x2108,0x10e6,0x10c6,0x10c6,0x10c6,0x10c6,
    0x10c6,0x10c6,0x10c6,0x10c6,0x10c6,0x10c6,0x10c6,0x10c6,0x10c6,0x10c6,0x10c6,0x10c6,0x10c6,0x10c6,0x10c6,0x10c6,
    0x10c6,0x10c6,0x10c6,0x10c6,0x10c6,0x10c6,0x10c6,0x10c6,0x10c6,0x10c6,0x10c6,0x10c6,0x10c6,0x10c6,0x10c6,0x10c6,
    0x10c6,0x10c6,0x10c6,0x10c6,0x10c6,0x10c6,0x10c6,0x10c6,0x10c6,0x10c6,0x10c6,0x10c6,0x10c6,0x10c6,0x10c6,0x10c6,
    0x10c6,0x10c6,0x10c6,0x10c6,0x10c6,0x10c6,0x10c6,0x10c6,0x10c6,0x10c6,0x10c6,0x10c6,0x10c6,0x10c6,0x10c6,0x10c6,
    0x10c6,0x10c6,0x10c6,0x10c6,0x10c6,0x10c6,0x10c6,0x10c6,0x10c6,0x10c6,0x10c6,0x10c6,0x10c6,0x10c6,0x10c6,0x10c6,
    0x10c6,0x10c6,0x10c6,0x10c6,0x10c6,0x10c6,0x10c6,0x10c6,0x10c6,0x10c6,0x10c6,0x10c6,0x10c6,0x10c6,0x10c6,0x10c6,
    0x10c6,0x10c6,0x10c6,0x10c6,0x10c6,0x18e6,0x2107,0x414a,0x69ce,0x71ce,0x496b,0x2928,0x18e7,0xf81f,0xf81f,0xf81f,
    0xf81f,0xf81f,0xf81f,0x10c6,0x10c6,0x2107,0x394a,0x59ac,0x71ef,0x69ce,0x3949,0x18e7,0x10e6,0x10c6,0x10c6,0x10c6,
    0x10c6,0x10c6,0x10c6,0x10c6,0x10c6,0x10c6,0x10c6,0x10c6,0x10c6,0x10c6,0x10c6,0x10c6,0x10c6,0x10c6,0x10c6,0x10c6,
    0x10c6,0x10c6,0x10c6,0x10c6,0x10c6,0x10c6,0x10c6,0x10c6,0x10c6,0x10c6,0x10c6,0x10c6,0x10c6,0x10c6,0x10c6,0x10c6,
    0x10c6,0x10c6,0x10c6,0x10c6,0x10c6,0x10c6,0x10c6,0x10c6,0x10c6,0x10c6,0x10c6,0x10c6,0x10c6,0x10c6,0x10c6,0x10c6,
    0x10c6,0x10c6,0x10c6,0x10c6,0x10c6,0x10c6,0x10c6,0x10c6,0x10c6,0x10c6,0x10c6,0x10c6,0x10c6,0x10c6,0x10c6,0x10c6,
    0x10c6,0x10c6,0x10c6,0x10c6,0x10c6,0x10c6,0x10c6,0x10c6,0x10c6,0x10c6,0x10c6,0x10c6,0x10c6,0x10c6,0x10c6,0x10c6,
    0x10c6,0x10c6,0x10c6,0x10c6,0x10c6,0x10c6,0x10c6,0x10c6,0x10c6,0x10c6,0x10c6,0x10c6,0x10c6,0x10c6,0x10c6,0x10c6,
    0x10c6,0x10c6,0x10c6,0x10c6,0x10c6,0x2107,0x416a,0x59ad,0x71ee,0x61ad,0x3129,0x18e7,0x10c6,0xf81f,0xf81f,0xf81f,
    0xf81f,0xf81f,0xf81f,0xf81f,0xf81f,0x18e6,0x2107,0x414a,0x69ce,0x71ef,0x518b,0x3129,0x2107,0x10c6,0x10c6,0x10c6,
    0x10c6,0x10c6,0x10c6,0x10c6,0x10c6,0x10c6,0x10c6,0x10c6,0x10c6,0x10c6,0x10c6,0x10c6,0x10c6,0x10c6,0x10c6,0x10c6,
    0x10c6,0x10c6,0x10c6,0x10c6,0x10c6,0x10c6,0x10c6,0x10c6,0x10c6,0x10c6,0x10c6,0x10c6,0x10c6,0x10c6,0x10c6,0x10c6,
    0x10c6,0x10c6,0x10c6,0x10c6,0x10c6,0x10c6,0x10c6,0x10c6,0x10c6,0x10c6,0x10c6,0x10c6,0x10c6,0x10c6,0x10c6,0x10c6,
    0x10c6,0x10c6,0x10c6,0x10c6,0x10c6,0x10c6,0x10c6,0x10c6,0x10c6,0x10c6,0x10c6,0x10c6,0x10c6,0x10c6,0x10c6,0x10c6,
    0x10c6,0x10c6,0x10c6,0x10c6,0x10c6,0x10c6,0x10c6,0x10c6,0x10c6,0x10c6,0x10c6,0x10c6,0x10c6,0x10c6,0x10c6,0x10c6,
    0x10c6,0x10c6,0x10c6,0x10c6,0x10c6,0x10c6,0x10c6,0x10c6,0x10c6,0x10c6,0x10c6,0x10c6,0x10c6,0x10c6,0x10c6,0x10c6,
    0x10c6,0x10c6,0x10c6,0x10e6,0x18e7,0x3129,0x61ad,0x69ee,0x61ad,0x496b,0x2108,0x10c6,0xf81f,0xf81f,0xf81f,0xf81f,
    0xf81f,0xf81f,0xf81f,0xf81f,0xf81f,0x10c6,0x18e6,0x2908,0x498b,0x61cd,0x71ee,0x61ad,0x3129,0x18e7,0x10e6,0x10c6,
    0x10c6,0x10c6,0x10c6,0x10c6,0x10c6,0x10c6,0x10c6,0x10c6,0x10c6,0x10c6,0x10c6,0x10c6,0x10c6,0x10c6,0x10c6,0x10c6,
    0x10c6,0x10c6,0x10c6,0x10c6,0x10c6,0x10c6,0x10c6,0x10c6,0x10c6,0x10c6,0x10c6,0x10c6,0x10c6,0x10c6,0x10c6,0x10c6,
    0x10c6,0x10c6,0x10c6,0x10c6,0x10c6,0x10c6,0x10c6,0x10c6,0x10c6,0x10c6,0x10c6,0x10c6,0x10c6,0x10c6,0x10c6,0x10c6,
    0x10c6,0x10c6,0x10c6,0x10c6,0x10c6,0x10c6,0x10c6,0x10c6,0x10c6,0x10c6,0x10c6,0x10c6,0x10c6,0x10c6,0x10c6,0x10c6,
    0x10c6,0x10c6,0x10c6,0x10c6,0x10c6,0x10c6,0x10c6,0x10c6,0x10c6,0x10c6,0x10c6,0x10c6,0x10c6,0x10c6,0x10c6,0x10c6,
    0x10c6,0x10c6,0x10c6,0x10c6,0x10c6,0x10c6,0x10c6,0x10c6,0x10c6,0x10c6,0x10c6,0x10c6,0x10c6,0x10c6,0x10c6,0x10c6,
    0x10c6,0x10c6,0x10c6,0x20e7,0x3949,0x518c,0x71ef,0x69ee,0x416a,0x2908,0x18e6,0xf81f,0xf81f,0xf81f,0xf81f,0xf81f,
    0xf81f,0xf81f,0xf81f,0xf81f,0xf81f,0xf81f,0xf81f,0x18e7,0x3129,0x498b,0x69ee,0x71ce,0x518b,0x3929,0x2107,0x18e6,
    0x10c6,0x10c6,0x10c6,0x10c6,0x10c6,0x10c6,0x10c6,0x10c6,0x10c6,0x10c6,0x10c6,0x10c6,0x10c6,0x10c6,0x10c6,0x10c6,
    0x10c6,0x10c6,0x10c6,0x10c6,0x10c6,0x10c6,0x10c6,0x10c6,0x10c6,0x10c6,0x10c6,0x10c6,0x10c6,0x10c6,0x10c6,0x10c6,
    0x10c6,0x10c6,0x10c6,0x10c6,0x10c6,0x10c6,0x10c6,0x10c6,0x10c6,0x10c6,0x10c6,0x10c6,0x10c6,0x10c6,0x10c6,0x10c6,
    0x10c6,0x10c6,0x10c6,0x10c6,0x10c6,0x10c6,0x10c6,0x10c6,0x10c6,0x10c6,0x10c6,0x10c6,0x10c6,0x10c6,0x10c6,0x10c6,
    0x10c6,0x10c6,0x10c6,0x10c6,0x10c6,0x10c6,0x10c6,0x10c6,0x10c6,0x10c6,0x10c6,0x10c6,0x10c6,0x10c6,0x10c6,0x10c6,
    0x10c6,0x10c6,0x10c6,0x10c6,0x10c6,0x10c6,0x10c6,0x10c6,0x10c6,0x10c6,0x10c6,0x10c6,0x10c6,0x10c6,0x10c6,0x10c6,
    0x10c6,0x18e6,0x2107,0x3129,0x518c,0x69cd,0x69ce,0x59ac,0x2928,0x10c6,0x10c6,0xf81f,0xf81f,0xf81f,0xf81f,0xf81f,
    0xf81f,0xf81f,0xf81f,0xf81f,0xf81f,0xf81f,0xf81f,0x10c6,0x18e7,0x3128,0x498b,0x61ad,0x71ee,0x61cd,0x394a,0x2107,
    0x18e6,0x10c6,0x10c6,0x10c6,0x10c6,0x10c6,0x10c6,0x10c6,0x10c6,0x10c6,0x10c6,0x10c6,0x10c6,0x10c6,0x10c6,0x10c6,
    0x10c6,0x10c6,0x10c6,0x10c6,0x10c6,0x10c6,0x10c6,0x10c6,0x10c6,0x10c6,0x10c6,0x10c6,0x10c6,0x10c6,0x10c6,0x10c6,
    0x10c6,0x10c6,0x10c6,0x10c6,0x10c6,0x10c6,0x10c6,0x10c6,0x10c6,0x10c6,0x10c6,0x10c6,0x10c6,0x10c6,0x10c6,0x10c6,
    0x10c6,0x10c6,0x10c6,0x10c6,0x10c6,0x10c6,0x10c6,0x10c6,0x10c6,0x10c6,0x10c6,0x10c6,0x10c6,0x10c6,0x10c6,0x10c6,
    0x10c6,0x10c6,0x10c6,0x10c6,0x10c6,0x10c6,0x10c6,0x10c6,0x10c6,0x10c6,0x10c6,0x10c6,0x10c6,0x10c6,0x10c6,0x10c6,
    0x10c6,0x10c6,0x10c6,0x10c6,0x10c6,0x10c6,0x10c6,0x10c6,0x10c6,0x10c6,0x10c6,0x10c6,0x10c6,0x10c6,0x10c6,0x10c6,
    0x10c6,0x2107,0x416a,0x61ad,0x71ef,0x69ce,0x496b,0x3129,0x18e7,0x10c6,0x10c6,0xf81f,0xf81f,0xf81f,0xf81f,0xf81f,
    0xf81f,0xf81f,0xf81f,0xf81f,0xf81f,0xf81f,0xf81f,0xf81f,0xf81f,0x18e7,0x3129,0x496b,0x69ee,0x71ef,0x518c,0x414a,
    0x2928,0x2107,0x18e6,0x10c6,0x10c6,0x10c6,0x10c6,0x10c6,0x10c6,0x10c6,0x10c6,0x10c6,0x10c6,0x10c6,0x10c6,0x10c6,
    0x10c6,0x10c6,0x10c6,0x10c6,0x10c6,0x10c6,0x10c6,0x10c6,0x10c6,0x10c6,0x10c6,0x10c6,0x10c6,0x10c6,0x10c6,0x10c6,
    0x10c6,0x10c6,0x10c6,0x10c6,0x10c6,0x10c6,0x10c6,0x10c6,0x10c6,0x10c6,0x10c6,0x10c6,0x10c6,0x10c6,0x10c6,0x10c6,
    0x10c6,0x10c6,0x10c6,0x10c6,0x10c6,0x10c6,0x10c6,0x10c6,0x10c6,0x10c6,0x10c6,0x10c6,0x10c6,0x10c6,0x10c6,0x10c6,
    0x10c6,0x10c6,0x10c6,0x10c6,0x10c6,0x10c6,0x10c6,0x10c6,0x10c6,0x10c6,0x10c6,0x10c6,0x10c6,0x10c6,0x10c6,0x10c6,
    0x10c6,0x10c6,0x10c6,0x10c6,0x10c6,0x10c6,0x10c6,0x10c6,0x10c6,0x10c6,0x10c6,0x10c6,0x10c6,0x10c6,0x18e6,0x20e7,
    0x2908,0x414a,0x59ad,0x69ee,0x69ce,0x59ac,0x3129,0x18e7,0x10c6,0xf81f,0xf81f,0xf81f,0xf81f,0xf81f,0xf81f,0xf81f,
    0xf81f,0xf81f,0xf81f,0xf81f,0xf81f,0xf81f,0xf81f,0xf81f,0xf81f,0x10c6,0x18e7,0x2928,0x416a,0x59ad,0x71ef,0x71ee,
    0x59ac,0x394a,0x2107,0x10e6,0x10c6,0x10c6,0x10c6,0x10c6,0x10c6,0x10c6,0x10c6,0x10c6,0x10c6,0x10c6,0x10c6,0x10c6,
    0x10c6,0x10c6,0x10c6,0x10c6,0x10c6,0x10c6,0x10c6,0x10c6,0x10c6,0x10c6,0x10c6,0x10c6,0x10c6,0x10c6,0x10c6,0x10c6,
    0x10c6,0x10c6,0x10c6,0x10c6,0x10c6,0x10c6,0x10c6,0x10c6,0x10c6,0x10c6,0x10c6,0x10c6,0x10c6,0x10c6,0x10c6,0x10c6,
    0x10c6,0x10c6,0x10c6,0x10c6,0x10c6,0x10c6,0x10c6,0x10c6,0x10c6,0x10c6,0x10c6,0x10c6,0x10c6,0x10c6,0x10c6,0x10c6,
    0x10c6,0x10c6,0x10c6,0x10c6,0x10c6,0x10c6,0x10c6,0x10c6,0x10c6,0x10c6,0x10c6,0x10c6,0x10c6,0x10c6,0x10c6,0x10c6,
    0x10c6,0x10c6,0x10c6,0x10c6,0x10c6,0x10c6,0x10c6,0x10c6,0x10c6,0x10c6,0x10c6,0x10c6,0x10c6,0x18e6,0x2108,0x394a,
    0x59ac,0x69ce,0x71ee,0x61cd,0x416a,0x2928,0x18e7,0x10c6,0x10c6,0xf81f,0xf81f,0xf81f,0xf81f,0xf81f,0xf81f,0xf81f,
    0xf81f,0xf81f,0xf81f,0xf81f,0xf81f,0xf81f,0xf81f,0xf81f,0xf81f,0xf81f,0xf81f,0x18e6,0x2908,0x416a,0x69ce,0x71ef,
    0x69ce,0x59ac,0x414a,0x3129,0x2908,0x18e7,0x18e6,0x10c6,0x10c6,0x10c6,0x10c6,0x10c6,0x10c6,0x10c6,0x10c6,0x10c6,
    0x10c6,0x10c6,0x10c6,0x10c6,0x10c6,0x10c6,0x10c6,0x10c6,0x10c6,0x10c6,0x10c6,0x10c6,0x10c6,0x10c6,0x10c6,0x10c6,
    0x10c6,0x10c6,0x10c6,0x10c6,0x10c6,0x10c6,0x10c6,0x10c6,0x10c6,0x10c6,0x10c6,0x10c6,0x10c6,0x10c6,0x10c6,0x10c6,
    0x10c6,0x10c6,0x10c6,0x10c6,0x10c6,0x10c6,0x10c6,0x10c6,0x10c6,0x10c6,0x10c6,0x10c6,0x10c6,0x10c6,0x10c6,0x10c6,
    0x10c6,0x10c6,0x10c6,0x10c6,0x10c6,0x10c6,0x10c6,0x10c6,0x10c6,0x10c6,0x10c6,0x10c6,0x10c6,0x10c6,0x10c6,0x10c6,
    0x10c6,0x10c6,0x10c6,0x10c6,0x10c6,0x10c6,0x10c6,0x10c6,0x10c6,0x10e6,0x18e7,0x2107,0x2908,0x3129,0x416a,0x598c,
    0x69ce,0x71ce,0x61ad,0x496b,0x2908,0x10c6,0x10c6,0xf81f,0xf81f,0xf81f,0xf81f,0xf81f,0xf81f,0xf81f,0xf81f,0xf81f,
    0xf81f,0xf81f,0xf81f,0xf81f,0xf81f,0xf81f,0xf81f,0xf81f,0xf81f,0xf81f,0xf81f,0x10c6,0x18e6,0x2107,0x3129,0x496b,
    0x61ad,0x69ce,0x71ef,0x69ce,0x498b,0x3949,0x2108,0x18e6,0x10c6,0x10c6,0x10c6,0x10c6,0x10c6,0x10c6,0x10c6,0x10c6,
    0x10c6,0x10c6,0x10c6,0x10c6,0x10c6,0x10c6,0x10c6,0x10c6,0x10c6,0x10c6,0x10c6,0x10c6,0x10c6,0x10c6,0x10c6,0x10c6,
    0x10c6,0x10c6,0x10c6,0x10c6,0x10c6,0x10c6,0x10c6,0x10c6,0x10c6,0x10c6,0x10c6,0x10c6,0x10c6,0x10c6,0x10c6,0x10c6,
    0x10c6,0x10c6,0x10c6,0x10c6,0x10c6,0x10c6,0x10c6,0x10c6,0x10c6,0x10c6,0x10c6,0x10c6,0x10c6,0x10c6,0x10c6,0x10c6,
    0x10c6,0x10c6,0x10c6,0x10c6,0x10c6,0x10c6,0x10c6,0x10c6,0x10c6,0x10c6,0x10c6,0x10c6,0x10c6,0x10c6,0x10c6,0x10c6,
    0x10c6,0x10c6,0x10c6,0x10c6,0x10c6,0x10c6,0x10c6,0x10c6,0x10e6,0x20e7,0x2928,0x414a,0x518c,0x61cd,0x71ef,0x71ee,
    0x59ad,0x496b,0x3129,0x2108,0x18e6,0x10c6,0x10c6,0xf81f,0xf81f,0xf81f,0xf81f,0xf81f,0xf81f,0xf81f,0xf81f,0xf81f,
    0xf81f,0xf81f,0xf81f,0xf81f,0xf81f,0xf81f,0xf81f,0xf81f,0xf81f,0xf81f,0xf81f,0xf81f,0xf81f,0x10e6,0x18e6,0x2908,
    0x496b,0x61ad,0x71ef,0x71ef,0x61ad,0x518c,0x416a,0x3949,0x3129,0x2928,0x2908,0x2908,0x2108,0x2107,0x2107,0x2107,
    0x2107,0x2107,0x2107,0x2107,0x2107,0x2107,0x2107,0x2107,0x2107,0x2107,0x2107,0x2107,0x2107,0x2107,0x2107,0x2107,
    0x2107,0x2107,0x2107,0x2107,0x2107,0x2107,0x2107,0x2107,0x2107,0x2107,0x2107,0x2107,0x2107,0x2107,0x2107,0x2107,
    0x2107,0x2107,0x2107,0x2107,0x2107,0x2107,0x2107,0x2107,0x2107,0x2107,0x2107,0x2107,0x2107,0x2107,0x2107,0x2107,
    0x2107,0x2107,0x2107,0x2107,0x2107,0x2107,0x2107,0x2107,0x2107,0x2107,0x2107,0x2107,0x2107,0x2107,0x2107,0x2107,
    0x2107,0x2107,0x2107,0x2108,0x2908,0x2908,0x2908,0x3128,0x3129,0x414a,0x496b,0x598c,0x61cd,0x69ee,0x71ee,0x61cd,
    0x416b,0x2928,0x18e7,0x10c6,0xf81f,0xf81f,0xf81f,0xf81f,0xf81f,0xf81f,0xf81f,0xf81f,0xf81f,0xf81f,0xf81f,0xf81f,
    0xf81f,0xf81f,0xf81f,0xf81f,0xf81f,0xf81f,0xf81f,0xf81f,0xf81f,0xf81f,0xf81f,0xf81f,0xf81f,0x10c6,0x10c6,0x18e6,
    0x2107,0x3129,0x414a,0x518c,0x61ad,0x69ce,0x71ef,0x71ef,0x69ee,0x61cd,0x59ac,0x518c,0x498b,0x496b,0x416b,0x416a,
    0x416a,0x416a,0x416a,0x416a,0x416a,0x416a,0x416a,0x416a,0x416a,0x416a,0x416a,0x416a,0x416a,0x416a,0x416a,0x416a,
    0x416a,0x416a,0x416a,0x416a,0x416a,0x416a,0x416a,0x416a,0x416a,0x416a,0x416a,0x416a,0x416a,0x416a,0x416a,0x416a,
    0x416a,0x416a,0x416a,0x416a,0x416a,0x416a,0x416a,0x416a,0x416a,0x416a,0x416a,0x416a,0x416a,0x416a,0x416a,0x416a,
    0x416a,0x416a,0x416a,0x416a,0x416a,0x416a,0x416a,0x416a,0x416a,0x416a,0x416a,0x416a,0x416a,0x416a,0x416a,0x416a,
    0x416a,0x496b,0x496b,0x518b,0x518c,0x59ad,0x61ad,0x69ce,0x71ef,0x71ef,0x71ee,0x61ce,0x59ad,0x496b,0x394a,0x2928,
    0x2107,0x18e7,0x10c6,0xf81f,0xf81f,0xf81f,0xf81f,0xf81f,0xf81f,0xf81f,0xf81f,0xf81f,0xf81f,0xf81f,0xf81f,0xf81f,
    0xf81f,0xf81f,0xf81f,0xf81f,0xf81f,0xf81f,0xf81f,0xf81f,0xf81f,0xf81f,0xf81f,0xf81f,0xf81f,0xf81f,0xf81f,0xf81f,
    0xf81f,0x18e6,0x2107,0x3129,0x496b,0x61ad,0x71ef,0x79ef,0x71ef,0x69ce,0x69ce,0x61ad,0x61ad,0x59ac,0x598c,0x59ac,
    0x59ac,0x59ac,0x59ac,0x59ac,0x59ac,0x59ac,0x59ac,0x59ac,0x59ac,0x59ac,0x59ac,0x59ac,0x59ac,0x59ac,0x59ac,0x59ac,
    0x59ac,0x59ac,0x59ac,0x59ac,0x59ac,0x59ac,0x59ac,0x59ac,0x59ac,0x59ac,0x59ac,0x59ac,0x59ac,0x59ac,0x59ac,0x59ac,
    0x59ac,0x59ac,0x59ac,0x59ac,0x59ac,0x59ac,0x59ac,0x59ac,0x59ac,0x59ac,0x59ac,0x59ac,0x59ac,0x59ac,0x59ac,0x59ac,
    0x59ac,0x59ac,0x59ac,0x59ac,0x59ac,0x59ac,0x59ac,0x59ac,0x59ac,0x59ac,0x59ac,0x59ac,0x59ac,0x59ac,0x59ac,0x59ac,
    0x59ac,0x59ac,0x59ad,0x61ad,0x61cd,0x61ce,0x69ce,0x71ee,0x79ef,0x71ef,0x69ce,0x518c,0x416a,0x3129,0x18e7,0x10e6,
    0x10c6,0xf81f,0xf81f,0xf81f,0xf81f,0xf81f,0xf81f,0xf81f,0xf81f,0xf81f,0xf81f,0xf81f,0xf81f,0xf81f,0xf81f,0xf81f,
    0xf81f,0xf81f,0xf81f,0xf81f,0xf81f,0xf81f,0xf81f,0xf81f,0xf81f,0xf81f,0xf81f,0xf81f,0xf81f,0xf81f,0xf81f,0xf81f,
    0xf81f,0x10c6,0x18e6,0x18e7,0x2107,0x2928,0x3129,0x3949,0x414a,0x496b,0x518b,0x518c,0x518c,0x59ac,0x59ac,0x59ad,
    0x59ad,0x59ad,0x59ad,0x59ad,0x59ad,0x59ad,0x59ad,0x59ad,0x59ad,0x59ad,0x59ad,0x59ad,0x59ad,0x59ad,0x59ad,0x59ad,
    0x59ad,0x59ad,0x59ad,0x59ad,0x59ad,0x59ad,0x59ad,0x59ad,0x59ad,0x59ad,0x59ad,0x59ad,0x59ad,0x59ad,0x59ad,0x59ad,
    0x59ad,0x59ad,0x59ad,0x59ad,0x59ad,0x59ad,0x59ad,0x59ad,0x59ad,0x59ad,0x59ad,0x59ad,0x59ad,0x59ad,0x59ad,0x59ad,
    0x59ad,0x59ad,0x59ad,0x59ad,0x59ad,0x59ad,0x59ad,0x59ad,0x59ad,0x59ad,0x59ad,0x59ad,0x59ad,0x59ad,0x59ad,0x59ad,
    0x59ad,0x59ad,0x598c,0x518c,0x518c,0x498b,0x496b,0x416a,0x394a,0x3129,0x3128,0x2908,0x2107,0x18e7,0x10c6,0x10c6,
    0x10c6,0xf81f,0xf81f,0xf81f,0xf81f,0xf81f,0xf81f,0xf81f,0xf81f,0xf81f,0xf81f,0xf81f,0xf81f,0xf81f,0xf81f,0xf81f,
    0xf81f,0xf81f,0xf81f,0xf81f,0xf81f,0xf81f,0xf81f,0xf81f,0xf81f,0xf81f,0xf81f,0xf81f,0xf81f,0xf81f,0xf81f,0xf81f,
    0xf81f,0xf81f,0xf81f,0xf81f,0xf81f,0x10c6,0x10c6,0x18e7,0x2908,0x3929,0x416a,0x496b,0x518c,0x598c,0x59ad,0x61ad,
    0x61ad,0x61ad,0x61ad,0x61ad,0x61ad,0x61ad,0x61ad,0x61ad,0x61ad,0x61ad,0x61ad,0x61ad,0x61ad,0x61ad,0x61ad,0x61ad,
    0x61ad,0x61ad,0x61ad,0x61ad,0x61ad,0x61ad,0x61ad,0x61ad,0x61ad,0x61ad,0x61ad,0x61ad,0x61ad,0x61ad,0x61ad,0x61ad,
    0x61ad,0x61ad,0x61ad,0x61ad,0x61ad,0x61ad,0x61ad,0x61ad,0x61ad,0x61ad,0x61ad,0x61ad,0x61ad,0x61ad,0x61ad,0x61ad,
    0x61ad,0x61ad,0x61ad,0x61ad,0x61ad,0x61ad,0x61ad,0x61ad,0x61ad,0x61ad,0x61ad,0x61ad,0x61ad,0x61ad,0x61ad,0x61ad,
    0x61ad,0x59ad,0x518c,0x498b,0x496b,0x414a,0x3949,0x2928,0x2107,0x10e6,0x10c6,0xf81f,0xf81f,0xf81f,0xf81f,0xf81f,
    0xf81f,0xf81f,0xf81f,0xf81f,0xf81f,0xf81f,0xf81f,0xf81f,0xf81f,0xf81f,0xf81f,0xf81f,0xf81f,0xf81f,0xf81f,0xf81f,
  },
};

static const uint16_t kui_art_small_icons[3][24 * 24] = {
  { /* disc-ripper */
    0xf81f,0x10c6,0x18e7,0x394a,0x496b,0x416a,0x416a,0x416a,0x416a,0x416a,0x416a,0x416a,0x416a,0x416a,0x416a,0x416a,
    0x416a,0x416a,0x416a,0x496b,0x3949,0x18e6,0xf81f,0xf81f,0x10c6,0x2108,0x414a,0x2908,0x10e6,0x10c6,0x10c6,0x10c6,
    0x10c6,0x10c6,0x10c6,0x10c6,0x10c6,0x10c6,0x10c6,0x10c6,0x10c6,0x10c6,0x10c6,0x10e6,0x2908,0x414a,0x18e7,0xf81f,
    0x18e7,0x414a,0x18e7,0x10c6,0x10c6,0x10c6,0x10c6,0x10c6,0x10c6,0x10c6,0x10c6,0x10c6,0x10c6,0x10c6,0x10c6,0x10c6,
    0x10c6,0x10c6,0x10c6,0x10c6,0x10c6,0x2107,0x414a,0x18e6,0x394a,0x2908,0x10c6,0x10c6,0x10c6,0x10c6,0x10c6,0x10c6,
    0x1107,0x21ea,0x2aad,0x32ce,0x2a4c,0x1968,0x10e6,0x10c6,0x10c6,0x10c6,0x10c6,0x10c6,0x10c6,0x10c6,0x3128,0x3129,
    0x496b,0x10e6,0x10c6,0x10c6,0x10c6,0x10c6,0x10e6,0x224b,0x4c74,0x4cf6,0x4474,0x4433,0x4cb5,0x4cf6,0x3b70,0x1947,
    0x10c6,0x10c6,0x10c6,0x10c6,0x10c6,0x10c6,0x18e6,0x496b,0x416a,0x10c6,0x10c6,0x10c6,0x10c6,0x10e6,0x2ace,0x5517,
    0x330f,0x1968,0x1106,0x10e6,0x1127,0x220a,0x4454,0x4454,0x1968,0x10c6,0x10c6,0x10c6,0x10c6,0x10c6,0x10c6,0x416a,
    0x416a,0x10c6,0x10c6,0x10c6,0x10c6,0x220b,0x5517,0x224b,0x10c6,0x10c6,0x10c6,0x10c6,0x10c6,0x10c6,0x1127,0x4413,
    0x43f2,0x1107,0x10c6,0x10c6,0x10c6,0x10c6,0x10c6,0x416a,0x416a,0x10c6,0x10c6,0x10c6,0x10e6,0x4453,0x334f,0x10e6,
    0x10c6,0x10c6,0x10e6,0x1107,0x10c6,0x10c6,0x10c6,0x1989,0x4cf6,0x222b,0x10c6,0x10c6,0x10c6,0x10c6,0x10c6,0x416a,
    0x416a,0x10c6,0x10c6,0x10c6,0x1989,0x54f6,0x1989,0x10c6,0x10c6,0x19a9,0x4433,0x4cb5,0x330e,0x10e6,0x10c6,0x10e6,
    0x3bb1,0x3bb1,0x10c6,0x10c6,0x10c6,0x10c6,0x10c6,0x416a,0x416a,0x10c6,0x10c6,0x10c6,0x222b,0x4cb5,0x1107,0x10c6,
    0x10e6,0x4413,0x43f2,0x2a8c,0x5517,0x21ea,0x10c6,0x10c6,0x2aad,0x4474,0x10e6,0x10c6,0x10c6,0x10c6,0x10c6,0x416a,
    0x416a,0x10c6,0x10c6,0x10c6,0x2a4b,0x4cb5,0x1107,0x10c6,0x10e6,0x4454,0x334f,0x19a9,0x4cf6,0x220b,0x10c6,0x10c6,
    0x2a8d,0x4c74,0x10e6,0x10c6,0x10c6,0x10c6,0x10c6,0x416a,0x416a,0x10c6,0x10c6,0x10c6,0x21c9,0x4cf6,0x1948,0x10c6,
    0x10c6,0x2a4c,0x4cf6,0x5516,0x43f2,0x1127,0x10e6,0x10c6,0x3350,0x43f2,0x10c6,0x10c6,0x10c6,0x10c6,0x10c6,0x416a,
    0x416a,0x10c6,0x10c6,0x10c6,0x1107,0x4c95,0x2aad,0x10c6,0x10c6,0x10c6,0x1948,0x1989,0x1106,0x1106,0x3350,0x21ca,
    0x4cb5,0x2a8d,0x10c6,0x10c6,0x10c6,0x10c6,0x10c6,0x416a,0x416a,0x10c6,0x10c6,0x10c6,0x10c6,0x2a8d,0x4cf6,0x19a9,
    0x10c6,0x10c6,0x10c6,0x10c6,0x10c6,0x1927,0x4cf6,0x4474,0x4c94,0x1927,0x10c6,0x10c6,0x10c6,0x10c6,0x10c6,0x416a,
    0x416a,0x10c6,0x10c6,0x10c6,0x10c6,0x1106,0x3b91,0x4cd5,0x222b,0x10e6,0x10c6,0x10c6,0x10c6,0x1989,0x5578,0x5537,
    0x21ea,0x10c6,0x10c6,0x10c6,0x10c6,0x10c6,0x10c6,0x416a,0x416a,0x10c6,0x10c6,0x10c6,0x10c6,0x10c6,0x1107,0x330f,
    0x54f6,0x4454,0x3b50,0x330f,0x3bd2,0x54f6,0x5dfa,0x2a6c,0x10c6,0x10c6,0x10c6,0x10c6,0x10c6,0x10c6,0x10c6,0x416a,
    0x416a,0x10c6,0x10c6,0x10c6,0x10c6,0x10c6,0x10c6,0x10e6,0x1989,0x32ee,0x3bd2,0x5517,0x5537,0x2aad,0x5516,0x21ea,
    0x220b,0x2aad,0x10c6,0x10c6,0x10c6,0x10c6,0x10c6,0x416a,0x416a,0x10c6,0x10c6,0x10c6,0x10c6,0x21ca,0x21ca,0x10c6,
    0x10c6,0x10c6,0x10c6,0x21ea,0x5516,0x3350,0x4d16,0x332f,0x54f6,0x32ce,0x10c6,0x10c6,0x10c6,0x10c6,0x10c6,0x416a,
    0x416a,0x10c6,0x10c6,0x10c6,0x10c6,0x3b70,0x3b70,0x10c6,0x10c6,0x10c6,0x10c6,0x10c6,0x222b,0x5537,0x665b,0x5d99,
    0x32ee,0x10e6,0x10c6,0x10c6,0x10c6,0x10c6,0x10c6,0x416a,0x496b,0x18e6,0x10c6,0x10c6,0x10c6,0x3b90,0x4474,0x2a6c,
    0x2a6c,0x2a6c,0x220b,0x10e6,0x10c6,0x222b,0x54f6,0x32ee,0x10e6,0x10c6,0x10c6,0x10c6,0x10c6,0x10c6,0x10e6,0x496b,
    0x3129,0x2928,0x10c6,0x10c6,0x10c6,0x2a6c,0x4cb5,0x4c95,0x4c95,0x4c95,0x3bd2,0x1127,0x10c6,0x10c6,0x1127,0x10e6,
    0x10c6,0x10c6,0x10c6,0x10c6,0x10c6,0x10c6,0x2908,0x394a,0x18e6,0x414a,0x2107,0x10c6,0x10c6,0x10c6,0x10e6,0x1106,
    0x1106,0x1106,0x10e6,0x10c6,0x10c6,0x10c6,0x10c6,0x10c6,0x10c6,0x10c6,0x10c6,0x10c6,0x10c6,0x18e7,0x416a,0x18e7,
    0xf81f,0x18e7,0x414a,0x2908,0x18e6,0x10c6,0x10c6,0x10c6,0x10c6,0x10c6,0x10c6,0x10c6,0x10c6,0x10c6,0x10c6,0x10c6,
    0x10c6,0x10c6,0x10c6,0x10e6,0x2908,0x416a,0x2107,0x10c6,0xf81f,0xf81f,0x18e6,0x3929,0x496b,0x416a,0x414a,0x414a,
    0x414a,0x414a,0x414a,0x414a,0x414a,0x414a,0x414a,0x414a,0x414a,0x414a,0x416a,0x496b,0x3949,0x18e7,0xf81f,0xf81f,
  },
  { /* settings */
    0xf81f,0x10c6,0x18e7,0x394a,0x496b,0x416a,0x416a,0x416a,0x416a,0x416a,0x416a,0x416a,0x416a,0x416a,0x416a,0x416a,
    0x416a,0x416a,0x416a,0x496b,0x3949,0x18e6,0xf81f,0xf81f,0x10c6,0x2108,0x414a,0x2908,0x10e6,0x10c6,0x10c6,0x10c6,
    0x10c6,0x10c6,0x10c6,0x10c6,0x10c6,0x10c6,0x10c6,0x10c6,0x10c6,0x10c6,0x10c6,0x10e6,0x2908,0x414a,0x18e7,0xf81f,
    0x18e7,0x414a,0x18e7,0x10c6,0x10c6,0x10c6,0x10c6,0x10c6,0x10c6,0x10c6,0x10c6,0x10c6,0x10c6,0x10c6,0x10c6,0x10c6,
    0x10c6,0x10c6,0x10c6,0x10c6,0x10c6,0x2107,0x414a,0x18e6,0x394a,0x2908,0x10c6,0x10c6,0x10c6,0x10c6,0x10c6,0x10c6,
    0x10c6,0x10c6,0x10c6,0x10c6,0x10c6,0x10c6,0x10c6,0x10c6,0x10c6,0x10c6,0x10c6,0x10c6,0x10c6,0x10c6,0x3128,0x3129,
    0x496b,0x10e6,0x10c6,0x10c6,0x10c6,0x10c6,0x10c6,0x10c6,0x10c6,0x10c6,0x10c6,0x10c6,0x10c6,0x10c6,0x10c6,0x10c6,
    0x10c6,0x10c6,0x10c6,0x10c6,0x10c6,0x10c6,0x18e6,0x496b,0x416a,0x10c6,0x10c6,0x10c6,0x10c6,0x10c6,0x10c6,0x10c6,
    0x29a9,0x4b0e,0x3a8c,0x1907,0x10c6,0x10c6,0x10c6,0x10c6,0x10c6,0x10c6,0x10c6,0x10c6,0x10c6,0x10c6,0x10c6,0x416a,
    0x416a,0x10c6,0x10c6,0x10c6,0x10c6,0x10e6,0x10e6,0x1907,0x6412,0x5bb1,0x6c94,0x324b,0x10e6,0x10e6,0x10e6,0x10e6,
    0x10e6,0x10e6,0x10e6,0x10c6,0x10c6,0x10c6,0x10c6,0x416a,0x416a,0x10c6,0x10c6,0x10c6,0x10e6,0x42cd,0x5bb1,0x5bd1,
    0x7cf5,0x29ca,0x5bb1,0x6c74,0x5bb1,0x5bb1,0x5bb1,0x5bb1,0x5bb1,0x5bb1,0x42cd,0x10e6,0x10c6,0x10c6,0x10c6,0x416a,
    0x416a,0x10c6,0x10c6,0x10c6,0x10e6,0x320b,0x42ad,0x42ee,0x74b5,0x29ea,0x5bb1,0x5bd1,0x42ad,0x42ad,0x42ad,0x42ad,
    0x42ad,0x42ad,0x320b,0x10e6,0x10c6,0x10c6,0x10c6,0x416a,0x416a,0x10c6,0x10c6,0x10c6,0x10c6,0x10c6,0x10c6,0x10e6,
    0x5bb0,0x6c53,0x7494,0x29ea,0x10c6,0x1927,0x3a6c,0x3a4c,0x1927,0x10c6,0x10c6,0x10c6,0x10c6,0x10c6,0x10c6,0x416a,
    0x416a,0x10c6,0x10c6,0x10c6,0x10c6,0x10c6,0x10c6,0x10c6,0x1947,0x320b,0x29c9,0x10e6,0x10e6,0x4b0e,0x6c53,0x6c53,
    0x4b0e,0x10e6,0x10c6,0x10c6,0x10c6,0x10c6,0x10c6,0x416a,0x416a,0x10c6,0x10c6,0x10c6,0x10e6,0x3a6c,0x4b2f,0x4b2f,
    0x4b2f,0x4b2f,0x4b2f,0x4b2f,0x4b2f,0x7494,0x42ad,0x42ad,0x7494,0x4b2f,0x3a6c,0x10e6,0x10c6,0x10c6,0x10c6,0x416a,
    0x416a,0x10c6,0x10c6,0x10c6,0x10e6,0x3a6c,0x4b2f,0x4b2f,0x4b2f,0x4b2f,0x4b2f,0x4b2f,0x4b2f,0x7494,0x42ad,0x42ad,
    0x7494,0x4b2f,0x3a6c,0x10e6,0x10c6,0x10c6,0x10c6,0x416a,0x416a,0x10c6,0x10c6,0x10c6,0x10c6,0x10c6,0x10e6,0x2168,
    0x322b,0x21a9,0x10e6,0x10c6,0x10e6,0x4b0e,0x6c53,0x6c53,0x4b0e,0x10e6,0x10c6,0x10c6,0x10c6,0x10c6,0x10c6,0x416a,
    0x416a,0x10c6,0x10c6,0x10c6,0x10c6,0x10c6,0x1927,0x6412,0x6c53,0x6c74,0x2189,0x10c6,0x10c6,0x1927,0x3a4c,0x3a6c,
    0x1927,0x10c6,0x10c6,0x10c6,0x10c6,0x10c6,0x10c6,0x416a,0x416a,0x10c6,0x10c6,0x10c6,0x10e6,0x320b,0x4b0e,0x74b4,
    0x29a9,0x6433,0x5390,0x42ad,0x42ad,0x42ad,0x42ad,0x42ad,0x42ad,0x42ad,0x320b,0x10e6,0x10c6,0x10c6,0x10c6,0x416a,
    0x416a,0x10c6,0x10c6,0x10c6,0x10e6,0x42cd,0x63f2,0x74d5,0x2189,0x6433,0x6c33,0x5bb1,0x5bb1,0x5bb1,0x5bb1,0x5bb1,
    0x5bb1,0x5bb1,0x42cd,0x10e6,0x10c6,0x10c6,0x10c6,0x416a,0x416a,0x10c6,0x10c6,0x10c6,0x10c6,0x10e6,0x1948,0x6c53,
    0x5bb0,0x7494,0x29ea,0x10e6,0x10e6,0x10e6,0x10e6,0x10e6,0x10e6,0x10e6,0x10e6,0x10c6,0x10c6,0x10c6,0x10c6,0x416a,
    0x416a,0x10c6,0x10c6,0x10c6,0x10c6,0x10c6,0x10c6,0x29ea,0x4b0e,0x3a4c,0x10e6,0x10c6,0x10c6,0x10c6,0x10c6,0x10c6,
    0x10c6,0x10c6,0x10c6,0x10c6,0x10c6,0x10c6,0x10c6,0x416a,0x496b,0x18e6,0x10c6,0x10c6,0x10c6,0x10c6,0x10c6,0x10c6,
    0x10c6,0x10c6,0x10c6,0x10c6,0x10c6,0x10c6,0x10c6,0x10c6,0x10c6,0x10c6,0x10c6,0x10c6,0x10c6,0x10c6,0x10e6,0x496b,
    0x3129,0x2928,0x10c6,0x10c6,0x10c6,0x10c6,0x10c6,0x10c6,0x10c6,0x10c6,0x10c6,0x10c6,0x10c6,0x10c6,0x10c6,0x10c6,
    0x10c6,0x10c6,0x10c6,0x10c6,0x10c6,0x10c6,0x2908,0x394a,0x18e6,0x414a,0x2107,0x10c6,0x10c6,0x10c6,0x10c6,0x10c6,
    0x10c6,0x10c6,0x10c6,0x10c6,0x10c6,0x10c6,0x10c6,0x10c6,0x10c6,0x10c6,0x10c6,0x10c6,0x10c6,0x18e7,0x416a,0x18e7,
    0xf81f,0x18e7,0x414a,0x2908,0x18e6,0x10c6,0x10c6,0x10c6,0x10c6,0x10c6,0x10c6,0x10c6,0x10c6,0x10c6,0x10c6,0x10c6,
    0x10c6,0x10c6,0x10c6,0x10e6,0x2908,0x416a,0x2107,0x10c6,0xf81f,0xf81f,0x18e6,0x3929,0x496b,0x416a,0x414a,0x414a,
    0x414a,0x414a,0x414a,0x414a,0x414a,0x414a,0x414a,0x414a,0x414a,0x414a,0x416a,0x496b,0x3949,0x18e7,0xf81f,0xf81f,
  },
  { /* diagnostics */
    0xf81f,0x10c6,0x18e7,0x394a,0x496b,0x416a,0x416a,0x416a,0x416a,0x416a,0x416a,0x416a,0x416a,0x416a,0x416a,0x416a,
    0x416a,0x416a,0x416a,0x496b,0x3949,0x18e6,0xf81f,0xf81f,0x10c6,0x2108,0x414a,0x2908,0x10e6,0x10c6,0x10c6,0x10c6,
    0x10c6,0x10c6,0x10c6,0x10c6,0x10c6,0x10c6,0x10c6,0x10c6,0x10c6,0x10c6,0x10c6,0x10e6,0x2908,0x414a,0x18e7,0xf81f,
    0x18e7,0x414a,0x18e7,0x10c6,0x10c6,0x10c6,0x10c6,0x10c6,0x10c6,0x10c6,0x10c6,0x10e6,0x10e6,0x10c6,0x10c6,0x10c6,
    0x10c6,0x10c6,0x10c6,0x10c6,0x10c6,0x2107,0x414a,0x18e6,0x394a,0x2908,0x10c6,0x10c6,0x10c6,0x10c6,0x10c6,0x10e6,
    0x2987,0x5ae9,0x7c0a,0x8c6b,0x8c6b,0x7c0a,0x5ae9,0x2987,0x10e6,0x10c6,0x10c6,0x10c6,0x10c6,0x10c6,0x3128,0x3129,
    0x496b,0x10e6,0x10c6,0x10c6,0x10c6,0x10c6,0x2146,0x6b69,0x9cec,0x844b,0x6329,0x52a8,0x52a8,0x6329,0x844b,0x9cec,
    0x6b6a,0x2146,0x10c6,0x10c6,0x10c6,0x10c6,0x18e6,0x496b,0x416a,0x10c6,0x10c6,0x10c6,0x10c6,0x2987,0x8c6b,0x8c4b,
    0x3a07,0x1906,0x10c6,0x52a8,0x52a8,0x10c6,0x1906,0x3a07,0x8c4b,0x8c6b,0x2987,0x10c6,0x10c6,0x10c6,0x10c6,0x416a,
    0x416a,0x10c6,0x10c6,0x10c6,0x2146,0x8c6b,0x73aa,0x1926,0x10c6,0x10c6,0x10c6,0x6b8a,0x6b8a,0x10c6,0x10c6,0x10c6,
    0x1926,0x73ca,0x8c6b,0x2146,0x10c6,0x10c6,0x10c6,0x416a,0x416a,0x10c6,0x10c6,0x10e6,0x6b6a,0x844b,0x1926,0x10c6,
    0x10c6,0x10c6,0x10c6,0x5ae9,0x5ae9,0x10c6,0x10c6,0x10e6,0x52c9,0x3a28,0x8c4b,0x6b6a,0x10e6,0x10c6,0x10c6,0x416a,
    0x416a,0x10c6,0x10c6,0x29a7,0x9d0c,0x39e7,0x10c6,0x10c6,0x10c6,0x10c6,0x10c6,0x1906,0x1906,0x10c6,0x10e6,0x52e9,
    0x9cec,0x29a7,0x3a07,0x9cec,0x2987,0x10c6,0x10c6,0x416a,0x416a,0x10c6,0x10c6,0x5b09,0x844b,0x1906,0x10c6,0x10c6,
    0x10c6,0x10c6,0x10c6,0x10c6,0x10c6,0x10c6,0x4a68,0x9d0c,0x4228,0x10c6,0x1906,0x844b,0x5ae9,0x10c6,0x10c6,0x416a,
    0x416a,0x10c6,0x10c6,0x7c0a,0x5b29,0x10c6,0x10c6,0x10c6,0x10c6,0x10c6,0x10c6,0x10c6,0x10c6,0x3a07,0x9cec,0x4aa8,
    0x10e6,0x10c6,0x10c6,0x6329,0x7c0a,0x10c6,0x10c6,0x416a,0x416a,0x10c6,0x10e6,0x8c8b,0x4a88,0x2987,0x31e7,0x29a7,
    0x10e6,0x10c6,0x10e6,0x2167,0x3a08,0x9ccc,0x6329,0x1906,0x29a7,0x31e7,0x2987,0x4a88,0x8c6b,0x10e6,0x10c6,0x416a,
    0x416a,0x10c6,0x10e6,0x8c6b,0x52a8,0x73aa,0x9ccc,0x7c0a,0x1926,0x10c6,0x4268,0xad4c,0xc60d,0x842b,0x1906,0x1926,
    0x7c0a,0x9ccc,0x73aa,0x52a8,0x8c6b,0x10e6,0x10c6,0x416a,0x416a,0x10c6,0x10c6,0x840a,0x5b29,0x1906,0x1926,0x1906,
    0x10c6,0x10c6,0x73ca,0xad8c,0xc60d,0x73ca,0x10c6,0x10c6,0x1906,0x1926,0x1906,0x6329,0x7c0a,0x10c6,0x10c6,0x416a,
    0x416a,0x10c6,0x10c6,0x5b09,0x844b,0x18e6,0x10c6,0x10c6,0x10c6,0x10c6,0x4268,0xa52c,0xa52c,0x4268,0x10c6,0x10c6,
    0x10c6,0x10c6,0x1906,0x844b,0x5b09,0x10c6,0x10c6,0x416a,0x416a,0x10c6,0x10c6,0x29a7,0x9d0c,0x39e7,0x10c6,0x10c6,
    0x10c6,0x10c6,0x10e6,0x2167,0x2167,0x10e6,0x10c6,0x10c6,0x10c6,0x10c6,0x39e7,0x9cec,0x29a7,0x10c6,0x10c6,0x416a,
    0x416a,0x10c6,0x10c6,0x10e6,0x6b8a,0x844b,0x1906,0x10c6,0x10c6,0x10c6,0x10c6,0x10c6,0x10c6,0x10c6,0x10c6,0x10c6,
    0x10c6,0x1906,0x844b,0x6b8a,0x10e6,0x10c6,0x10c6,0x416a,0x416a,0x10c6,0x10c6,0x10c6,0x2146,0x6b8a,0x2146,0x10c6,
    0x10c6,0x10c6,0x10c6,0x10c6,0x10c6,0x10c6,0x10c6,0x10c6,0x10c6,0x2146,0x6b8a,0x2146,0x10c6,0x10c6,0x10c6,0x416a,
    0x416a,0x10c6,0x10c6,0x10c6,0x10c6,0x10e6,0x10c6,0x10c6,0x10c6,0x10c6,0x10c6,0x10c6,0x10c6,0x10c6,0x10c6,0x10c6,
    0x10c6,0x10c6,0x10e6,0x10c6,0x10c6,0x10c6,0x10c6,0x416a,0x496b,0x18e6,0x10c6,0x10c6,0x10c6,0x10c6,0x10c6,0x10c6,
    0x10c6,0x10c6,0x10c6,0x10c6,0x10c6,0x10c6,0x10c6,0x10c6,0x10c6,0x10c6,0x10c6,0x10c6,0x10c6,0x10c6,0x10e6,0x496b,
    0x3129,0x2928,0x10c6,0x10c6,0x10c6,0x10c6,0x10c6,0x10c6,0x10c6,0x10c6,0x10c6,0x10c6,0x10c6,0x10c6,0x10c6,0x10c6,
    0x10c6,0x10c6,0x10c6,0x10c6,0x10c6,0x10c6,0x2908,0x394a,0x18e6,0x414a,0x2107,0x10c6,0x10c6,0x10c6,0x10c6,0x10c6,
    0x10c6,0x10c6,0x10c6,0x10c6,0x10c6,0x10c6,0x10c6,0x10c6,0x10c6,0x10c6,0x10c6,0x10c6,0x10c6,0x18e7,0x416a,0x18e7,
    0xf81f,0x18e7,0x414a,0x2908,0x18e6,0x10c6,0x10c6,0x10c6,0x10c6,0x10c6,0x10c6,0x10c6,0x10c6,0x10c6,0x10c6,0x10c6,
    0x10c6,0x10c6,0x10c6,0x10e6,0x2908,0x416a,0x2107,0x10c6,0xf81f,0xf81f,0x18e6,0x3929,0x496b,0x416a,0x414a,0x414a,
    0x414a,0x414a,0x414a,0x414a,0x414a,0x414a,0x414a,0x414a,0x414a,0x414a,0x416a,0x496b,0x3949,0x18e7,0xf81f,0xf81f,
  },
};

#endif
